method_id,depth,dag_count
hashimoto,1,645
hashimoto,2,232
hashimoto,3,58
hashimoto,4,17
hashimoto,5,6
hashimoto,6,5
hashimoto,7,4
hashimoto,8,3
hashimoto,9,1
hashimoto,10,1
hashimoto,11,0
hashimoto,12,0
hashimoto,13,1
hashimoto,14,0
hashimoto,15,0
hashimoto,16,1
hashimoto,17,0
hashimoto,18,0
llmrei-long,1,1010
llmrei-long,2,295
llmrei-long,3,81
llmrei-long,4,25
llmrei-long,5,7
llmrei-long,6,8
llmrei-long,7,2
llmrei-long,8,2
llmrei-long,9,2
llmrei-long,10,2
llmrei-long,11,0
llmrei-long,12,0
llmrei-long,13,0
llmrei-long,14,0
llmrei-long,15,0
llmrei-long,16,0
llmrei-long,17,0
llmrei-long,18,0
sparkme,1,2087
sparkme,2,1216
sparkme,3,369
sparkme,4,120
sparkme,5,59
sparkme,6,33
sparkme,7,22
sparkme,8,10
sparkme,9,8
sparkme,10,5
sparkme,11,0
sparkme,12,3
sparkme,13,0
sparkme,14,2
sparkme,15,0
sparkme,16,1
sparkme,17,0
sparkme,18,0
proposed_method,1,2441
proposed_method,2,1293
proposed_method,3,526
proposed_method,4,184
proposed_method,5,97
proposed_method,6,51
proposed_method,7,37
proposed_method,8,22
proposed_method,9,17
proposed_method,10,4
proposed_method,11,6
proposed_method,12,5
proposed_method,13,5
proposed_method,14,2
proposed_method,15,0
proposed_method,16,0
proposed_method,17,0
proposed_method,18,1
