case_id,method_id,transcript_id,response_count,interviewee_token_count,riu_per_response,riu_per_1000_tokens,breadth_per_10_responses
PURE_001,hashimoto,PURE_001::hashimoto,7,1001,8.7143,60.9391,35.7143
PURE_001,llmrei-long,PURE_001::llmrei-long,48,3294,3.4375,50.0911,11.875
PURE_001,proposed_method,PURE_001::proposed_method,72,6573,3.4167,37.4258,11.25
PURE_001,sparkme,PURE_001::sparkme,31,3943,8.4516,66.4469,26.129
PURE_002,hashimoto,PURE_002::hashimoto,11,1133,5.5455,53.8394,26.3636
PURE_002,llmrei-long,PURE_002::llmrei-long,16,973,3.375,55.4985,14.375
PURE_002,proposed_method,PURE_002::proposed_method,47,4047,5.3404,62.0213,17.0213
PURE_002,sparkme,PURE_002::sparkme,51,4615,3.8431,42.4702,14.1176
PURE_003,hashimoto,PURE_003::hashimoto,6,623,9.6667,93.0979,40.0
PURE_003,llmrei-long,PURE_003::llmrei-long,20,1498,4.4,58.745,18.5
PURE_003,proposed_method,PURE_003::proposed_method,68,5889,4.25,49.0745,13.5294
PURE_003,sparkme,PURE_003::sparkme,35,3014,4.4,51.0949,19.4286
PURE_004,hashimoto,PURE_004::hashimoto,3,346,6.3333,54.9133,36.6667
PURE_004,llmrei-long,PURE_004::llmrei-long,21,1287,1.8095,29.526,9.5238
PURE_004,proposed_method,PURE_004::proposed_method,27,2052,2.7778,36.5497,12.963
PURE_004,sparkme,PURE_004::sparkme,36,3003,2.6389,31.635,10.8333
PURE_005,hashimoto,PURE_005::hashimoto,1,150,9.0,60.0,50.0
PURE_005,llmrei-long,PURE_005::llmrei-long,16,1017,2.75,43.2645,15.625
PURE_005,proposed_method,PURE_005::proposed_method,55,5988,4.8182,44.2552,13.0909
PURE_005,sparkme,PURE_005::sparkme,49,4391,4.2857,47.8251,14.2857
PURE_006,hashimoto,PURE_006::hashimoto,7,814,9.8571,84.7666,27.1429
PURE_006,llmrei-long,PURE_006::llmrei-long,9,613,3.4444,50.571,22.2222
PURE_006,proposed_method,PURE_006::proposed_method,45,3982,5.3333,60.2712,16.4444
PURE_006,sparkme,PURE_006::sparkme,38,3445,4.1053,45.283,14.7368
PURE_007,hashimoto,PURE_007::hashimoto,5,575,8.0,69.5652,38.0
PURE_007,llmrei-long,PURE_007::llmrei-long,10,562,1.3,23.1317,9.0
PURE_007,proposed_method,PURE_007::proposed_method,41,3365,3.8537,46.9539,14.6341
PURE_007,sparkme,PURE_007::sparkme,36,3235,3.3333,37.0943,14.7222
PURE_008,hashimoto,PURE_008::hashimoto,13,1297,5.0,50.1157,21.5385
PURE_008,llmrei-long,PURE_008::llmrei-long,11,641,1.6364,28.0811,8.1818
PURE_008,proposed_method,PURE_008::proposed_method,52,4654,3.3462,37.3872,12.3077
PURE_008,sparkme,PURE_008::sparkme,49,4638,3.6531,38.5942,11.8367
PURE_009,hashimoto,PURE_009::hashimoto,4,451,7.25,64.3016,27.5
PURE_009,llmrei-long,PURE_009::llmrei-long,6,392,2.1667,33.1633,13.3333
PURE_009,proposed_method,PURE_009::proposed_method,42,3883,3.6667,39.6601,13.0952
PURE_009,sparkme,PURE_009::sparkme,35,3398,3.6857,37.9635,12.8571
PURE_010,hashimoto,PURE_010::hashimoto,3,277,3.6667,39.7112,20.0
PURE_010,llmrei-long,PURE_010::llmrei-long,19,1251,2.1579,32.7738,7.8947
PURE_010,proposed_method,PURE_010::proposed_method,50,4001,3.56,44.4889,10.2
PURE_010,sparkme,PURE_010::sparkme,34,3010,3.7353,42.1927,10.8824
PURE_011,hashimoto,PURE_011::hashimoto,10,1210,5.0,41.3223,23.0
PURE_011,llmrei-long,PURE_011::llmrei-long,15,1071,2.4667,34.5472,8.6667
PURE_011,proposed_method,PURE_011::proposed_method,39,3475,2.9744,33.3813,14.8718
PURE_011,sparkme,PURE_011::sparkme,38,3722,3.3684,34.3901,12.1053
PURE_012,hashimoto,PURE_012::hashimoto,1,189,12.0,63.4921,60.0
PURE_012,llmrei-long,PURE_012::llmrei-long,13,910,2.7692,39.5604,8.4615
PURE_012,proposed_method,PURE_012::proposed_method,48,5261,4.375,39.9164,11.6667
PURE_012,sparkme,PURE_012::sparkme,38,3577,4.2895,45.5689,15.0
PURE_013,hashimoto,PURE_013::hashimoto,6,589,4.3333,44.1426,26.6667
PURE_013,llmrei-long,PURE_013::llmrei-long,16,1162,4.625,63.6833,14.375
PURE_013,proposed_method,PURE_013::proposed_method,37,3034,4.0811,49.7693,14.0541
PURE_013,sparkme,PURE_013::sparkme,35,3067,3.0,34.2354,12.8571
PURE_014,hashimoto,PURE_014::hashimoto,11,1469,9.2727,69.435,28.1818
PURE_014,llmrei-long,PURE_014::llmrei-long,15,830,2.8,50.6024,14.6667
PURE_014,proposed_method,PURE_014::proposed_method,53,4705,3.1698,35.7067,12.2642
PURE_014,sparkme,PURE_014::sparkme,42,3640,4.3095,49.7253,13.3333
PURE_015,hashimoto,PURE_015::hashimoto,3,374,10.6667,85.5615,63.3333
PURE_015,llmrei-long,PURE_015::llmrei-long,17,1146,2.8824,42.7574,17.0588
PURE_015,proposed_method,PURE_015::proposed_method,65,6860,4.6154,43.7318,14.6154
PURE_015,sparkme,PURE_015::sparkme,35,3320,6.5429,68.9759,21.7143
PURE_016,hashimoto,PURE_016::hashimoto,6,1005,4.0,23.8806,31.6667
PURE_016,llmrei-long,PURE_016::llmrei-long,10,694,2.9,41.7867,16.0
PURE_016,proposed_method,PURE_016::proposed_method,56,6422,4.2679,37.2158,14.8214
PURE_016,sparkme,PURE_016::sparkme,37,3323,4.7027,52.3623,16.7568
PURE_017,hashimoto,PURE_017::hashimoto,5,672,6.0,44.6429,28.0
PURE_017,llmrei-long,PURE_017::llmrei-long,11,772,3.4545,49.2228,14.5455
PURE_017,proposed_method,PURE_017::proposed_method,53,5968,3.283,29.1555,11.1321
PURE_017,sparkme,PURE_017::sparkme,44,4028,3.9318,42.9494,12.9545
PURE_018,hashimoto,PURE_018::hashimoto,8,1055,9.375,71.09,32.5
PURE_018,llmrei-long,PURE_018::llmrei-long,8,541,5.625,83.1793,28.75
PURE_018,proposed_method,PURE_018::proposed_method,69,6293,4.2319,46.4008,13.0435
PURE_018,sparkme,PURE_018::sparkme,26,3205,4.5,36.5055,16.5385
PURE_019,hashimoto,PURE_019::hashimoto,2,176,11.0,125.0,30.0
PURE_019,llmrei-long,PURE_019::llmrei-long,16,1061,1.3125,19.7926,10.0
PURE_019,proposed_method,PURE_019::proposed_method,55,4704,2.8,32.7381,11.2727
PURE_019,sparkme,PURE_019::sparkme,38,3644,4.1579,43.3589,16.0526
PURE_020,hashimoto,PURE_020::hashimoto,1,128,18.0,140.625,70.0
PURE_020,llmrei-long,PURE_020::llmrei-long,20,1430,1.35,18.8811,7.5
PURE_020,proposed_method,PURE_020::proposed_method,39,3554,3.8205,41.9246,14.8718
PURE_020,sparkme,PURE_020::sparkme,29,2741,5.5172,58.3729,17.931
PURE_021,hashimoto,PURE_021::hashimoto,7,667,6.1429,64.4678,22.8571
PURE_021,llmrei-long,PURE_021::llmrei-long,8,479,1.25,20.8768,11.25
PURE_021,proposed_method,PURE_021::proposed_method,31,2589,2.9355,35.1487,10.3226
PURE_021,sparkme,PURE_021::sparkme,32,2995,2.75,29.3823,11.875
PURE_022,hashimoto,PURE_022::hashimoto,5,566,10.2,90.106,34.0
PURE_022,llmrei-long,PURE_022::llmrei-long,20,1258,2.9,46.1049,12.5
PURE_022,proposed_method,PURE_022::proposed_method,42,3242,2.5,32.3874,12.381
PURE_022,sparkme,PURE_022::sparkme,41,3638,3.5366,39.8571,13.4146
PURE_023,hashimoto,PURE_023::hashimoto,5,655,6.8,51.9084,28.0
PURE_023,llmrei-long,PURE_023::llmrei-long,15,1127,4.7333,62.9991,16.0
PURE_023,proposed_method,PURE_023::proposed_method,73,7305,4.6438,46.4066,13.5616
PURE_023,sparkme,PURE_023::sparkme,46,3988,4.4565,51.4042,14.3478
PURE_024,hashimoto,PURE_024::hashimoto,1,132,15.0,113.6364,110.0
PURE_024,llmrei-long,PURE_024::llmrei-long,19,1418,2.8421,38.0818,10.5263
PURE_024,proposed_method,PURE_024::proposed_method,46,3984,5.413,62.5,19.5652
PURE_024,sparkme,PURE_024::sparkme,38,3472,4.3684,47.8111,18.1579
PURE_025,hashimoto,PURE_025::hashimoto,2,156,6.5,83.3333,30.0
PURE_025,llmrei-long,PURE_025::llmrei-long,17,965,3.8235,67.3575,12.3529
PURE_025,proposed_method,PURE_025::proposed_method,48,4098,2.3958,28.0625,11.4583
PURE_025,sparkme,PURE_025::sparkme,41,3618,4.0,45.3289,14.878
PURE_026,hashimoto,PURE_026::hashimoto,1,141,14.0,99.2908,50.0
PURE_026,llmrei-long,PURE_026::llmrei-long,21,1521,2.6667,36.8179,11.4286
PURE_026,proposed_method,PURE_026::proposed_method,58,6321,3.0,27.5273,12.4138
PURE_026,sparkme,PURE_026::sparkme,41,3558,4.7073,54.244,17.0732
PURE_027,hashimoto,PURE_027::hashimoto,1,110,12.0,109.0909,60.0
PURE_027,llmrei-long,PURE_027::llmrei-long,10,792,5.4,68.1818,26.0
PURE_027,proposed_method,PURE_027::proposed_method,57,6569,3.9474,34.2518,14.9123
PURE_027,sparkme,PURE_027::sparkme,35,3297,5.1429,54.5951,13.4286
PURE_028,hashimoto,PURE_028::hashimoto,1,125,11.0,88.0,40.0
PURE_028,llmrei-long,PURE_028::llmrei-long,11,770,1.5455,22.0779,8.1818
PURE_028,proposed_method,PURE_028::proposed_method,50,4124,3.52,42.677,13.0
PURE_028,sparkme,PURE_028::sparkme,45,3928,3.0444,34.8778,8.4444
PURE_029,hashimoto,PURE_029::hashimoto,6,788,6.5,49.4924,30.0
PURE_029,llmrei-long,PURE_029::llmrei-long,15,1075,2.0667,28.8372,15.3333
PURE_029,proposed_method,PURE_029::proposed_method,26,2132,6.2692,76.454,17.6923
PURE_029,sparkme,PURE_029::sparkme,38,3609,3.1053,32.696,13.1579
PURE_030,hashimoto,PURE_030::hashimoto,4,386,6.5,67.3575,30.0
PURE_030,llmrei-long,PURE_030::llmrei-long,17,1011,1.7647,29.6736,9.4118
PURE_030,proposed_method,PURE_030::proposed_method,50,3043,2.02,33.1909,10.8
PURE_030,sparkme,PURE_030::sparkme,38,3520,3.3158,35.7955,14.2105
PURE_031,hashimoto,PURE_031::hashimoto,5,651,4.6,35.3303,34.0
PURE_031,llmrei-long,PURE_031::llmrei-long,20,1699,3.85,45.3208,14.5
PURE_031,proposed_method,PURE_031::proposed_method,48,4625,3.6875,38.2703,14.1667
PURE_031,sparkme,PURE_031::sparkme,29,2945,6.7241,66.2139,12.7586
PURE_032,hashimoto,PURE_032::hashimoto,5,520,6.6,63.4615,38.0
PURE_032,llmrei-long,PURE_032::llmrei-long,10,616,3.0,48.7013,19.0
PURE_032,proposed_method,PURE_032::proposed_method,46,3734,4.0217,49.5447,14.1304
PURE_032,sparkme,PURE_032::sparkme,43,4060,3.093,32.7586,16.5116
PURE_033,hashimoto,PURE_033::hashimoto,3,546,8.0,43.956,23.3333
PURE_033,llmrei-long,PURE_033::llmrei-long,15,938,2.3333,37.3134,12.0
PURE_033,proposed_method,PURE_033::proposed_method,33,3644,3.9697,35.9495,16.0606
PURE_033,sparkme,PURE_033::sparkme,26,2353,3.8462,42.4989,15.0
PURE_034,hashimoto,PURE_034::hashimoto,1,145,21.0,144.8276,60.0
PURE_034,llmrei-long,PURE_034::llmrei-long,26,1758,3.1923,47.2127,10.7692
PURE_034,proposed_method,PURE_034::proposed_method,52,5174,4.2885,43.1001,13.4615
PURE_034,sparkme,PURE_034::sparkme,26,2419,5.4231,58.2885,18.4615
PURE_035,hashimoto,PURE_035::hashimoto,8,871,5.875,53.961,18.75
PURE_035,llmrei-long,PURE_035::llmrei-long,12,763,1.6667,26.2123,7.5
PURE_035,proposed_method,PURE_035::proposed_method,47,4279,5.0213,55.1531,12.766
PURE_035,sparkme,PURE_035::sparkme,41,4164,4.0732,40.1057,13.4146
PURE_036,hashimoto,PURE_036::hashimoto,3,383,8.0,62.6632,40.0
PURE_036,llmrei-long,PURE_036::llmrei-long,19,1335,1.5263,21.7228,10.0
PURE_036,proposed_method,PURE_036::proposed_method,47,5200,3.1064,28.0769,11.0638
PURE_036,sparkme,PURE_036::sparkme,37,3722,3.0541,30.36,14.5946
PURE_037,hashimoto,PURE_037::hashimoto,2,288,7.0,48.6111,35.0
PURE_037,llmrei-long,PURE_037::llmrei-long,8,501,4.0,63.8723,15.0
PURE_037,proposed_method,PURE_037::proposed_method,57,5233,3.4035,37.0724,12.2807
PURE_037,sparkme,PURE_037::sparkme,32,2996,3.875,41.3885,15.9375
PURE_038,hashimoto,PURE_038::hashimoto,1,134,6.0,44.7761,50.0
PURE_038,llmrei-long,PURE_038::llmrei-long,11,694,4.0909,64.8415,17.2727
PURE_038,proposed_method,PURE_038::proposed_method,43,4037,4.3023,45.8261,14.4186
PURE_038,sparkme,PURE_038::sparkme,37,3269,2.6216,29.6727,10.2703
PURE_039,hashimoto,PURE_039::hashimoto,6,820,4.1667,30.4878,25.0
PURE_039,llmrei-long,PURE_039::llmrei-long,7,410,2.0,34.1463,14.2857
PURE_039,proposed_method,PURE_039::proposed_method,66,5590,2.803,33.0948,11.5152
PURE_039,sparkme,PURE_039::sparkme,28,2681,2.5357,26.4827,12.8571
PURE_040,hashimoto,PURE_040::hashimoto,5,635,3.4,26.7717,14.0
PURE_040,llmrei-long,PURE_040::llmrei-long,14,842,1.8571,30.8789,12.1429
PURE_040,proposed_method,PURE_040::proposed_method,48,4240,3.5833,40.566,13.75
PURE_040,sparkme,PURE_040::sparkme,37,4335,3.8919,33.218,14.3243
PURE_041,hashimoto,PURE_041::hashimoto,5,618,10.6,85.7605,48.0
PURE_041,llmrei-long,PURE_041::llmrei-long,15,1031,4.9333,71.775,17.3333
PURE_041,proposed_method,PURE_041::proposed_method,72,8168,4.5972,40.524,14.0278
PURE_041,sparkme,PURE_041::sparkme,55,5376,3.9091,39.9926,12.3636
PURE_042,hashimoto,PURE_042::hashimoto,9,983,9.6667,88.5046,26.6667
PURE_042,llmrei-long,PURE_042::llmrei-long,23,1611,2.3478,33.5196,9.5652
PURE_042,proposed_method,PURE_042::proposed_method,59,7001,3.6949,31.1384,10.678
PURE_042,sparkme,PURE_042::sparkme,45,4521,2.3556,23.4461,9.3333
PURE_043,hashimoto,PURE_043::hashimoto,1,128,11.0,85.9375,40.0
PURE_043,llmrei-long,PURE_043::llmrei-long,11,793,2.9091,40.3531,14.5455
PURE_043,proposed_method,PURE_043::proposed_method,48,6048,4.1667,33.0688,15.4167
PURE_043,sparkme,PURE_043::sparkme,42,4244,4.9762,49.246,12.8571
PURE_044,hashimoto,PURE_044::hashimoto,7,755,3.2857,30.4636,20.0
PURE_044,llmrei-long,PURE_044::llmrei-long,19,1562,4.8421,58.8988,21.0526
PURE_044,proposed_method,PURE_044::proposed_method,60,6083,4.0833,40.2762,16.3333
PURE_044,sparkme,PURE_044::sparkme,47,4681,4.6809,46.9985,19.7872
PURE_045,hashimoto,PURE_045::hashimoto,9,903,4.3333,43.1894,26.6667
PURE_045,llmrei-long,PURE_045::llmrei-long,15,1149,5.2,67.8851,20.6667
PURE_045,proposed_method,PURE_045::proposed_method,43,4213,2.6977,27.5338,13.0233
PURE_045,sparkme,PURE_045::sparkme,44,4459,3.5682,35.2097,11.5909
PURE_046,hashimoto,PURE_046::hashimoto,4,391,4.25,43.4783,25.0
PURE_046,llmrei-long,PURE_046::llmrei-long,19,1145,2.6842,44.5415,13.1579
PURE_046,proposed_method,PURE_046::proposed_method,29,2418,3.2759,39.2887,13.4483
PURE_046,sparkme,PURE_046::sparkme,38,3250,3.0263,35.3846,11.3158
PURE_047,hashimoto,PURE_047::hashimoto,1,156,10.0,64.1026,60.0
PURE_047,llmrei-long,PURE_047::llmrei-long,12,936,2.0833,26.7094,12.5
PURE_047,proposed_method,PURE_047::proposed_method,53,5990,4.2075,37.2287,11.3208
PURE_047,sparkme,PURE_047::sparkme,43,4230,4.093,41.6076,13.0233
PURE_048,hashimoto,PURE_048::hashimoto,14,1313,4.0714,43.412,17.1429
PURE_048,llmrei-long,PURE_048::llmrei-long,18,1303,2.7778,38.373,14.4444
PURE_048,proposed_method,PURE_048::proposed_method,41,3512,4.0732,47.5513,14.6341
PURE_048,sparkme,PURE_048::sparkme,34,2947,3.5,40.38,14.1176
PURE_049,hashimoto,PURE_049::hashimoto,1,125,9.0,72.0,60.0
PURE_049,llmrei-long,PURE_049::llmrei-long,16,1152,1.875,26.0417,11.25
PURE_049,proposed_method,PURE_049::proposed_method,47,3847,3.9149,47.8295,14.2553
PURE_049,sparkme,PURE_049::sparkme,40,3739,5.0,53.4902,17.5
PURE_050,hashimoto,PURE_050::hashimoto,1,190,12.0,63.1579,50.0
PURE_050,llmrei-long,PURE_050::llmrei-long,15,1150,2.4667,32.1739,11.3333
PURE_050,proposed_method,PURE_050::proposed_method,38,4114,4.0789,37.6762,14.4737
PURE_050,sparkme,PURE_050::sparkme,49,4401,2.8776,32.0382,12.449
PURE_051,hashimoto,PURE_051::hashimoto,1,178,22.0,123.5955,50.0
PURE_051,llmrei-long,PURE_051::llmrei-long,18,1223,2.8889,42.5184,12.2222
PURE_051,proposed_method,PURE_051::proposed_method,35,3366,4.8571,50.5051,16.2857
PURE_051,sparkme,PURE_051::sparkme,26,2481,6.6923,70.133,21.1538
PURE_052,hashimoto,PURE_052::hashimoto,5,671,8.8,65.5738,30.0
PURE_052,llmrei-long,PURE_052::llmrei-long,21,1364,2.0,30.7918,7.1429
PURE_052,proposed_method,PURE_052::proposed_method,60,6164,3.7,36.0156,13.1667
PURE_052,sparkme,PURE_052::sparkme,54,4884,3.1296,34.6028,15.0
PURE_053,hashimoto,PURE_053::hashimoto,3,405,10.3333,76.5432,53.3333
PURE_053,llmrei-long,PURE_053::llmrei-long,21,1424,2.2857,33.7079,14.2857
PURE_053,proposed_method,PURE_053::proposed_method,47,5451,4.9362,42.561,17.0213
PURE_053,sparkme,PURE_053::sparkme,44,3901,4.5227,51.0126,16.8182
PURE_054,hashimoto,PURE_054::hashimoto,4,538,11.0,81.7844,40.0
PURE_054,llmrei-long,PURE_054::llmrei-long,16,1165,4.8125,66.0944,18.125
PURE_054,proposed_method,PURE_054::proposed_method,68,7779,2.6176,22.8821,11.1765
PURE_054,sparkme,PURE_054::sparkme,23,2095,4.1304,45.3461,20.0
PURE_055,hashimoto,PURE_055::hashimoto,6,638,10.5,98.7461,31.6667
PURE_055,llmrei-long,PURE_055::llmrei-long,10,674,4.8,71.2166,19.0
PURE_055,proposed_method,PURE_055::proposed_method,48,5212,5.5625,51.2279,17.5
PURE_055,sparkme,PURE_055::sparkme,46,5219,7.3478,64.7634,17.8261
PURE_056,hashimoto,PURE_056::hashimoto,4,608,9.75,64.1447,47.5
PURE_056,llmrei-long,PURE_056::llmrei-long,13,736,4.5385,80.163,16.1538
PURE_056,proposed_method,PURE_056::proposed_method,57,4849,4.0175,47.2262,13.3333
PURE_056,sparkme,PURE_056::sparkme,35,3292,4.3143,45.8688,14.5714
PURE_057,hashimoto,PURE_057::hashimoto,7,890,7.2857,57.3034,21.4286
PURE_057,llmrei-long,PURE_057::llmrei-long,11,655,1.8182,30.5344,10.0
PURE_057,proposed_method,PURE_057::proposed_method,50,4959,4.04,40.734,16.4
PURE_057,sparkme,PURE_057::sparkme,43,3782,5.2093,59.2279,17.907
PURE_058,hashimoto,PURE_058::hashimoto,6,876,3.6667,25.1142,23.3333
PURE_058,llmrei-long,PURE_058::llmrei-long,18,1225,4.0,58.7755,16.6667
PURE_058,proposed_method,PURE_058::proposed_method,46,4401,5.3043,55.4419,16.3043
PURE_058,sparkme,PURE_058::sparkme,38,3705,2.8947,29.6896,13.6842
PURE_059,hashimoto,PURE_059::hashimoto,3,285,3.3333,35.0877,20.0
PURE_059,llmrei-long,PURE_059::llmrei-long,9,600,3.2222,48.3333,13.3333
PURE_059,proposed_method,PURE_059::proposed_method,31,3682,3.2581,27.4307,9.3548
PURE_059,sparkme,PURE_059::sparkme,23,2249,3.1304,32.0142,13.913
PURE_060,hashimoto,PURE_060::hashimoto,5,633,3.8,30.0158,20.0
PURE_060,llmrei-long,PURE_060::llmrei-long,7,407,1.8571,31.941,14.2857
PURE_060,proposed_method,PURE_060::proposed_method,35,3412,4.0571,41.6178,14.0
PURE_060,sparkme,PURE_060::sparkme,32,3388,3.1562,29.8111,11.875
PURE_061,hashimoto,PURE_061::hashimoto,2,275,8.0,58.1818,40.0
PURE_061,llmrei-long,PURE_061::llmrei-long,14,788,1.9286,34.264,9.2857
PURE_061,proposed_method,PURE_061::proposed_method,49,5363,4.2653,38.9707,15.7143
PURE_061,sparkme,PURE_061::sparkme,38,4926,4.9474,38.1648,18.6842
PURE_062,hashimoto,PURE_062::hashimoto,5,708,5.8,40.9605,38.0
PURE_062,llmrei-long,PURE_062::llmrei-long,23,1620,4.087,58.0247,13.4783
PURE_062,proposed_method,PURE_062::proposed_method,46,5015,4.1739,38.2851,13.913
PURE_062,sparkme,PURE_062::sparkme,38,3334,4.9474,56.3887,17.8947
PURE_063,hashimoto,PURE_063::hashimoto,4,588,7.5,51.0204,40.0
PURE_063,llmrei-long,PURE_063::llmrei-long,18,1287,3.0556,42.735,11.1111
PURE_063,proposed_method,PURE_063::proposed_method,61,6063,4.3443,43.7077,12.623
PURE_063,sparkme,PURE_063::sparkme,55,5678,5.0182,48.6087,13.8182
PURE_064,hashimoto,PURE_064::hashimoto,8,975,7.75,63.5897,23.75
PURE_064,llmrei-long,PURE_064::llmrei-long,15,860,3.4667,60.4651,10.6667
PURE_064,proposed_method,PURE_064::proposed_method,40,4730,5.2,43.9746,16.0
PURE_064,sparkme,PURE_064::sparkme,41,3671,3.7805,42.2228,12.9268
PURE_065,hashimoto,PURE_065::hashimoto,3,389,4.6667,35.9897,30.0
PURE_065,llmrei-long,PURE_065::llmrei-long,22,1924,3.8182,43.659,15.9091
PURE_065,proposed_method,PURE_065::proposed_method,63,5857,3.2381,34.8301,14.127
PURE_065,sparkme,PURE_065::sparkme,38,3828,4.9737,49.373,21.3158
PURE_066,hashimoto,PURE_066::hashimoto,5,733,5.2,35.4707,30.0
PURE_066,llmrei-long,PURE_066::llmrei-long,15,1087,3.4,46.9181,22.0
PURE_066,proposed_method,PURE_066::proposed_method,39,4607,5.4872,46.4511,19.2308
PURE_066,sparkme,PURE_066::sparkme,25,2451,6.08,62.0155,24.0
PURE_067,hashimoto,PURE_067::hashimoto,8,816,3.25,31.8627,17.5
PURE_067,llmrei-long,PURE_067::llmrei-long,14,980,1.7143,24.4898,10.0
PURE_067,proposed_method,PURE_067::proposed_method,39,3786,3.9231,40.412,12.3077
PURE_067,sparkme,PURE_067::sparkme,36,3294,4.0556,44.323,13.6111
PURE_068,hashimoto,PURE_068::hashimoto,8,747,7.375,78.9826,28.75
PURE_068,llmrei-long,PURE_068::llmrei-long,23,1721,3.6957,49.3899,18.2609
PURE_068,proposed_method,PURE_068::proposed_method,82,7524,4.6829,51.0367,15.122
PURE_068,sparkme,PURE_068::sparkme,35,3184,4.2571,46.7965,18.5714
PURE_069,hashimoto,PURE_069::hashimoto,4,578,4.75,32.872,30.0
PURE_069,llmrei-long,PURE_069::llmrei-long,6,326,4.3333,79.7546,18.3333
PURE_069,proposed_method,PURE_069::proposed_method,58,4956,4.0345,47.2155,13.6207
PURE_069,sparkme,PURE_069::sparkme,38,3489,5.7368,62.4821,19.4737
