metric,method_id,n,mean,std,median,q1,q3,min,max,ci_lower_95,ci_upper_95
yield,hashimoto,69,32.5942,20.782,26.0,17.0,44.0,6.0,102.0,27.8837,37.6087
yield,llmrei-long,69,46.6812,26.1261,42.0,29.0,56.0,10.0,165.0,40.8112,53.1453
yield,sparkme,69,159.058,48.6678,156.0,124.0,188.0,71.0,338.0,147.9996,170.696
yield,proposed_method,69,196.2174,61.2624,185.0,155.0,234.0,75.0,384.0,182.2895,210.4783
breadth,hashimoto,69,14.1159,7.1012,14.0,7.0,19.0,4.0,31.0,12.4634,15.8261
breadth,llmrei-long,69,20.7826,9.0649,20.0,15.0,25.0,8.0,57.0,18.7533,23.0145
breadth,sparkme,69,57.029,13.7926,55.0,47.0,68.0,32.0,93.0,53.8116,60.2754
breadth,proposed_method,69,67.9855,17.2051,65.0,56.0,79.0,29.0,124.0,63.9855,72.0293
depth_1_dag_count,hashimoto,69,9.3478,4.8167,9.0,5.0,12.0,1.0,20.0,8.2319,10.4783
depth_1_dag_count,llmrei-long,69,14.6377,6.056,14.0,10.0,18.0,6.0,35.0,13.246,16.0728
depth_1_dag_count,sparkme,69,30.2464,8.9515,30.0,24.0,36.0,13.0,53.0,28.1014,32.3772
depth_1_dag_count,proposed_method,69,35.3768,8.8353,35.0,30.0,41.0,12.0,62.0,33.3043,37.4203
depth_2_dag_count,hashimoto,69,3.3623,2.2943,3.0,2.0,4.0,0.0,10.0,2.8261,3.913
depth_2_dag_count,llmrei-long,69,4.2754,2.95,4.0,2.0,6.0,0.0,13.0,3.6087,4.9855
depth_2_dag_count,sparkme,69,17.6232,5.2218,17.0,14.0,21.0,9.0,33.0,16.4203,18.8696
depth_2_dag_count,proposed_method,69,18.7391,6.9845,17.0,13.0,24.0,5.0,36.0,17.1304,20.3913
depth_3_dag_count,hashimoto,69,0.8406,1.171,0.0,0.0,1.0,0.0,6.0,0.5797,1.1304
depth_3_dag_count,llmrei-long,69,1.1739,1.5239,1.0,0.0,1.0,0.0,7.0,0.8406,1.5507
depth_3_dag_count,sparkme,69,5.3478,2.6779,5.0,4.0,7.0,0.0,14.0,4.7391,5.9714
depth_3_dag_count,proposed_method,69,7.6232,3.4089,8.0,5.0,10.0,1.0,14.0,6.8261,8.4203
depth_4_dag_count,hashimoto,69,0.2464,0.4972,0.0,0.0,0.0,0.0,2.0,0.1304,0.3623
depth_4_dag_count,llmrei-long,69,0.3623,0.568,0.0,0.0,1.0,0.0,2.0,0.2319,0.4928
depth_4_dag_count,sparkme,69,1.7391,1.521,2.0,1.0,2.0,0.0,6.0,1.3913,2.087
depth_4_dag_count,proposed_method,69,2.6667,1.7035,2.0,2.0,3.0,0.0,8.0,2.2754,3.0725
depth_5_dag_count,hashimoto,69,0.087,0.2838,0.0,0.0,0.0,0.0,1.0,0.029,0.1594
depth_5_dag_count,llmrei-long,69,0.1014,0.3492,0.0,0.0,0.0,0.0,2.0,0.029,0.1884
depth_5_dag_count,sparkme,69,0.8551,1.004,1.0,0.0,1.0,0.0,5.0,0.6377,1.1014
depth_5_dag_count,proposed_method,69,1.4058,1.3209,1.0,1.0,2.0,0.0,6.0,1.1159,1.7246
depth_6_dag_count,hashimoto,69,0.0725,0.2612,0.0,0.0,0.0,0.0,1.0,0.0145,0.1449
depth_6_dag_count,llmrei-long,69,0.1159,0.3653,0.0,0.0,0.0,0.0,2.0,0.0435,0.2174
depth_6_dag_count,sparkme,69,0.4783,0.7594,0.0,0.0,1.0,0.0,3.0,0.3043,0.6667
depth_6_dag_count,proposed_method,69,0.7391,0.918,1.0,0.0,1.0,0.0,4.0,0.5362,0.9565
depth_7_dag_count,hashimoto,69,0.058,0.2354,0.0,0.0,0.0,0.0,1.0,0.0145,0.1159
depth_7_dag_count,llmrei-long,69,0.029,0.169,0.0,0.0,0.0,0.0,1.0,0.0,0.0725
depth_7_dag_count,sparkme,69,0.3188,0.6529,0.0,0.0,0.0,0.0,3.0,0.1739,0.4783
depth_7_dag_count,proposed_method,69,0.5362,0.7589,0.0,0.0,1.0,0.0,3.0,0.3623,0.7246
depth_8_dag_count,hashimoto,69,0.0435,0.2054,0.0,0.0,0.0,0.0,1.0,0.0,0.1014
depth_8_dag_count,llmrei-long,69,0.029,0.169,0.0,0.0,0.0,0.0,1.0,0.0,0.0725
depth_8_dag_count,sparkme,69,0.1449,0.3939,0.0,0.0,0.0,0.0,2.0,0.058,0.2464
depth_8_dag_count,proposed_method,69,0.3188,0.5814,0.0,0.0,1.0,0.0,3.0,0.1884,0.4638
depth_9_dag_count,hashimoto,69,0.0145,0.1204,0.0,0.0,0.0,0.0,1.0,0.0,0.0435
depth_9_dag_count,llmrei-long,69,0.029,0.169,0.0,0.0,0.0,0.0,1.0,0.0,0.0725
depth_9_dag_count,sparkme,69,0.1159,0.3225,0.0,0.0,0.0,0.0,1.0,0.0435,0.1884
depth_9_dag_count,proposed_method,69,0.2464,0.4341,0.0,0.0,0.0,0.0,1.0,0.1449,0.3478
depth_10_dag_count,hashimoto,69,0.0145,0.1204,0.0,0.0,0.0,0.0,1.0,0.0,0.0435
depth_10_dag_count,llmrei-long,69,0.029,0.169,0.0,0.0,0.0,0.0,1.0,0.0,0.0725
depth_10_dag_count,sparkme,69,0.0725,0.2612,0.0,0.0,0.0,0.0,1.0,0.0145,0.1449
depth_10_dag_count,proposed_method,69,0.058,0.2354,0.0,0.0,0.0,0.0,1.0,0.0145,0.1159
depth_11_dag_count,hashimoto,69,0.0,0.0,0.0,0.0,0.0,0.0,0.0,0.0,0.0
depth_11_dag_count,llmrei-long,69,0.0,0.0,0.0,0.0,0.0,0.0,0.0,0.0,0.0
depth_11_dag_count,sparkme,69,0.0,0.0,0.0,0.0,0.0,0.0,0.0,0.0,0.0
depth_11_dag_count,proposed_method,69,0.087,0.2838,0.0,0.0,0.0,0.0,1.0,0.029,0.1594
depth_12_dag_count,hashimoto,69,0.0,0.0,0.0,0.0,0.0,0.0,0.0,0.0,0.0
depth_12_dag_count,llmrei-long,69,0.0,0.0,0.0,0.0,0.0,0.0,0.0,0.0,0.0
depth_12_dag_count,sparkme,69,0.0435,0.2054,0.0,0.0,0.0,0.0,1.0,0.0,0.1014
depth_12_dag_count,proposed_method,69,0.0725,0.2612,0.0,0.0,0.0,0.0,1.0,0.0145,0.1449
depth_13_dag_count,hashimoto,69,0.0145,0.1204,0.0,0.0,0.0,0.0,1.0,0.0,0.0435
depth_13_dag_count,llmrei-long,69,0.0,0.0,0.0,0.0,0.0,0.0,0.0,0.0,0.0
depth_13_dag_count,sparkme,69,0.0,0.0,0.0,0.0,0.0,0.0,0.0,0.0,0.0
depth_13_dag_count,proposed_method,69,0.0725,0.2612,0.0,0.0,0.0,0.0,1.0,0.0145,0.1449
depth_14_dag_count,hashimoto,69,0.0,0.0,0.0,0.0,0.0,0.0,0.0,0.0,0.0
depth_14_dag_count,llmrei-long,69,0.0,0.0,0.0,0.0,0.0,0.0,0.0,0.0,0.0
depth_14_dag_count,sparkme,69,0.029,0.169,0.0,0.0,0.0,0.0,1.0,0.0,0.0725
depth_14_dag_count,proposed_method,69,0.029,0.169,0.0,0.0,0.0,0.0,1.0,0.0,0.0725
depth_15_dag_count,hashimoto,69,0.0,0.0,0.0,0.0,0.0,0.0,0.0,0.0,0.0
depth_15_dag_count,llmrei-long,69,0.0,0.0,0.0,0.0,0.0,0.0,0.0,0.0,0.0
depth_15_dag_count,sparkme,69,0.0,0.0,0.0,0.0,0.0,0.0,0.0,0.0,0.0
depth_15_dag_count,proposed_method,69,0.0,0.0,0.0,0.0,0.0,0.0,0.0,0.0,0.0
depth_16_dag_count,hashimoto,69,0.0145,0.1204,0.0,0.0,0.0,0.0,1.0,0.0,0.0435
depth_16_dag_count,llmrei-long,69,0.0,0.0,0.0,0.0,0.0,0.0,0.0,0.0,0.0
depth_16_dag_count,sparkme,69,0.0145,0.1204,0.0,0.0,0.0,0.0,1.0,0.0,0.0435
depth_16_dag_count,proposed_method,69,0.0,0.0,0.0,0.0,0.0,0.0,0.0,0.0,0.0
depth_17_dag_count,hashimoto,69,0.0,0.0,0.0,0.0,0.0,0.0,0.0,0.0,0.0
depth_17_dag_count,llmrei-long,69,0.0,0.0,0.0,0.0,0.0,0.0,0.0,0.0,0.0
depth_17_dag_count,sparkme,69,0.0,0.0,0.0,0.0,0.0,0.0,0.0,0.0,0.0
depth_17_dag_count,proposed_method,69,0.0,0.0,0.0,0.0,0.0,0.0,0.0,0.0,0.0
depth_18_dag_count,hashimoto,69,0.0,0.0,0.0,0.0,0.0,0.0,0.0,0.0,0.0
depth_18_dag_count,llmrei-long,69,0.0,0.0,0.0,0.0,0.0,0.0,0.0,0.0,0.0
depth_18_dag_count,sparkme,69,0.0,0.0,0.0,0.0,0.0,0.0,0.0,0.0,0.0
depth_18_dag_count,proposed_method,69,0.0145,0.1204,0.0,0.0,0.0,0.0,1.0,0.0,0.0435
riu_per_response,hashimoto,69,8.0425,3.8704,7.375,5.0,10.0,3.25,22.0,7.1657,8.9885
riu_per_response,llmrei-long,69,3.0002,1.1444,2.8824,2.0,3.8235,1.25,5.625,2.7346,3.2691
riu_per_response,sparkme,69,4.2077,1.1818,4.0732,3.3333,4.7073,2.3556,8.4516,3.936,4.4887
riu_per_response,proposed_method,69,3.9609,0.8568,4.0217,3.3462,4.3443,2.02,6.2692,3.7562,4.1584
riu_per_1000_tokens,hashimoto,69,64.0408,27.4969,62.6632,43.4783,81.7844,23.8806,144.8276,57.7409,70.6642
riu_per_1000_tokens,llmrei-long,69,44.4078,16.285,42.735,31.941,58.0247,18.8811,83.1793,40.692,48.224
riu_per_1000_tokens,sparkme,69,44.1255,11.0574,42.4989,35.2097,51.0126,23.4461,70.133,41.5442,46.7182
riu_per_1000_tokens,proposed_method,69,41.3903,9.3698,40.412,35.7067,46.4511,22.8821,76.454,39.2592,43.5654
breadth_per_10_responses,hashimoto,69,35.9124,15.8173,30.0,26.3636,40.0,14.0,110.0,32.3321,39.7551
breadth_per_10_responses,llmrei-long,69,13.7988,4.4281,13.3333,10.5263,16.0,7.1429,28.75,12.8026,14.8626
breadth_per_10_responses,sparkme,69,15.1532,3.402,14.3243,12.8571,17.5,8.4444,26.129,14.3741,15.9552
breadth_per_10_responses,proposed_method,69,13.7925,2.1369,13.6207,12.3077,14.8718,9.3548,19.5652,13.2951,14.2862
