case_id,hashimoto_yield,llmrei-long_yield,sparkme_yield,proposed_method_yield,hashimoto_breadth,llmrei-long_breadth,sparkme_breadth,proposed_method_breadth,hashimoto_depth_1_dag_count,llmrei-long_depth_1_dag_count,sparkme_depth_1_dag_count,proposed_method_depth_1_dag_count,hashimoto_depth_2_dag_count,llmrei-long_depth_2_dag_count,sparkme_depth_2_dag_count,proposed_method_depth_2_dag_count,hashimoto_depth_3_dag_count,llmrei-long_depth_3_dag_count,sparkme_depth_3_dag_count,proposed_method_depth_3_dag_count,hashimoto_depth_4_dag_count,llmrei-long_depth_4_dag_count,sparkme_depth_4_dag_count,proposed_method_depth_4_dag_count,hashimoto_depth_5_dag_count,llmrei-long_depth_5_dag_count,sparkme_depth_5_dag_count,proposed_method_depth_5_dag_count,hashimoto_depth_6_dag_count,llmrei-long_depth_6_dag_count,sparkme_depth_6_dag_count,proposed_method_depth_6_dag_count,hashimoto_depth_7_dag_count,llmrei-long_depth_7_dag_count,sparkme_depth_7_dag_count,proposed_method_depth_7_dag_count,hashimoto_depth_8_dag_count,llmrei-long_depth_8_dag_count,sparkme_depth_8_dag_count,proposed_method_depth_8_dag_count,hashimoto_depth_9_dag_count,llmrei-long_depth_9_dag_count,sparkme_depth_9_dag_count,proposed_method_depth_9_dag_count,hashimoto_depth_10_dag_count,llmrei-long_depth_10_dag_count,sparkme_depth_10_dag_count,proposed_method_depth_10_dag_count,hashimoto_depth_11_dag_count,llmrei-long_depth_11_dag_count,sparkme_depth_11_dag_count,proposed_method_depth_11_dag_count,hashimoto_depth_12_dag_count,llmrei-long_depth_12_dag_count,sparkme_depth_12_dag_count,proposed_method_depth_12_dag_count,hashimoto_depth_13_dag_count,llmrei-long_depth_13_dag_count,sparkme_depth_13_dag_count,proposed_method_depth_13_dag_count,hashimoto_depth_14_dag_count,llmrei-long_depth_14_dag_count,sparkme_depth_14_dag_count,proposed_method_depth_14_dag_count,hashimoto_depth_15_dag_count,llmrei-long_depth_15_dag_count,sparkme_depth_15_dag_count,proposed_method_depth_15_dag_count,hashimoto_depth_16_dag_count,llmrei-long_depth_16_dag_count,sparkme_depth_16_dag_count,proposed_method_depth_16_dag_count,hashimoto_depth_17_dag_count,llmrei-long_depth_17_dag_count,sparkme_depth_17_dag_count,proposed_method_depth_17_dag_count,hashimoto_depth_18_dag_count,llmrei-long_depth_18_dag_count,sparkme_depth_18_dag_count,proposed_method_depth_18_dag_count
PURE_001,61,165,262,246,25,57,81,81,11,35,45,44,10,13,27,23,3,5,4,5,1,0,1,2,0,2,1,3,0,1,1,2,0,1,0,0,0,0,1,1,0,0,0,1,0,0,1,0,0,0,0,0,0,0,0,0,0,0,0,0,0,0,0,0,0,0,0,0,0,0,0,0,0,0,0,0,0,0,0,0
PURE_002,61,54,196,251,29,23,72,80,19,19,42,44,8,4,16,17,0,0,6,12,0,0,2,1,1,0,2,1,0,0,0,4,1,0,3,1,0,0,0,0,0,0,1,0,0,0,0,0,0,0,0,0,0,0,0,0,0,0,0,0,0,0,0,0,0,0,0,0,0,0,0,0,0,0,0,0,0,0,0,0
PURE_003,58,88,154,289,24,37,68,92,19,23,40,43,4,11,18,28,0,2,7,14,1,1,0,3,0,0,3,1,0,0,0,1,0,0,0,0,0,0,0,1,0,0,0,1,0,0,0,0,0,0,0,0,0,0,0,0,0,0,0,0,0,0,0,0,0,0,0,0,0,0,0,0,0,0,0,0,0,0,0,0
PURE_004,19,38,95,75,11,20,39,35,9,14,19,20,2,5,16,9,0,1,2,4,0,0,0,2,0,0,1,0,0,0,1,0,0,0,0,0,0,0,0,0,0,0,0,0,0,0,0,0,0,0,0,0,0,0,0,0,0,0,0,0,0,0,0,0,0,0,0,0,0,0,0,0,0,0,0,0,0,0,0,0
PURE_005,9,44,210,265,5,25,70,72,4,21,37,33,0,4,19,24,0,0,9,4,1,0,2,3,0,0,0,4,0,0,1,0,0,0,1,2,0,0,0,0,0,0,0,1,0,0,1,0,0,0,0,0,0,0,0,0,0,0,0,0,0,0,0,1,0,0,0,0,0,0,0,0,0,0,0,0,0,0,0,0
PURE_006,69,31,156,240,19,20,56,74,13,17,27,33,3,3,21,24,1,0,5,8,0,0,1,2,0,0,1,4,1,0,0,1,0,0,0,1,0,0,0,1,1,0,1,0,0,0,0,0,0,0,0,0,0,0,0,0,0,0,0,0,0,0,0,0,0,0,0,0,0,0,0,0,0,0,0,0,0,0,0,0
PURE_007,40,13,120,158,19,9,53,60,11,8,36,37,7,0,12,12,1,1,4,7,0,0,0,2,0,0,0,0,0,0,0,2,0,0,0,0,0,0,1,0,0,0,0,0,0,0,0,0,0,0,0,0,0,0,0,0,0,0,0,0,0,0,0,0,0,0,0,0,0,0,0,0,0,0,0,0,0,0,0,0
PURE_008,65,18,179,174,28,9,58,64,15,8,27,31,10,1,20,21,3,0,9,9,0,0,0,2,0,0,1,0,0,0,0,1,0,0,0,0,0,0,1,0,0,0,0,0,0,0,0,0,0,0,0,0,0,0,0,0,0,0,0,0,0,0,0,0,0,0,0,0,0,0,0,0,0,0,0,0,0,0,0,0
PURE_009,29,13,129,154,11,8,45,55,8,7,23,32,2,1,17,14,1,0,1,4,0,0,1,3,0,0,1,0,0,0,1,1,0,0,0,1,0,0,0,0,0,0,1,0,0,0,0,0,0,0,0,0,0,0,0,0,0,0,0,0,0,0,0,0,0,0,0,0,0,0,0,0,0,0,0,0,0,0,0,0
PURE_010,11,41,127,178,6,15,37,51,4,8,16,21,2,5,10,16,0,1,5,8,0,0,3,0,0,0,2,2,0,0,0,3,0,0,1,0,0,0,0,0,0,1,0,1,0,0,0,0,0,0,0,0,0,0,0,0,0,0,0,0,0,0,0,0,0,0,0,0,0,0,0,0,0,0,0,0,0,0,0,0
PURE_011,50,37,128,116,23,13,46,58,15,9,13,37,5,0,24,14,2,1,7,5,0,2,2,2,1,0,0,0,0,1,0,0,0,0,0,0,0,0,0,0,0,0,0,0,0,0,0,0,0,0,0,0,0,0,0,0,0,0,0,0,0,0,0,0,0,0,0,0,0,0,0,0,0,0,0,0,0,0,0,0
PURE_012,12,36,163,210,6,11,57,56,5,7,31,31,1,1,17,13,0,1,2,7,0,1,3,2,0,1,2,1,0,0,1,0,0,0,0,1,0,0,1,0,0,0,0,0,0,0,0,0,0,0,0,0,0,0,0,0,0,0,0,0,0,0,0,0,0,0,0,0,0,0,0,0,0,0,0,0,0,0,0,1
PURE_013,26,74,105,151,16,23,45,52,12,12,25,29,4,8,14,10,0,1,5,7,0,0,1,3,0,0,0,1,0,0,0,2,0,0,0,0,0,0,0,0,0,1,0,0,0,1,0,0,0,0,0,0,0,0,0,0,0,0,0,0,0,0,0,0,0,0,0,0,0,0,0,0,0,0,0,0,0,0,0,0
PURE_014,102,42,181,168,31,22,56,65,20,16,26,35,8,5,18,17,2,1,5,7,0,0,3,3,0,0,1,3,0,0,3,0,0,0,0,0,0,0,0,0,0,0,0,0,0,0,0,0,0,0,0,0,0,0,0,0,0,0,0,0,0,0,0,0,0,0,0,0,1,0,0,0,0,0,0,0,0,0,0,0
PURE_015,32,49,229,300,19,29,76,95,16,22,36,48,3,7,25,27,0,0,11,8,0,0,2,8,0,0,2,2,0,0,0,1,0,0,0,1,0,0,0,0,0,0,0,0,0,0,0,0,0,0,0,0,0,0,0,0,0,0,0,0,0,0,0,0,0,0,0,0,0,0,0,0,0,0,0,0,0,0,0,0
PURE_016,24,29,174,239,19,16,62,83,15,10,32,34,4,4,18,32,0,2,7,9,0,0,4,3,0,0,0,1,0,0,1,1,0,0,0,0,0,0,0,0,0,0,0,1,0,0,0,1,0,0,0,0,0,0,0,1,0,0,0,0,0,0,0,0,0,0,0,0,0,0,0,0,0,0,0,0,0,0,0,0
PURE_017,30,38,173,174,14,16,57,59,8,12,34,29,6,3,14,22,0,1,7,2,0,0,0,5,0,0,1,0,0,0,0,1,0,0,0,0,0,0,1,0,0,0,0,0,0,0,0,0,0,0,0,0,0,0,0,0,0,0,0,0,0,0,0,0,0,0,0,0,0,0,0,0,0,0,0,0,0,0,0,0
PURE_018,75,45,117,292,26,23,43,90,18,19,20,37,2,2,13,36,3,2,8,13,2,0,2,2,0,0,0,1,0,0,0,0,0,0,0,0,0,0,0,1,0,0,0,0,1,0,0,0,0,0,0,0,0,0,0,0,0,0,0,0,0,0,0,0,0,0,0,0,0,0,0,0,0,0,0,0,0,0,0,0
PURE_019,22,21,158,154,6,16,61,62,2,13,39,32,3,3,16,25,1,0,3,4,0,0,0,0,0,0,2,0,0,0,0,0,0,0,1,1,0,0,0,0,0,0,0,0,0,0,0,0,0,0,0,0,0,0,0,0,0,0,0,0,0,0,0,0,0,0,0,0,0,0,0,0,0,0,0,0,0,0,0,0
PURE_020,18,27,160,149,7,15,52,58,5,13,21,28,2,1,24,24,0,0,4,1,0,1,1,3,0,0,1,0,0,0,1,1,0,0,0,1,0,0,0,0,0,0,0,0,0,0,0,0,0,0,0,0,0,0,0,0,0,0,0,0,0,0,0,0,0,0,0,0,0,0,0,0,0,0,0,0,0,0,0,0
PURE_021,43,10,88,91,16,9,38,32,12,8,21,14,2,1,12,11,0,0,5,3,1,0,0,2,0,0,0,2,0,0,0,0,0,0,0,0,1,0,0,0,0,0,0,0,0,0,0,0,0,0,0,0,0,0,0,0,0,0,0,0,0,0,0,0,0,0,0,0,0,0,0,0,0,0,0,0,0,0,0,0
PURE_022,51,58,145,105,17,25,55,52,11,17,28,38,3,6,18,5,1,1,6,8,1,0,2,1,0,0,1,0,1,1,0,0,0,0,0,0,0,0,0,0,0,0,0,0,0,0,0,0,0,0,0,0,0,0,0,0,0,0,0,0,0,0,0,0,0,0,0,0,0,0,0,0,0,0,0,0,0,0,0,0
PURE_023,34,71,205,339,14,24,66,99,9,18,34,45,4,3,17,30,0,1,6,14,1,1,5,4,0,0,2,1,0,1,1,0,0,0,0,0,0,0,0,3,0,0,0,1,0,0,0,0,0,0,0,0,0,0,0,1,0,0,0,0,0,0,1,0,0,0,0,0,0,0,0,0,0,0,0,0,0,0,0,0
PURE_024,15,54,166,249,11,20,69,90,11,8,42,52,0,10,19,21,0,1,6,10,0,1,1,3,0,0,1,1,0,0,0,0,0,0,0,1,0,0,0,1,0,0,0,1,0,0,0,0,0,0,0,0,0,0,0,0,0,0,0,0,0,0,0,0,0,0,0,0,0,0,0,0,0,0,0,0,0,0,0,0
PURE_025,13,65,164,115,6,21,61,55,4,13,30,37,1,4,22,11,1,1,7,6,0,2,2,0,0,0,0,1,0,1,0,0,0,0,0,0,0,0,0,0,0,0,0,0,0,0,0,0,0,0,0,0,0,0,0,0,0,0,0,0,0,0,0,0,0,0,0,0,0,0,0,0,0,0,0,0,0,0,0,0
PURE_026,14,56,193,174,5,24,70,72,4,20,35,46,0,3,24,14,1,0,9,8,0,0,1,2,0,0,1,2,0,0,0,0,0,0,0,0,0,0,0,0,0,0,0,0,0,1,0,0,0,0,0,0,0,0,0,0,0,0,0,0,0,0,0,0,0,0,0,0,0,0,0,0,0,0,0,0,0,0,0,0
PURE_027,12,54,180,225,6,26,47,85,5,21,23,44,1,4,12,18,0,1,7,13,0,0,2,6,0,0,0,2,0,0,1,0,0,0,1,1,0,0,0,0,0,0,0,0,0,0,0,0,0,0,0,0,0,0,1,0,0,0,0,1,0,0,0,0,0,0,0,0,0,0,0,0,0,0,0,0,0,0,0,0
PURE_028,11,17,137,176,4,9,38,65,3,6,17,30,1,2,12,21,0,1,2,12,0,0,2,2,0,0,2,0,0,0,3,0,0,0,0,0,0,0,0,0,0,0,0,0,0,0,0,0,0,0,0,0,0,0,0,0,0,0,0,0,0,0,0,0,0,0,0,0,0,0,0,0,0,0,0,0,0,0,0,0
PURE_029,39,31,118,163,18,23,50,46,11,20,26,24,4,1,17,15,2,2,6,3,0,0,1,2,1,0,0,2,0,0,0,0,0,0,0,0,0,0,0,0,0,0,0,0,0,0,0,0,0,0,0,0,0,0,0,0,0,0,0,0,0,0,0,0,0,0,0,0,0,0,0,0,0,0,0,0,0,0,0,0
PURE_030,26,30,126,101,12,16,54,54,9,12,29,38,2,3,16,10,0,0,5,4,0,1,3,1,0,0,1,0,0,0,0,0,0,0,0,0,1,0,0,1,0,0,0,0,0,0,0,0,0,0,0,0,0,0,0,0,0,0,0,0,0,0,0,0,0,0,0,0,0,0,0,0,0,0,0,0,0,0,0,0
PURE_031,23,77,195,177,17,29,37,68,12,15,16,39,5,7,11,13,0,7,8,9,0,0,0,3,0,0,1,0,0,0,0,1,0,0,0,1,0,0,0,1,0,0,0,0,0,0,0,0,0,0,0,0,0,0,0,0,0,0,0,1,0,0,0,0,0,0,0,0,0,0,1,0,0,0,0,0,0,0,0,0
PURE_032,33,30,133,185,19,19,71,65,14,16,46,38,4,2,19,12,0,1,6,6,1,0,0,4,0,0,0,1,0,0,0,2,0,0,0,0,0,0,0,0,0,0,0,1,0,0,0,0,0,0,0,0,0,0,0,1,0,0,0,0,0,0,0,0,0,0,0,0,0,0,0,0,0,0,0,0,0,0,0,0
PURE_033,24,35,100,131,7,18,39,53,2,14,26,28,3,2,9,13,1,2,3,8,0,0,0,2,0,0,0,1,1,0,0,1,0,0,0,0,0,0,1,0,0,0,0,0,0,0,0,0,0,0,0,0,0,0,0,0,0,0,0,0,0,0,0,0,0,0,0,0,0,0,0,0,0,0,0,0,0,0,0,0
PURE_034,21,83,141,223,6,28,48,70,5,16,21,35,1,8,19,17,0,1,5,9,0,2,1,3,0,1,0,2,0,0,0,0,0,0,2,2,0,0,0,1,0,0,0,0,0,0,0,0,0,0,0,1,0,0,0,0,0,0,0,0,0,0,0,0,0,0,0,0,0,0,0,0,0,0,0,0,0,0,0,0
PURE_035,47,20,167,236,15,9,55,60,9,6,30,29,1,2,14,16,3,1,5,5,1,0,3,5,0,0,1,1,0,0,1,1,1,0,0,2,0,0,0,0,0,0,0,0,0,0,0,0,0,0,0,0,0,0,0,0,0,0,0,0,0,0,1,1,0,0,0,0,0,0,0,0,0,0,0,0,0,0,0,0
PURE_036,24,29,113,146,12,19,54,52,8,17,34,23,4,1,13,16,0,0,4,8,0,1,2,2,0,0,0,2,0,0,0,0,0,0,1,0,0,0,0,0,0,0,0,1,0,0,0,0,0,0,0,0,0,0,0,0,0,0,0,0,0,0,0,0,0,0,0,0,0,0,0,0,0,0,0,0,0,0,0,0
PURE_037,14,32,124,194,7,12,51,70,5,6,29,34,2,6,16,21,0,0,5,10,0,0,1,4,0,0,0,1,0,0,0,0,0,0,0,0,0,0,0,0,0,0,0,0,0,0,0,0,0,0,0,0,0,0,0,0,0,0,0,0,0,0,0,0,0,0,0,0,0,0,0,0,0,0,0,0,0,0,0,0
PURE_038,6,45,97,185,5,19,38,62,5,14,18,30,0,3,16,23,0,1,4,3,0,1,0,2,0,0,0,1,0,0,0,1,0,0,0,1,0,0,0,0,0,0,0,1,0,0,0,0,0,0,0,0,0,0,0,0,0,0,0,0,0,0,0,0,0,0,0,0,0,0,0,0,0,0,0,0,0,0,0,0
PURE_039,25,14,71,185,15,10,36,76,10,8,21,43,4,1,11,24,0,1,4,4,1,0,0,3,0,0,0,1,0,0,0,0,0,0,0,1,0,0,0,0,0,0,0,0,0,0,0,0,0,0,0,0,0,0,0,0,0,0,0,0,0,0,0,0,0,0,0,0,0,0,0,0,0,0,0,0,0,0,0,0
PURE_040,17,26,144,172,7,17,53,66,3,13,34,33,3,4,10,24,1,0,4,5,0,0,2,1,0,0,0,1,0,0,1,1,0,0,1,1,0,0,0,0,0,0,1,0,0,0,0,0,0,0,0,0,0,0,0,0,0,0,0,0,0,0,0,0,0,0,0,0,0,0,0,0,0,0,0,0,0,0,0,0
PURE_041,53,74,215,331,24,26,68,101,15,16,31,44,7,7,24,29,1,3,2,12,1,0,5,5,0,0,3,6,0,0,1,1,0,0,2,3,0,0,0,1,0,0,0,0,0,0,0,0,0,0,0,0,0,0,0,0,0,0,0,0,0,0,0,0,0,0,0,0,0,0,0,0,0,0,0,0,0,0,0,0
PURE_042,87,54,106,218,24,22,42,63,10,13,25,28,6,6,15,12,4,1,1,13,1,1,0,5,1,0,1,3,1,0,0,0,1,1,0,0,0,0,0,0,0,0,0,1,0,0,0,0,0,0,0,1,0,0,0,0,0,0,0,0,0,0,0,0,0,0,0,0,0,0,0,0,0,0,0,0,0,0,0,0
PURE_043,11,32,209,200,4,16,54,74,1,13,24,41,3,2,17,15,0,1,8,7,0,0,1,6,0,0,3,3,0,0,0,1,0,0,0,0,0,0,0,0,0,0,1,0,0,0,0,0,0,0,0,0,0,0,0,1,0,0,0,0,0,0,0,0,0,0,0,0,0,0,0,0,0,0,0,0,0,0,0,0
PURE_044,23,92,220,245,14,40,93,98,10,27,51,51,4,12,32,26,0,0,8,13,0,1,1,4,0,0,0,1,0,0,0,1,0,0,0,2,0,0,0,0,0,0,0,0,0,0,0,0,0,0,0,0,0,0,1,0,0,0,0,0,0,0,0,0,0,0,0,0,0,0,0,0,0,0,0,0,0,0,0,0
PURE_045,39,78,157,116,24,31,51,56,18,21,27,34,4,7,15,15,2,3,6,1,0,0,2,2,0,0,0,3,0,0,1,0,0,0,0,0,0,0,0,1,0,0,0,0,0,0,0,0,0,0,0,0,0,0,0,0,0,0,0,0,0,0,0,0,0,0,0,0,0,0,0,0,0,0,0,0,0,0,0,0
PURE_046,17,51,115,95,10,25,43,39,7,17,23,27,3,6,11,6,0,0,3,3,0,1,6,1,0,0,0,1,0,1,0,0,0,0,0,1,0,0,0,0,0,0,0,0,0,0,0,0,0,0,0,0,0,0,0,0,0,0,0,0,0,0,0,0,0,0,0,0,0,0,0,0,0,0,0,0,0,0,0,0
PURE_047,10,25,176,223,6,15,56,60,5,12,26,22,1,3,21,16,0,0,4,11,0,0,2,3,0,0,2,3,0,0,1,4,0,0,0,0,0,0,0,0,0,0,0,0,0,0,0,0,0,0,0,1,0,0,0,0,0,0,0,0,0,0,0,0,0,0,0,0,0,0,0,0,0,0,0,0,0,0,0,0
PURE_048,57,50,119,167,24,26,48,60,16,19,23,35,4,6,18,16,3,1,5,5,0,0,0,1,0,0,1,2,1,0,0,1,0,0,0,0,0,0,1,0,0,0,0,0,0,0,0,0,0,0,0,0,0,0,0,0,0,0,0,0,0,0,0,0,0,0,0,0,0,0,0,0,0,0,0,0,0,0,0,0
PURE_049,9,30,200,184,6,18,70,67,5,14,35,38,1,3,23,17,0,1,9,10,0,0,0,0,0,0,1,0,0,0,0,2,0,0,1,0,0,0,1,0,0,0,0,0,0,0,0,0,0,0,0,0,0,0,0,0,0,0,0,0,0,0,0,0,0,0,0,0,0,0,0,0,0,0,0,0,0,0,0,0
PURE_050,12,37,141,155,5,17,61,55,2,11,32,31,2,6,19,9,1,0,7,5,0,0,2,7,0,0,0,1,0,0,0,1,0,0,1,0,0,0,0,1,0,0,0,0,0,0,0,0,0,0,0,0,0,0,0,0,0,0,0,0,0,0,0,0,0,0,0,0,0,0,0,0,0,0,0,0,0,0,0,0
PURE_051,22,52,174,170,5,22,55,57,2,15,24,33,3,6,19,13,0,0,9,7,0,1,2,2,0,0,0,1,0,0,1,0,0,0,0,1,0,0,0,0,0,0,0,0,0,0,0,0,0,0,0,0,0,0,0,0,0,0,0,0,0,0,0,0,0,0,0,0,0,0,0,0,0,0,0,0,0,0,0,0
PURE_052,44,42,169,222,15,15,81,79,7,10,53,43,5,3,23,19,2,0,4,11,1,1,1,2,0,0,0,0,0,0,0,0,0,0,0,2,0,1,0,0,0,0,0,1,0,0,0,0,0,0,0,1,0,0,0,0,0,0,0,0,0,0,0,0,0,0,0,0,0,0,0,0,0,0,0,0,0,0,0,0
PURE_053,31,48,199,232,16,30,74,80,13,21,45,41,2,6,15,21,1,3,6,14,0,0,4,1,0,0,2,0,0,0,0,1,0,0,2,0,0,0,0,0,0,0,0,1,0,0,0,0,0,0,0,0,0,0,0,0,0,0,0,1,0,0,0,0,0,0,0,0,0,0,0,0,0,0,0,0,0,0,0,0
PURE_054,44,77,95,178,16,29,46,76,9,17,31,40,4,5,12,22,1,6,1,9,1,0,2,3,0,1,0,0,0,0,0,0,0,0,0,0,1,0,0,1,0,0,0,1,0,0,0,0,0,0,0,0,0,0,0,0,0,0,0,0,0,0,0,0,0,0,0,0,0,0,0,0,0,0,0,0,0,0,0,0
PURE_055,63,48,338,267,19,19,82,84,8,13,36,38,8,1,24,24,1,5,12,13,2,0,4,4,0,0,1,2,0,0,3,1,0,0,1,0,0,0,0,1,0,0,0,0,0,0,1,1,0,0,0,0,0,0,0,0,0,0,0,0,0,0,0,0,0,0,0,0,0,0,0,0,0,0,0,0,0,0,0,0
PURE_056,39,59,151,229,19,21,51,76,13,15,26,37,6,4,17,29,0,1,4,7,0,0,0,2,0,1,2,1,0,0,0,0,0,0,1,0,0,0,0,0,0,0,0,0,0,0,1,0,0,0,0,0,0,0,0,0,0,0,0,0,0,0,0,0,0,0,0,0,0,0,0,0,0,0,0,0,0,0,0,0
PURE_057,51,20,224,202,15,11,77,82,8,8,36,44,4,2,33,25,1,0,4,10,0,1,3,2,1,0,0,1,0,0,1,0,0,0,0,0,0,0,0,0,0,0,0,0,0,0,0,0,0,0,0,0,0,0,0,0,1,0,0,0,0,0,0,0,0,0,0,0,0,0,0,0,0,0,0,0,0,0,0,0
PURE_058,22,72,110,244,14,30,52,75,9,20,31,42,5,8,17,15,0,1,4,10,0,1,0,3,0,0,0,2,0,0,0,2,0,0,0,0,0,0,0,1,0,0,0,0,0,0,0,0,0,0,0,0,0,0,0,0,0,0,0,0,0,0,0,0,0,0,0,0,0,0,0,0,0,0,0,0,0,0,0,0
PURE_059,10,29,72,101,6,12,32,29,5,6,17,12,0,5,10,10,1,0,4,4,0,0,1,0,0,1,0,3,0,0,0,0,0,0,0,0,0,0,0,0,0,0,0,0,0,0,0,0,0,0,0,0,0,0,0,0,0,0,0,0,0,0,0,0,0,0,0,0,0,0,0,0,0,0,0,0,0,0,0,0
PURE_060,19,13,101,142,10,10,38,49,5,8,17,28,3,2,12,9,2,0,4,7,0,0,2,1,0,0,1,1,0,0,1,1,0,0,0,0,0,0,0,1,0,0,1,1,0,0,0,0,0,0,0,0,0,0,0,0,0,0,0,0,0,0,0,0,0,0,0,0,0,0,0,0,0,0,0,0,0,0,0,0
PURE_061,16,27,188,209,8,13,71,77,5,10,40,40,2,2,15,23,1,1,5,8,0,0,6,3,0,0,5,3,0,0,0,0,0,0,0,0,0,0,0,0,0,0,0,0,0,0,0,0,0,0,0,0,0,0,0,0,0,0,0,0,0,0,0,0,0,0,0,0,0,0,0,0,0,0,0,0,0,0,0,0
PURE_062,29,94,188,192,19,31,68,64,15,16,36,32,4,9,25,16,0,5,3,7,0,1,1,4,0,0,2,1,0,0,1,0,0,0,0,1,0,0,0,1,0,0,0,0,0,0,0,0,0,0,0,1,0,0,0,0,0,0,0,1,0,0,0,0,0,0,0,0,0,0,0,0,0,0,0,0,0,0,0,0
PURE_063,30,55,276,265,16,20,76,77,12,15,30,30,3,3,22,31,1,1,14,9,0,0,3,1,0,0,1,1,0,0,1,1,0,0,2,2,0,1,2,0,0,0,0,1,0,0,0,0,0,0,0,1,0,0,1,0,0,0,0,0,0,0,0,0,0,0,0,0,0,0,0,0,0,0,0,0,0,0,0,0
PURE_064,62,52,155,208,19,16,53,64,8,11,29,34,4,4,15,16,6,0,4,5,0,1,2,4,0,0,0,2,0,0,2,1,1,0,0,1,0,0,0,0,0,0,1,0,0,0,0,0,0,0,0,0,0,0,0,0,0,0,0,1,0,0,0,0,0,0,0,0,0,0,0,0,0,0,0,0,0,0,0,0
PURE_065,14,84,189,204,9,35,81,89,8,22,44,52,0,8,23,22,1,3,10,10,0,0,4,1,0,0,0,1,0,2,0,1,0,0,0,0,0,0,0,1,0,0,0,0,0,0,0,1,0,0,0,0,0,0,0,0,0,0,0,0,0,0,0,0,0,0,0,0,0,0,0,0,0,0,0,0,0,0,0,0
PURE_066,26,51,152,214,15,33,60,75,10,27,31,42,4,6,23,19,1,0,3,8,0,0,1,1,0,0,1,1,0,0,0,0,0,0,1,2,0,0,0,2,0,0,0,0,0,0,0,0,0,0,0,0,0,0,0,0,0,0,0,0,0,0,0,0,0,0,0,0,0,0,0,0,0,0,0,0,0,0,0,0
PURE_067,26,24,146,153,14,14,49,48,11,11,29,25,2,1,14,13,0,1,2,3,0,1,3,2,1,0,0,2,0,0,0,1,0,0,0,2,0,0,0,0,0,0,1,0,0,0,0,0,0,0,0,0,0,0,0,0,0,0,0,0,0,0,0,0,0,0,0,0,0,0,0,0,0,0,0,0,0,0,0,0
PURE_068,59,85,149,384,23,42,65,124,17,31,45,62,5,8,11,34,1,3,5,12,0,0,2,6,0,0,1,6,0,0,1,1,0,0,0,1,0,0,0,0,0,0,0,1,0,0,0,0,0,0,0,0,0,0,0,1,0,0,0,0,0,0,0,0,0,0,0,0,0,0,0,0,0,0,0,0,0,0,0,0
PURE_069,19,26,218,234,12,11,74,79,10,10,41,37,2,0,25,28,0,0,0,6,0,1,4,5,0,0,1,0,0,0,2,2,0,0,0,0,0,0,0,0,0,0,0,0,0,0,1,1,0,0,0,0,0,0,0,0,0,0,0,0,0,0,0,0,0,0,0,0,0,0,0,0,0,0,0,0,0,0,0,0
