threshold,case_id,transcript_id,method_id,breadth,total_clusters
0.45,PURE_001,PURE_001::hashimoto,hashimoto,31,241
0.45,PURE_001,PURE_001::llmrei-long,llmrei-long,69,241
0.45,PURE_001,PURE_001::sparkme,sparkme,100,241
0.45,PURE_001,PURE_001::proposed_method,proposed_method,107,241
0.55,PURE_001,PURE_001::hashimoto,hashimoto,16,114
0.55,PURE_001,PURE_001::llmrei-long,llmrei-long,41,114
0.55,PURE_001,PURE_001::sparkme,sparkme,58,114
0.55,PURE_001,PURE_001::proposed_method,proposed_method,59,114
0.45,PURE_002,PURE_002::hashimoto,hashimoto,34,205
0.45,PURE_002,PURE_002::llmrei-long,llmrei-long,31,205
0.45,PURE_002,PURE_002::sparkme,sparkme,90,205
0.45,PURE_002,PURE_002::proposed_method,proposed_method,104,205
0.55,PURE_002,PURE_002::hashimoto,hashimoto,25,98
0.55,PURE_002,PURE_002::llmrei-long,llmrei-long,19,98
0.55,PURE_002,PURE_002::sparkme,sparkme,51,98
0.55,PURE_002,PURE_002::proposed_method,proposed_method,53,98
0.45,PURE_003,PURE_003::hashimoto,hashimoto,28,196
0.45,PURE_003,PURE_003::llmrei-long,llmrei-long,46,196
0.45,PURE_003,PURE_003::sparkme,sparkme,85,196
0.45,PURE_003,PURE_003::proposed_method,proposed_method,118,196
0.55,PURE_003,PURE_003::hashimoto,hashimoto,21,98
0.55,PURE_003,PURE_003::llmrei-long,llmrei-long,31,98
0.55,PURE_003,PURE_003::sparkme,sparkme,53,98
0.55,PURE_003,PURE_003::proposed_method,proposed_method,66,98
0.45,PURE_004,PURE_004::hashimoto,hashimoto,14,106
0.45,PURE_004,PURE_004::llmrei-long,llmrei-long,22,106
0.45,PURE_004,PURE_004::sparkme,sparkme,51,106
0.45,PURE_004,PURE_004::proposed_method,proposed_method,45,106
0.55,PURE_004,PURE_004::hashimoto,hashimoto,10,51
0.55,PURE_004,PURE_004::llmrei-long,llmrei-long,19,51
0.55,PURE_004,PURE_004::sparkme,sparkme,28,51
0.55,PURE_004,PURE_004::proposed_method,proposed_method,23,51
0.45,PURE_005,PURE_005::hashimoto,hashimoto,6,173
0.45,PURE_005,PURE_005::llmrei-long,llmrei-long,26,173
0.45,PURE_005,PURE_005::sparkme,sparkme,90,173
0.45,PURE_005,PURE_005::proposed_method,proposed_method,95,173
0.55,PURE_005,PURE_005::hashimoto,hashimoto,5,82
0.55,PURE_005,PURE_005::llmrei-long,llmrei-long,18,82
0.55,PURE_005,PURE_005::sparkme,sparkme,50,82
0.55,PURE_005,PURE_005::proposed_method,proposed_method,50,82
0.45,PURE_006,PURE_006::hashimoto,hashimoto,22,161
0.45,PURE_006,PURE_006::llmrei-long,llmrei-long,20,161
0.45,PURE_006,PURE_006::sparkme,sparkme,73,161
0.45,PURE_006,PURE_006::proposed_method,proposed_method,98,161
0.55,PURE_006,PURE_006::hashimoto,hashimoto,15,74
0.55,PURE_006,PURE_006::llmrei-long,llmrei-long,16,74
0.55,PURE_006,PURE_006::sparkme,sparkme,41,74
0.55,PURE_006,PURE_006::proposed_method,proposed_method,49,74
0.45,PURE_007,PURE_007::hashimoto,hashimoto,22,138
0.45,PURE_007,PURE_007::llmrei-long,llmrei-long,11,138
0.45,PURE_007,PURE_007::sparkme,sparkme,64,138
0.45,PURE_007,PURE_007::proposed_method,proposed_method,79,138
0.55,PURE_007,PURE_007::hashimoto,hashimoto,17,70
0.55,PURE_007,PURE_007::llmrei-long,llmrei-long,9,70
0.55,PURE_007,PURE_007::sparkme,sparkme,40,70
0.55,PURE_007,PURE_007::proposed_method,proposed_method,43,70
0.45,PURE_008,PURE_008::hashimoto,hashimoto,39,160
0.45,PURE_008,PURE_008::llmrei-long,llmrei-long,9,160
0.45,PURE_008,PURE_008::sparkme,sparkme,76,160
0.45,PURE_008,PURE_008::proposed_method,proposed_method,83,160
0.55,PURE_008,PURE_008::hashimoto,hashimoto,20,77
0.55,PURE_008,PURE_008::llmrei-long,llmrei-long,7,77
0.55,PURE_008,PURE_008::sparkme,sparkme,37,77
0.55,PURE_008,PURE_008::proposed_method,proposed_method,52,77
0.45,PURE_009,PURE_009::hashimoto,hashimoto,11,123
0.45,PURE_009,PURE_009::llmrei-long,llmrei-long,8,123
0.45,PURE_009,PURE_009::sparkme,sparkme,59,123
0.45,PURE_009,PURE_009::proposed_method,proposed_method,63,123
0.55,PURE_009,PURE_009::hashimoto,hashimoto,7,63
0.55,PURE_009,PURE_009::llmrei-long,llmrei-long,7,63
0.55,PURE_009,PURE_009::sparkme,sparkme,32,63
0.55,PURE_009,PURE_009::proposed_method,proposed_method,38,63
0.45,PURE_010,PURE_010::hashimoto,hashimoto,8,112
0.45,PURE_010,PURE_010::llmrei-long,llmrei-long,19,112
0.45,PURE_010,PURE_010::sparkme,sparkme,50,112
0.45,PURE_010,PURE_010::proposed_method,proposed_method,68,112
0.55,PURE_010,PURE_010::hashimoto,hashimoto,6,52
0.55,PURE_010,PURE_010::llmrei-long,llmrei-long,12,52
0.55,PURE_010,PURE_010::sparkme,sparkme,26,52
0.55,PURE_010,PURE_010::proposed_method,proposed_method,32,52
0.45,PURE_011,PURE_011::hashimoto,hashimoto,27,135
0.45,PURE_011,PURE_011::llmrei-long,llmrei-long,18,135
0.45,PURE_011,PURE_011::sparkme,sparkme,62,135
0.45,PURE_011,PURE_011::proposed_method,proposed_method,70,135
0.55,PURE_011,PURE_011::hashimoto,hashimoto,17,70
0.55,PURE_011,PURE_011::llmrei-long,llmrei-long,11,70
0.55,PURE_011,PURE_011::sparkme,sparkme,34,70
0.55,PURE_011,PURE_011::proposed_method,proposed_method,42,70
0.45,PURE_012,PURE_012::hashimoto,hashimoto,8,133
0.45,PURE_012,PURE_012::llmrei-long,llmrei-long,15,133
0.45,PURE_012,PURE_012::sparkme,sparkme,76,133
0.45,PURE_012,PURE_012::proposed_method,proposed_method,77,133
0.55,PURE_012,PURE_012::hashimoto,hashimoto,5,64
0.55,PURE_012,PURE_012::llmrei-long,llmrei-long,10,64
0.55,PURE_012,PURE_012::sparkme,sparkme,37,64
0.55,PURE_012,PURE_012::proposed_method,proposed_method,42,64
0.45,PURE_013,PURE_013::hashimoto,hashimoto,18,126
0.45,PURE_013,PURE_013::llmrei-long,llmrei-long,33,126
0.45,PURE_013,PURE_013::sparkme,sparkme,56,126
0.45,PURE_013,PURE_013::proposed_method,proposed_method,66,126
0.55,PURE_013,PURE_013::hashimoto,hashimoto,13,55
0.55,PURE_013,PURE_013::llmrei-long,llmrei-long,18,55
0.55,PURE_013,PURE_013::sparkme,sparkme,28,55
0.55,PURE_013,PURE_013::proposed_method,proposed_method,33,55
0.45,PURE_014,PURE_014::hashimoto,hashimoto,41,166
0.45,PURE_014,PURE_014::llmrei-long,llmrei-long,25,166
0.45,PURE_014,PURE_014::sparkme,sparkme,78,166
0.45,PURE_014,PURE_014::proposed_method,proposed_method,84,166
0.55,PURE_014,PURE_014::hashimoto,hashimoto,23,75
0.55,PURE_014,PURE_014::llmrei-long,llmrei-long,16,75
0.55,PURE_014,PURE_014::sparkme,sparkme,41,75
0.55,PURE_014,PURE_014::proposed_method,proposed_method,46,75
0.45,PURE_015,PURE_015::hashimoto,hashimoto,20,218
0.45,PURE_015,PURE_015::llmrei-long,llmrei-long,35,218
0.45,PURE_015,PURE_015::sparkme,sparkme,106,218
0.45,PURE_015,PURE_015::proposed_method,proposed_method,130,218
0.55,PURE_015,PURE_015::hashimoto,hashimoto,15,95
0.55,PURE_015,PURE_015::llmrei-long,llmrei-long,25,95
0.55,PURE_015,PURE_015::sparkme,sparkme,55,95
0.55,PURE_015,PURE_015::proposed_method,proposed_method,66,95
0.45,PURE_016,PURE_016::hashimoto,hashimoto,21,181
0.45,PURE_016,PURE_016::llmrei-long,llmrei-long,23,181
0.45,PURE_016,PURE_016::sparkme,sparkme,81,181
0.45,PURE_016,PURE_016::proposed_method,proposed_method,108,181
0.55,PURE_016,PURE_016::hashimoto,hashimoto,14,84
0.55,PURE_016,PURE_016::llmrei-long,llmrei-long,14,84
0.55,PURE_016,PURE_016::sparkme,sparkme,40,84
0.55,PURE_016,PURE_016::proposed_method,proposed_method,61,84
0.45,PURE_017,PURE_017::hashimoto,hashimoto,17,147
0.45,PURE_017,PURE_017::llmrei-long,llmrei-long,18,147
0.45,PURE_017,PURE_017::sparkme,sparkme,74,147
0.45,PURE_017,PURE_017::proposed_method,proposed_method,81,147
0.55,PURE_017,PURE_017::hashimoto,hashimoto,7,66
0.55,PURE_017,PURE_017::llmrei-long,llmrei-long,13,66
0.55,PURE_017,PURE_017::sparkme,sparkme,38,66
0.55,PURE_017,PURE_017::proposed_method,proposed_method,41,66
0.45,PURE_018,PURE_018::hashimoto,hashimoto,31,185
0.45,PURE_018,PURE_018::llmrei-long,llmrei-long,26,185
0.45,PURE_018,PURE_018::sparkme,sparkme,59,185
0.45,PURE_018,PURE_018::proposed_method,proposed_method,128,185
0.55,PURE_018,PURE_018::hashimoto,hashimoto,20,82
0.55,PURE_018,PURE_018::llmrei-long,llmrei-long,19,82
0.55,PURE_018,PURE_018::sparkme,sparkme,32,82
0.55,PURE_018,PURE_018::proposed_method,proposed_method,65,82
0.45,PURE_019,PURE_019::hashimoto,hashimoto,6,147
0.45,PURE_019,PURE_019::llmrei-long,llmrei-long,17,147
0.45,PURE_019,PURE_019::sparkme,sparkme,79,147
0.45,PURE_019,PURE_019::proposed_method,proposed_method,79,147
0.55,PURE_019,PURE_019::hashimoto,hashimoto,6,75
0.55,PURE_019,PURE_019::llmrei-long,llmrei-long,11,75
0.55,PURE_019,PURE_019::sparkme,sparkme,44,75
0.55,PURE_019,PURE_019::proposed_method,proposed_method,49,75
0.45,PURE_020,PURE_020::hashimoto,hashimoto,8,132
0.45,PURE_020,PURE_020::llmrei-long,llmrei-long,18,132
0.45,PURE_020,PURE_020::sparkme,sparkme,69,132
0.45,PURE_020,PURE_020::proposed_method,proposed_method,77,132
0.55,PURE_020,PURE_020::hashimoto,hashimoto,5,65
0.55,PURE_020,PURE_020::llmrei-long,llmrei-long,12,65
0.55,PURE_020,PURE_020::sparkme,sparkme,37,65
0.55,PURE_020,PURE_020::proposed_method,proposed_method,42,65
0.45,PURE_021,PURE_021::hashimoto,hashimoto,19,98
0.45,PURE_021,PURE_021::llmrei-long,llmrei-long,9,98
0.45,PURE_021,PURE_021::sparkme,sparkme,51,98
0.45,PURE_021,PURE_021::proposed_method,proposed_method,48,98
0.55,PURE_021,PURE_021::hashimoto,hashimoto,14,46
0.55,PURE_021,PURE_021::llmrei-long,llmrei-long,9,46
0.55,PURE_021,PURE_021::sparkme,sparkme,28,46
0.55,PURE_021,PURE_021::proposed_method,proposed_method,24,46
0.45,PURE_022,PURE_022::hashimoto,hashimoto,20,152
0.45,PURE_022,PURE_022::llmrei-long,llmrei-long,32,152
0.45,PURE_022,PURE_022::sparkme,sparkme,76,152
0.45,PURE_022,PURE_022::proposed_method,proposed_method,58,152
0.55,PURE_022,PURE_022::hashimoto,hashimoto,15,87
0.55,PURE_022,PURE_022::llmrei-long,llmrei-long,21,87
0.55,PURE_022,PURE_022::sparkme,sparkme,41,87
0.55,PURE_022,PURE_022::proposed_method,proposed_method,45,87
0.45,PURE_023,PURE_023::hashimoto,hashimoto,16,211
0.45,PURE_023,PURE_023::llmrei-long,llmrei-long,31,211
0.45,PURE_023,PURE_023::sparkme,sparkme,86,211
0.45,PURE_023,PURE_023::proposed_method,proposed_method,132,211
0.55,PURE_023,PURE_023::hashimoto,hashimoto,10,100
0.55,PURE_023,PURE_023::llmrei-long,llmrei-long,21,100
0.55,PURE_023,PURE_023::sparkme,sparkme,47,100
0.55,PURE_023,PURE_023::proposed_method,proposed_method,73,100
0.45,PURE_024,PURE_024::hashimoto,hashimoto,11,175
0.45,PURE_024,PURE_024::llmrei-long,llmrei-long,25,175
0.45,PURE_024,PURE_024::sparkme,sparkme,89,175
0.45,PURE_024,PURE_024::proposed_method,proposed_method,114,175
0.55,PURE_024,PURE_024::hashimoto,hashimoto,8,77
0.55,PURE_024,PURE_024::llmrei-long,llmrei-long,16,77
0.55,PURE_024,PURE_024::sparkme,sparkme,49,77
0.55,PURE_024,PURE_024::proposed_method,proposed_method,61,77
0.45,PURE_025,PURE_025::hashimoto,hashimoto,6,147
0.45,PURE_025,PURE_025::llmrei-long,llmrei-long,25,147
0.45,PURE_025,PURE_025::sparkme,sparkme,76,147
0.45,PURE_025,PURE_025::proposed_method,proposed_method,69,147
0.55,PURE_025,PURE_025::hashimoto,hashimoto,5,82
0.55,PURE_025,PURE_025::llmrei-long,llmrei-long,15,82
0.55,PURE_025,PURE_025::sparkme,sparkme,46,82
0.55,PURE_025,PURE_025::proposed_method,proposed_method,44,82
0.45,PURE_026,PURE_026::hashimoto,hashimoto,7,165
0.45,PURE_026,PURE_026::llmrei-long,llmrei-long,29,165
0.45,PURE_026,PURE_026::sparkme,sparkme,92,165
0.45,PURE_026,PURE_026::proposed_method,proposed_method,92,165
0.55,PURE_026,PURE_026::hashimoto,hashimoto,4,74
0.55,PURE_026,PURE_026::llmrei-long,llmrei-long,17,74
0.55,PURE_026,PURE_026::sparkme,sparkme,45,74
0.55,PURE_026,PURE_026::proposed_method,proposed_method,51,74
0.45,PURE_027,PURE_027::hashimoto,hashimoto,7,170
0.45,PURE_027,PURE_027::llmrei-long,llmrei-long,31,170
0.45,PURE_027,PURE_027::sparkme,sparkme,61,170
0.45,PURE_027,PURE_027::proposed_method,proposed_method,111,170
0.55,PURE_027,PURE_027::hashimoto,hashimoto,6,85
0.55,PURE_027,PURE_027::llmrei-long,llmrei-long,20,85
0.55,PURE_027,PURE_027::sparkme,sparkme,35,85
0.55,PURE_027,PURE_027::proposed_method,proposed_method,63,85
0.45,PURE_028,PURE_028::hashimoto,hashimoto,5,129
0.45,PURE_028,PURE_028::llmrei-long,llmrei-long,11,129
0.45,PURE_028,PURE_028::sparkme,sparkme,52,129
0.45,PURE_028,PURE_028::proposed_method,proposed_method,88,129
0.55,PURE_028,PURE_028::hashimoto,hashimoto,3,63
0.55,PURE_028,PURE_028::llmrei-long,llmrei-long,7,63
0.55,PURE_028,PURE_028::sparkme,sparkme,28,63
0.55,PURE_028,PURE_028::proposed_method,proposed_method,44,63
0.45,PURE_029,PURE_029::hashimoto,hashimoto,23,141
0.45,PURE_029,PURE_029::llmrei-long,llmrei-long,26,141
0.45,PURE_029,PURE_029::sparkme,sparkme,67,141
0.45,PURE_029,PURE_029::proposed_method,proposed_method,70,141
0.55,PURE_029,PURE_029::hashimoto,hashimoto,15,70
0.55,PURE_029,PURE_029::llmrei-long,llmrei-long,20,70
0.55,PURE_029,PURE_029::sparkme,sparkme,40,70
0.55,PURE_029,PURE_029::proposed_method,proposed_method,34,70
0.45,PURE_030,PURE_030::hashimoto,hashimoto,16,130
0.45,PURE_030,PURE_030::llmrei-long,llmrei-long,20,130
0.45,PURE_030,PURE_030::sparkme,sparkme,69,130
0.45,PURE_030,PURE_030::proposed_method,proposed_method,63,130
0.55,PURE_030,PURE_030::hashimoto,hashimoto,11,69
0.55,PURE_030,PURE_030::llmrei-long,llmrei-long,16,69
0.55,PURE_030,PURE_030::sparkme,sparkme,41,69
0.55,PURE_030,PURE_030::proposed_method,proposed_method,38,69
0.45,PURE_031,PURE_031::hashimoto,hashimoto,18,141
0.45,PURE_031,PURE_031::llmrei-long,llmrei-long,42,141
0.45,PURE_031,PURE_031::sparkme,sparkme,60,141
0.45,PURE_031,PURE_031::proposed_method,proposed_method,88,141
0.55,PURE_031,PURE_031::hashimoto,hashimoto,13,62
0.55,PURE_031,PURE_031::llmrei-long,llmrei-long,23,62
0.55,PURE_031,PURE_031::sparkme,sparkme,26,62
0.55,PURE_031,PURE_031::proposed_method,proposed_method,48,62
0.45,PURE_032,PURE_032::hashimoto,hashimoto,22,170
0.45,PURE_032,PURE_032::llmrei-long,llmrei-long,19,170
0.45,PURE_032,PURE_032::sparkme,sparkme,93,170
0.45,PURE_032,PURE_032::proposed_method,proposed_method,79,170
0.55,PURE_032,PURE_032::hashimoto,hashimoto,18,95
0.55,PURE_032,PURE_032::llmrei-long,llmrei-long,16,95
0.55,PURE_032,PURE_032::sparkme,sparkme,61,95
0.55,PURE_032,PURE_032::proposed_method,proposed_method,46,95
0.45,PURE_033,PURE_033::hashimoto,hashimoto,8,114
0.45,PURE_033,PURE_033::llmrei-long,llmrei-long,19,114
0.45,PURE_033,PURE_033::sparkme,sparkme,49,114
0.45,PURE_033,PURE_033::proposed_method,proposed_method,62,114
0.55,PURE_033,PURE_033::hashimoto,hashimoto,4,56
0.55,PURE_033,PURE_033::llmrei-long,llmrei-long,15,56
0.55,PURE_033,PURE_033::sparkme,sparkme,31,56
0.55,PURE_033,PURE_033::proposed_method,proposed_method,40,56
0.45,PURE_034,PURE_034::hashimoto,hashimoto,9,139
0.45,PURE_034,PURE_034::llmrei-long,llmrei-long,34,139
0.45,PURE_034,PURE_034::sparkme,sparkme,59,139
0.45,PURE_034,PURE_034::proposed_method,proposed_method,88,139
0.55,PURE_034,PURE_034::hashimoto,hashimoto,5,55
0.55,PURE_034,PURE_034::llmrei-long,llmrei-long,19,55
0.55,PURE_034,PURE_034::sparkme,sparkme,31,55
0.55,PURE_034,PURE_034::proposed_method,proposed_method,34,55
0.45,PURE_035,PURE_035::hashimoto,hashimoto,21,146
0.45,PURE_035,PURE_035::llmrei-long,llmrei-long,12,146
0.45,PURE_035,PURE_035::sparkme,sparkme,76,146
0.45,PURE_035,PURE_035::proposed_method,proposed_method,86,146
0.55,PURE_035,PURE_035::hashimoto,hashimoto,11,60
0.55,PURE_035,PURE_035::llmrei-long,llmrei-long,5,60
0.55,PURE_035,PURE_035::sparkme,sparkme,37,60
0.55,PURE_035,PURE_035::proposed_method,proposed_method,41,60
0.45,PURE_036,PURE_036::hashimoto,hashimoto,15,140
0.45,PURE_036,PURE_036::llmrei-long,llmrei-long,19,140
0.45,PURE_036,PURE_036::sparkme,sparkme,69,140
0.45,PURE_036,PURE_036::proposed_method,proposed_method,69,140
0.55,PURE_036,PURE_036::hashimoto,hashimoto,9,72
0.55,PURE_036,PURE_036::llmrei-long,llmrei-long,15,72
0.55,PURE_036,PURE_036::sparkme,sparkme,43,72
0.55,PURE_036,PURE_036::proposed_method,proposed_method,37,72
0.45,PURE_037,PURE_037::hashimoto,hashimoto,8,157
0.45,PURE_037,PURE_037::llmrei-long,llmrei-long,16,157
0.45,PURE_037,PURE_037::sparkme,sparkme,63,157
0.45,PURE_037,PURE_037::proposed_method,proposed_method,96,157
0.55,PURE_037,PURE_037::hashimoto,hashimoto,5,76
0.55,PURE_037,PURE_037::llmrei-long,llmrei-long,9,76
0.55,PURE_037,PURE_037::sparkme,sparkme,38,76
0.55,PURE_037,PURE_037::proposed_method,proposed_method,53,76
0.45,PURE_038,PURE_038::hashimoto,hashimoto,6,127
0.45,PURE_038,PURE_038::llmrei-long,llmrei-long,22,127
0.45,PURE_038,PURE_038::sparkme,sparkme,51,127
0.45,PURE_038,PURE_038::proposed_method,proposed_method,77,127
0.55,PURE_038,PURE_038::hashimoto,hashimoto,4,61
0.55,PURE_038,PURE_038::llmrei-long,llmrei-long,14,61
0.55,PURE_038,PURE_038::sparkme,sparkme,26,61
0.55,PURE_038,PURE_038::proposed_method,proposed_method,42,61
0.45,PURE_039,PURE_039::hashimoto,hashimoto,17,129
0.45,PURE_039,PURE_039::llmrei-long,llmrei-long,10,129
0.45,PURE_039,PURE_039::sparkme,sparkme,42,129
0.45,PURE_039,PURE_039::proposed_method,proposed_method,95,129
0.55,PURE_039,PURE_039::hashimoto,hashimoto,13,68
0.55,PURE_039,PURE_039::llmrei-long,llmrei-long,7,68
0.55,PURE_039,PURE_039::sparkme,sparkme,27,68
0.55,PURE_039,PURE_039::proposed_method,proposed_method,54,68
0.45,PURE_040,PURE_040::hashimoto,hashimoto,7,144
0.45,PURE_040,PURE_040::llmrei-long,llmrei-long,21,144
0.45,PURE_040,PURE_040::sparkme,sparkme,71,144
0.45,PURE_040,PURE_040::proposed_method,proposed_method,81,144
0.55,PURE_040,PURE_040::hashimoto,hashimoto,7,68
0.55,PURE_040,PURE_040::llmrei-long,llmrei-long,12,68
0.55,PURE_040,PURE_040::sparkme,sparkme,37,68
0.55,PURE_040,PURE_040::proposed_method,proposed_method,47,68
0.45,PURE_041,PURE_041::hashimoto,hashimoto,30,234
0.45,PURE_041,PURE_041::llmrei-long,llmrei-long,32,234
0.45,PURE_041,PURE_041::sparkme,sparkme,95,234
0.45,PURE_041,PURE_041::proposed_method,proposed_method,140,234
0.55,PURE_041,PURE_041::hashimoto,hashimoto,21,111
0.55,PURE_041,PURE_041::llmrei-long,llmrei-long,25,111
0.55,PURE_041,PURE_041::sparkme,sparkme,50,111
0.55,PURE_041,PURE_041::proposed_method,proposed_method,75,111
0.45,PURE_042,PURE_042::hashimoto,hashimoto,31,138
0.45,PURE_042,PURE_042::llmrei-long,llmrei-long,26,138
0.45,PURE_042,PURE_042::sparkme,sparkme,47,138
0.45,PURE_042,PURE_042::proposed_method,proposed_method,92,138
0.55,PURE_042,PURE_042::hashimoto,hashimoto,17,62
0.55,PURE_042,PURE_042::llmrei-long,llmrei-long,19,62
0.55,PURE_042,PURE_042::sparkme,sparkme,30,62
0.55,PURE_042,PURE_042::proposed_method,proposed_method,43,62
0.45,PURE_043,PURE_043::hashimoto,hashimoto,4,165
0.45,PURE_043,PURE_043::llmrei-long,llmrei-long,19,165
0.45,PURE_043,PURE_043::sparkme,sparkme,77,165
0.45,PURE_043,PURE_043::proposed_method,proposed_method,96,165
0.55,PURE_043,PURE_043::hashimoto,hashimoto,4,76
0.55,PURE_043,PURE_043::llmrei-long,llmrei-long,14,76
0.55,PURE_043,PURE_043::sparkme,sparkme,39,76
0.55,PURE_043,PURE_043::proposed_method,proposed_method,53,76
0.45,PURE_044,PURE_044::hashimoto,hashimoto,19,262
0.45,PURE_044,PURE_044::llmrei-long,llmrei-long,43,262
0.45,PURE_044,PURE_044::sparkme,sparkme,118,262
0.45,PURE_044,PURE_044::proposed_method,proposed_method,123,262
0.55,PURE_044,PURE_044::hashimoto,hashimoto,13,127
0.55,PURE_044,PURE_044::llmrei-long,llmrei-long,34,127
0.55,PURE_044,PURE_044::sparkme,sparkme,72,127
0.55,PURE_044,PURE_044::proposed_method,proposed_method,62,127
0.45,PURE_045,PURE_045::hashimoto,hashimoto,28,135
0.45,PURE_045,PURE_045::llmrei-long,llmrei-long,36,135
0.45,PURE_045,PURE_045::sparkme,sparkme,61,135
0.45,PURE_045,PURE_045::proposed_method,proposed_method,65,135
0.55,PURE_045,PURE_045::hashimoto,hashimoto,19,70
0.55,PURE_045,PURE_045::llmrei-long,llmrei-long,24,70
0.55,PURE_045,PURE_045::sparkme,sparkme,43,70
0.55,PURE_045,PURE_045::proposed_method,proposed_method,39,70
0.45,PURE_046,PURE_046::hashimoto,hashimoto,12,110
0.45,PURE_046,PURE_046::llmrei-long,llmrei-long,29,110
0.45,PURE_046,PURE_046::sparkme,sparkme,56,110
0.45,PURE_046,PURE_046::proposed_method,proposed_method,51,110
0.55,PURE_046,PURE_046::hashimoto,hashimoto,9,58
0.55,PURE_046,PURE_046::llmrei-long,llmrei-long,22,58
0.55,PURE_046,PURE_046::sparkme,sparkme,34,58
0.55,PURE_046,PURE_046::proposed_method,proposed_method,32,58
0.45,PURE_047,PURE_047::hashimoto,hashimoto,6,139
0.45,PURE_047,PURE_047::llmrei-long,llmrei-long,18,139
0.45,PURE_047,PURE_047::sparkme,sparkme,79,139
0.45,PURE_047,PURE_047::proposed_method,proposed_method,87,139
0.55,PURE_047,PURE_047::hashimoto,hashimoto,6,60
0.55,PURE_047,PURE_047::llmrei-long,llmrei-long,13,60
0.55,PURE_047,PURE_047::sparkme,sparkme,39,60
0.55,PURE_047,PURE_047::proposed_method,proposed_method,42,60
0.45,PURE_048,PURE_048::hashimoto,hashimoto,30,160
0.45,PURE_048,PURE_048::llmrei-long,llmrei-long,29,160
0.45,PURE_048,PURE_048::sparkme,sparkme,64,160
0.45,PURE_048,PURE_048::proposed_method,proposed_method,74,160
0.55,PURE_048,PURE_048::hashimoto,hashimoto,20,82
0.55,PURE_048,PURE_048::llmrei-long,llmrei-long,21,82
0.55,PURE_048,PURE_048::sparkme,sparkme,38,82
0.55,PURE_048,PURE_048::proposed_method,proposed_method,46,82
0.45,PURE_049,PURE_049::hashimoto,hashimoto,7,169
0.45,PURE_049,PURE_049::llmrei-long,llmrei-long,21,169
0.45,PURE_049,PURE_049::sparkme,sparkme,94,169
0.45,PURE_049,PURE_049::proposed_method,proposed_method,90,169
0.55,PURE_049,PURE_049::hashimoto,hashimoto,4,89
0.55,PURE_049,PURE_049::llmrei-long,llmrei-long,17,89
0.55,PURE_049,PURE_049::sparkme,sparkme,52,89
0.55,PURE_049,PURE_049::proposed_method,proposed_method,53,89
0.45,PURE_050,PURE_050::hashimoto,hashimoto,7,150
0.45,PURE_050,PURE_050::llmrei-long,llmrei-long,23,150
0.45,PURE_050,PURE_050::sparkme,sparkme,81,150
0.45,PURE_050,PURE_050::proposed_method,proposed_method,77,150
0.55,PURE_050,PURE_050::hashimoto,hashimoto,4,70
0.55,PURE_050,PURE_050::llmrei-long,llmrei-long,14,70
0.55,PURE_050,PURE_050::sparkme,sparkme,43,70
0.55,PURE_050,PURE_050::proposed_method,proposed_method,41,70
0.45,PURE_051,PURE_051::hashimoto,hashimoto,5,131
0.45,PURE_051,PURE_051::llmrei-long,llmrei-long,25,131
0.45,PURE_051,PURE_051::sparkme,sparkme,68,131
0.45,PURE_051,PURE_051::proposed_method,proposed_method,71,131
0.55,PURE_051,PURE_051::hashimoto,hashimoto,5,68
0.55,PURE_051,PURE_051::llmrei-long,llmrei-long,16,68
0.55,PURE_051,PURE_051::sparkme,sparkme,42,68
0.55,PURE_051,PURE_051::proposed_method,proposed_method,41,68
0.45,PURE_052,PURE_052::hashimoto,hashimoto,18,203
0.45,PURE_052,PURE_052::llmrei-long,llmrei-long,15,203
0.45,PURE_052,PURE_052::sparkme,sparkme,100,203
0.45,PURE_052,PURE_052::proposed_method,proposed_method,109,203
0.55,PURE_052,PURE_052::hashimoto,hashimoto,13,101
0.55,PURE_052,PURE_052::llmrei-long,llmrei-long,12,101
0.55,PURE_052,PURE_052::sparkme,sparkme,62,101
0.55,PURE_052,PURE_052::proposed_method,proposed_method,55,101
0.45,PURE_053,PURE_053::hashimoto,hashimoto,19,202
0.45,PURE_053,PURE_053::llmrei-long,llmrei-long,31,202
0.45,PURE_053,PURE_053::sparkme,sparkme,101,202
0.45,PURE_053,PURE_053::proposed_method,proposed_method,108,202
0.55,PURE_053,PURE_053::hashimoto,hashimoto,12,92
0.55,PURE_053,PURE_053::llmrei-long,llmrei-long,22,92
0.55,PURE_053,PURE_053::sparkme,sparkme,49,92
0.55,PURE_053,PURE_053::proposed_method,proposed_method,55,92
0.45,PURE_054,PURE_054::hashimoto,hashimoto,20,178
0.45,PURE_054,PURE_054::llmrei-long,llmrei-long,39,178
0.45,PURE_054,PURE_054::sparkme,sparkme,56,178
0.45,PURE_054,PURE_054::proposed_method,proposed_method,99,178
0.55,PURE_054,PURE_054::hashimoto,hashimoto,15,94
0.55,PURE_054,PURE_054::llmrei-long,llmrei-long,22,94
0.55,PURE_054,PURE_054::sparkme,sparkme,38,94
0.55,PURE_054,PURE_054::proposed_method,proposed_method,57,94
0.45,PURE_055,PURE_055::hashimoto,hashimoto,25,212
0.45,PURE_055,PURE_055::llmrei-long,llmrei-long,24,212
0.45,PURE_055,PURE_055::sparkme,sparkme,116,212
0.45,PURE_055,PURE_055::proposed_method,proposed_method,112,212
0.55,PURE_055,PURE_055::hashimoto,hashimoto,15,99
0.55,PURE_055,PURE_055::llmrei-long,llmrei-long,16,99
0.55,PURE_055,PURE_055::sparkme,sparkme,59,99
0.55,PURE_055,PURE_055::proposed_method,proposed_method,59,99
0.45,PURE_056,PURE_056::hashimoto,hashimoto,26,154
0.45,PURE_056,PURE_056::llmrei-long,llmrei-long,24,154
0.45,PURE_056,PURE_056::sparkme,sparkme,61,154
0.45,PURE_056,PURE_056::proposed_method,proposed_method,95,154
0.55,PURE_056,PURE_056::hashimoto,hashimoto,15,76
0.55,PURE_056,PURE_056::llmrei-long,llmrei-long,15,76
0.55,PURE_056,PURE_056::sparkme,sparkme,38,76
0.55,PURE_056,PURE_056::proposed_method,proposed_method,53,76
0.45,PURE_057,PURE_057::hashimoto,hashimoto,20,187
0.45,PURE_057,PURE_057::llmrei-long,llmrei-long,12,187
0.45,PURE_057,PURE_057::sparkme,sparkme,97,187
0.45,PURE_057,PURE_057::proposed_method,proposed_method,103,187
0.55,PURE_057,PURE_057::hashimoto,hashimoto,14,93
0.55,PURE_057,PURE_057::llmrei-long,llmrei-long,8,93
0.55,PURE_057,PURE_057::sparkme,sparkme,54,93
0.55,PURE_057,PURE_057::proposed_method,proposed_method,61,93
0.45,PURE_058,PURE_058::hashimoto,hashimoto,16,167
0.45,PURE_058,PURE_058::llmrei-long,llmrei-long,33,167
0.45,PURE_058,PURE_058::sparkme,sparkme,65,167
0.45,PURE_058,PURE_058::proposed_method,proposed_method,94,167
0.55,PURE_058,PURE_058::hashimoto,hashimoto,12,75
0.55,PURE_058,PURE_058::llmrei-long,llmrei-long,21,75
0.55,PURE_058,PURE_058::sparkme,sparkme,37,75
0.55,PURE_058,PURE_058::proposed_method,proposed_method,48,75
0.45,PURE_059,PURE_059::hashimoto,hashimoto,8,70
0.45,PURE_059,PURE_059::llmrei-long,llmrei-long,17,70
0.45,PURE_059,PURE_059::sparkme,sparkme,40,70
0.45,PURE_059,PURE_059::proposed_method,proposed_method,38,70
0.55,PURE_059,PURE_059::hashimoto,hashimoto,5,34
0.55,PURE_059,PURE_059::llmrei-long,llmrei-long,8,34
0.55,PURE_059,PURE_059::sparkme,sparkme,20,34
0.55,PURE_059,PURE_059::proposed_method,proposed_method,19,34
0.45,PURE_060,PURE_060::hashimoto,hashimoto,12,113
0.45,PURE_060,PURE_060::llmrei-long,llmrei-long,11,113
0.45,PURE_060,PURE_060::sparkme,sparkme,52,113
0.45,PURE_060,PURE_060::proposed_method,proposed_method,68,113
0.55,PURE_060,PURE_060::hashimoto,hashimoto,9,51
0.55,PURE_060,PURE_060::llmrei-long,llmrei-long,8,51
0.55,PURE_060,PURE_060::sparkme,sparkme,25,51
0.55,PURE_060,PURE_060::proposed_method,proposed_method,35,51
0.45,PURE_061,PURE_061::hashimoto,hashimoto,10,184
0.45,PURE_061,PURE_061::llmrei-long,llmrei-long,16,184
0.45,PURE_061,PURE_061::sparkme,sparkme,90,184
0.45,PURE_061,PURE_061::proposed_method,proposed_method,101,184
0.55,PURE_061,PURE_061::hashimoto,hashimoto,8,88
0.55,PURE_061,PURE_061::llmrei-long,llmrei-long,11,88
0.55,PURE_061,PURE_061::sparkme,sparkme,48,88
0.55,PURE_061,PURE_061::proposed_method,proposed_method,59,88
0.45,PURE_062,PURE_062::hashimoto,hashimoto,21,169
0.45,PURE_062,PURE_062::llmrei-long,llmrei-long,39,169
0.45,PURE_062,PURE_062::sparkme,sparkme,86,169
0.45,PURE_062,PURE_062::proposed_method,proposed_method,79,169
0.55,PURE_062,PURE_062::hashimoto,hashimoto,17,76
0.55,PURE_062,PURE_062::llmrei-long,llmrei-long,22,76
0.55,PURE_062,PURE_062::sparkme,sparkme,45,76
0.55,PURE_062,PURE_062::proposed_method,proposed_method,43,76
0.45,PURE_063,PURE_063::hashimoto,hashimoto,18,206
0.45,PURE_063,PURE_063::llmrei-long,llmrei-long,23,206
0.45,PURE_063,PURE_063::sparkme,sparkme,108,206
0.45,PURE_063,PURE_063::proposed_method,proposed_method,107,206
0.55,PURE_063,PURE_063::hashimoto,hashimoto,15,89
0.55,PURE_063,PURE_063::llmrei-long,llmrei-long,18,89
0.55,PURE_063,PURE_063::sparkme,sparkme,53,89
0.55,PURE_063,PURE_063::proposed_method,proposed_method,52,89
0.45,PURE_064,PURE_064::hashimoto,hashimoto,26,159
0.45,PURE_064,PURE_064::llmrei-long,llmrei-long,21,159
0.45,PURE_064,PURE_064::sparkme,sparkme,70,159
0.45,PURE_064,PURE_064::proposed_method,proposed_method,81,159
0.55,PURE_064,PURE_064::hashimoto,hashimoto,16,75
0.55,PURE_064,PURE_064::llmrei-long,llmrei-long,16,75
0.55,PURE_064,PURE_064::sparkme,sparkme,39,75
0.55,PURE_064,PURE_064::proposed_method,proposed_method,41,75
0.45,PURE_065,PURE_065::hashimoto,hashimoto,10,208
0.45,PURE_065,PURE_065::llmrei-long,llmrei-long,44,208
0.45,PURE_065,PURE_065::sparkme,sparkme,100,208
0.45,PURE_065,PURE_065::proposed_method,proposed_method,114,208
0.55,PURE_065,PURE_065::hashimoto,hashimoto,8,103
0.55,PURE_065,PURE_065::llmrei-long,llmrei-long,32,103
0.55,PURE_065,PURE_065::sparkme,sparkme,57,103
0.55,PURE_065,PURE_065::proposed_method,proposed_method,66,103
0.45,PURE_066,PURE_066::hashimoto,hashimoto,19,182
0.45,PURE_066,PURE_066::llmrei-long,llmrei-long,38,182
0.45,PURE_066,PURE_066::sparkme,sparkme,76,182
0.45,PURE_066,PURE_066::proposed_method,proposed_method,99,182
0.55,PURE_066,PURE_066::hashimoto,hashimoto,13,92
0.55,PURE_066,PURE_066::llmrei-long,llmrei-long,25,92
0.55,PURE_066,PURE_066::sparkme,sparkme,48,92
0.55,PURE_066,PURE_066::proposed_method,proposed_method,56,92
0.45,PURE_067,PURE_067::hashimoto,hashimoto,15,115
0.45,PURE_067,PURE_067::llmrei-long,llmrei-long,16,115
0.45,PURE_067,PURE_067::sparkme,sparkme,61,115
0.45,PURE_067,PURE_067::proposed_method,proposed_method,64,115
0.55,PURE_067,PURE_067::hashimoto,hashimoto,10,59
0.55,PURE_067,PURE_067::llmrei-long,llmrei-long,12,59
0.55,PURE_067,PURE_067::sparkme,sparkme,35,59
0.55,PURE_067,PURE_067::proposed_method,proposed_method,33,59
0.45,PURE_068,PURE_068::hashimoto,hashimoto,27,247
0.45,PURE_068,PURE_068::llmrei-long,llmrei-long,48,247
0.45,PURE_068,PURE_068::sparkme,sparkme,80,247
0.45,PURE_068,PURE_068::proposed_method,proposed_method,164,247
0.55,PURE_068,PURE_068::hashimoto,hashimoto,18,120
0.55,PURE_068,PURE_068::llmrei-long,llmrei-long,31,120
0.55,PURE_068,PURE_068::sparkme,sparkme,45,120
0.55,PURE_068,PURE_068::proposed_method,proposed_method,93,120
0.45,PURE_069,PURE_069::hashimoto,hashimoto,13,180
0.45,PURE_069,PURE_069::llmrei-long,llmrei-long,12,180
0.45,PURE_069,PURE_069::sparkme,sparkme,93,180
0.45,PURE_069,PURE_069::proposed_method,proposed_method,102,180
0.55,PURE_069,PURE_069::hashimoto,hashimoto,8,82
0.55,PURE_069,PURE_069::llmrei-long,llmrei-long,9,82
0.55,PURE_069,PURE_069::sparkme,sparkme,52,82
0.55,PURE_069,PURE_069::proposed_method,proposed_method,55,82
