requirement_id,run_index,status,evidence_ids,rationale,limitation,decision,revised_status,revised_evidence_ids,revised_rationale,revised_limitation,notes
FR-001,1,observed_partial,EV-01-SCEN-FR-001-03-01,"The analyst submitted a goal and received HTTP 201 with a new item ID, establishing goal capture.","Capture of scenarios, policies, requirements, and legal-compliance information was not tested.",accept,,,,,
FR-002,1,not_observable,EV-01-SCEN-FR-002-04-04; EV-01-SCEN-FR-002-04-01,"No required obligation was established. The recorded requests created and retrieved a requirement item, but did not exercise tracing a goal to a source policy.","No goal, source policy, or trace between them was recorded.",accept,,,,,
FR-003,1,not_observable,EV-01-SCEN-FR-003-05-01,"An analysis item was created after the request supplied two classifications, but the response shows only an item ID and draft status. No classification being applied or used to organize the item was observed; no complete required behaviour was established.",The recorded evidence does not show the item's stored classifications or any classification-based organization.,accept,,,,,
FR-004,1,not_observable,EV-01-SCEN-FR-004-06-04; EV-01-SCEN-FR-004-06-01,"None of the required comparison behaviour was established. The preparation created an item, but did not establish analyses produced by different people. The comparison request was rejected as having an invalid version.","No recorded request compares existing analyses produced by different people, so the comparison capability remains untested.",accept,,,,,
FR-005,1,not_observable,EV-01-SCEN-FR-005-07-04; EV-01-SCEN-FR-005-07-01,"A requirement item was created and retrieved, but neither response shows a connection to a policy or legal obligation. No complete required behaviour was established.","Creating, viewing, and retaining traceable connections between security or privacy requirements and their source policies or legal obligations were not tested.",accept,,,,,
FR-006,1,not_observable,EV-01-SCEN-FR-006-08-04; EV-01-SCEN-FR-006-08-01,"None of the collaboration obligations was established. One analyst created an item, but the comparison request was rejected as an invalid version; the record does not establish that both requested versions existed.","The evidence does not show different people working on the same analysis, a valid comparison of their results, or the ability to spot gaps or inconsistencies.",accept,,,,,
QR-001,1,not_observable,EV-01-SCEN-QR-001-09-01,"The analyst created a draft requirement item, but no analysis was produced or assessed. None of the stated quality or time outcomes was established.","No evidence compares analysis completeness, consistency, or time required.",accept,,,,,
FR-007,1,not_observable,EV-01-SCEN-FR-007-10-04; EV-01-SCEN-FR-007-10-01,"A requirement was created and retrieved, but neither response shows how it was derived. No complete obligation was positively established or demonstrably violated.",The recorded item response does not establish whether derivation evidence is available elsewhere in the system.,accept,,,,,
FR-008,1,not_observable,EV-01-SCEN-FR-008-11-01,"No complete obligation was established. An analyst-labeled request created a draft item, but this alone does not show appropriate access across different roles or protection of sensitive information.",Access by other roles and controls protecting sensitive information were not tested.,accept,,,,,
EX-001,1,not_observable,EV-01-SCEN-EX-001-12-01,"None of the required behaviours is established. The analyst submitted an item with an assumption and an unresolved flag, but the response shows only an item ID and draft status; it does not show that those values were recorded or made visible in the analysis.","Whether the analyst can flag the gap, record assumptions, and mark the item as unresolved and visible remains untested without a response or readback showing those values.",accept,,,,,
EX-002,1,observed_partial,EV-01-SCEN-EX-002-13-01,"The import accepted both submitted policy versions and returned a separate ID for each, establishing that both versions could be captured.","The response does not show the conflict being highlighted for later resolution, and no follow-up observation tests that obligation.",accept,,,,,
EX-003,1,not_observable,EV-01-SCEN-EX-003-14-01,"None of the required behavior was observed. An analyst created a draft requirement with no trace links, but the evidence does not show that traceability could not be established or that an analysis was performed.",Whether the system documents an untraceable item as an exception and keeps the resulting partial analysis usable and clearly labeled remains untested.,accept,,,,,
FR-009,1,not_observable,EV-01-SCEN-FR-009-15-04; EV-01-SCEN-FR-009-15-01,"None of the required change-history behavior was established. The evidence shows an item being created and its current state being read, but no subsequent change or history record.",Whether the system retains a full history of changes remains untested.,accept,,,,,
FR-010,1,not_observable,EV-01-SCEN-FR-010-16-04; EV-01-SCEN-FR-010-16-01,"An item was created and then changed with X-User set to analyst, but neither response shows the user or a change timestamp recorded for the change. No required obligation is established.","No audit record or readback shows whether the system identifies the user and timestamp for the change. The HTTP Date header is a response timestamp, not evidence of a recorded change timestamp.",accept,,,,,
FR-011,1,not_observable,EV-01-SCEN-FR-011-17-01; EV-01-SCEN-FR-011-17-04,"None of the required recording behaviour is established. The user provided a reason when updating a created item, and the update returned 200, but the response shows only the item ID and status.",No response or readback shows whether the reason was recorded.,accept,,,,,
FR-012,1,not_observable,EV-01-SCEN-FR-012-18-04; EV-01-SCEN-FR-012-18-01,"None of the required comparison behaviour was established. One requirement item was created, but no earlier or second version was recorded. The comparison request for versions 1 and 2 returned 'invalid version', so it did not exercise comparison of two established versions.","Side-by-side comparison and its display of differences in goals, requirements, or trace links remain untested.",accept,,,,,
FR-013,1,not_observable,EV-01-SCEN-FR-013-20-04; EV-01-SCEN-FR-013-20-01,"An analyst created an item and received HTTP 200 when submitting an edit, but the edit response showed only the item ID and status. No required save behaviour was established.",No response or readback shows that the changed content was saved immediately.,accept,,,,,
FR-014,1,not_observable,EV-01-SCEN-FR-014-21-01; EV-01-SCEN-FR-014-21-04,"None of the required edit-and-review behavior is established. The item was created in draft state, and a subsequent request to set its status to pending returned draft; the record does not show that an edit was applied and placed in draft or pending state awaiting review.","No completed edit affecting traceability, policy interpretation, or legal compliance, or review outcome, was observed.",accept,,,,,
FR-015,1,not_observable,EV-01-SCEN-FR-015-22-01; EV-01-SCEN-FR-015-22-04,"None of the required review paths is established. An analyst created a draft item, then received a generic 403 when attempting to review it with a reason of “higher-risk change.” That rejection does not show that peer review is the normal path or that higher-risk changes are routed to project managers.","No successful peer review, project-manager intervention for a higher-risk or contentious change, or administrator handling of an access or system-level issue was observed.",accept,,,,,
FR-016,1,observed_partial,EV-01-SCEN-FR-016-24-04; EV-01-SCEN-FR-016-24-01,The analyst created item 1 in draft and then received a successful response to an edit request for that item. This supports the creator's ability to edit while the item is in draft.,Editing by the creator while the item is pending was not tested. The response did not show the updated content or its persistence.,accept,,,,,
FR-017,1,not_observable,EV-01-SCEN-FR-017-25-04; EV-01-SCEN-FR-017-25-01,"An analyst created a draft item and received HTTP 200 for a request to revise its content. The response shows the item remained in draft, but does not show that the revised content was applied. No complete required capability is established.",Whether the draft revision took effect is unknown. Withdrawal and the ability to act on a pending item before review were not tested.,accept,,,,,
FR-018,1,not_observable,EV-01-SCEN-FR-018-26-01,"No required visibility branch was established. The analyst's item list was empty, so the response did not show that another analyst could see an existing draft.","No draft was shown to exist, and no project-manager view was recorded.",accept,,,,,
FR-019,1,observed_partial,EV-01-SCEN-FR-019-27-04; EV-01-SCEN-FR-019-27-01,"A newly created draft requiring review was retrieved with its content hidden (`content: null`), despite content having been submitted. This demonstrates limited content visibility for the draft awaiting approval.",The evidence does not test a draft containing sensitive material or show whether other viewers can access this draft.,accept,,,,,
FR-020,1,not_observable,EV-01-SCEN-FR-020-28-04; EV-01-SCEN-FR-020-28-01,"The item was created as a draft, and an analyst's request to move it to final was rejected. No complete required branch was established: the generic 'review forbidden' response does not show that the rejection was due to missing sign-off by the required reviewer.","The evidence does not establish which reviewer was required, whether sign-off occurred, or whether either reviewed or final transitions are gated on that sign-off.",accept,,,,,
FR-021,1,not_observable,EV-01-SCEN-FR-021-29-01; EV-01-SCEN-FR-021-29-04,"An item was created in draft status, but the attempted review was forbidden. No item was observed being reviewed or finalized, so no required approval-history recording was established or violated.",Approval history after a completed review or finalization was not observed.,accept,,,,,
FR-022,1,not_observable,EV-01-SCEN-FR-022-30-04; EV-01-SCEN-FR-022-30-01,"No required obligation was established. The item was created as a draft, and the edit response also reported draft status; the evidence does not show an edit to a final item.",Whether an edit to a final item creates a new revision and preserves the approved version remains untested.,accept,,,,,
FR-023,1,not_observable,EV-01-SCEN-FR-023-31-04; EV-01-SCEN-FR-023-31-01,"No required obligation was established. The item was created as a draft, and a comparison request for versions 1 and 2 returned “invalid version.” The evidence does not establish an approved version or a finalized item.",Whether an approved version remains intact and available for audit and comparison after finalization was not tested.,accept,,,,,
FR-024,1,not_observable,EV-01-SCEN-FR-024-32-01,"None of the required draft-visibility obligations were established. The analyst's item-list request returned an empty list, so it showed no draft or draft details.","No draft item was observed, so visibility to another role of its existence, owner, rough subject, and review status remains untested.",accept,,,,,
FR-025,1,observed_partial,EV-01-SCEN-FR-025-33-04; EV-01-SCEN-FR-025-33-01,"The created draft contained full text, but the subsequent response for that review-required draft returned content: null and only a summary. This establishes that its full content was hidden in the observed review-required case.",No sensitive draft was tested. The record does not explicitly establish that requiring review means the item was still under discussion.,accept,,,,,
FR-026,1,not_observable,EV-01-SCEN-FR-026-34-01,"No required branch was established. The general analyst received an empty item list, so the response shows no draft-item detail to compare.",No draft item or response for a project manager or assigned reviewer was observed; the required detail comparison remains untested.,accept,,,,,
FR-027,1,not_observable,EV-01-SCEN-FR-027-35-01,None of the required restriction was exercised. The recorded request was made as an analyst and returned an empty item list; it does not show what a guest can see about drafts.,"No guest request, draft content, or project setting explicitly allowing draft visibility was observed.",accept,,,,,
FR-028,1,observed_satisfied,EV-01-SCEN-FR-028-36-04; EV-01-SCEN-FR-028-36-01,"The analyst created an item in project alpha and retrieved that same item while it was a draft. The response showed its existence and basic metadata, including its status, owner, and summary, but returned null for content instead of the submitted text. This establishes the visibility and concealment required for the recorded unapproved item.","The evidence does not test an approved or explicitly shared item, or independently verify the project's access policy.",accept,,,,,
FR-029,1,not_observable,EV-01-SCEN-FR-029-37-04; EV-01-SCEN-FR-029-37-01,"None of the required access restrictions was exercised: the created item was returned with sensitive=false, and the reader was its owner.","No sensitive item was read by an author, reviewer, administrator, or someone outside those groups, so metadata access for sensitive items remains untested.",accept,,,,,
DI-001,1,not_observable,EV-01-SCEN-DI-001-38-01,"No import from a document source was established. The request submitted a JSON item with a DOCX filename in its source field, and the response reported an imported ID.",The evidence does not show the system reading or extracting content from a document source.,accept,,,,,
DI-002,1,not_observable,EV-01-SCEN-DI-002-39-01,"None of the required import paths is established. The service created a record from a JSON item, but the recorded request did not submit a spreadsheet or an identifiable structured export from another requirements tool. The source value ""export.xlsx"" is only a field in the item.",Importing an actual spreadsheet or structured export from another requirements tool remains untested.,accept,,,,,
DI-003,1,observed_satisfied,EV-01-SCEN-DI-003-40-01,The import endpoint accepted a policy reference marked as repository-sourced and returned an imported record ID. This demonstrates support for importing a policy reference from a repository source; the requirement permits policy or compliance references.,"The evidence does not show the system retrieving the reference directly from an upstream repository, but the requirement does not specify a retrieval mechanism.",accept,,,,,
FR-030,1,not_observable,EV-01-SCEN-FR-030-41-01,"None of the required structure-preservation obligations is established. The import accepted a goal and a requirement and returned IDs, but the response does not show that their structure or links were preserved.","No imported scenario was supplied, and no readback shows preservation of goals, scenarios, requirements, policy links, or traceability.",accept,,,,,
FR-031,1,not_observable,EV-01-SCEN-FR-031-42-01,"The import returned an ID, but no retained classifications, tags, or version references were shown. None of the required retention obligations was established.","No imported-record response or readback shows whether the classifications, tags, and version reference were retained.",accept,,,,,
FR-001,2,observed_partial,EV-02-SCEN-FR-001-03-01; EV-02-SCEN-FR-001-03-02,"The goal-capture command succeeded and returned the new goal ID, establishing the ability to capture a goal.","Capture of scenarios, policies, requirements, and legal-compliance information was not tested.",accept,,,,,
FR-002,2,not_observable,EV-02-SCEN-FR-002-04-02,"No required tracing behaviour was established. The displayed record is a requirement, not a goal traced to a source policy.",No goal-to-source-policy relationship or trace result was observed.,accept,,,,,
FR-003,2,not_observable,EV-02-SCEN-FR-003-05-01; EV-02-SCEN-FR-003-05-02,"The add command accepted two requested classifications and returned an item ID, but no observed output shows that either classification was applied or can be used to organize the item. No complete required behavior is established.",No readback or use of the item's classifications was captured.,accept,,,,,
FR-004,2,not_observable,EV-02-SCEN-FR-004-06-01; EV-02-SCEN-FR-004-06-02,No required obligation was demonstrated. The recorded command viewed a single requirement record; it did not compare analyses produced by different people.,No analyses by different people or comparison operation was observed.,accept,,,,,
FR-005,2,not_observable,EV-02-SCEN-FR-005-07-02,"None of the required traceability behaviour was observed. The command displayed a requirement record, but showed no connection to a policy or legal obligation.","Whether the system can create, retain, or display traceable connections from security and privacy requirements to their source policies and legal obligations remains untested.",accept,,,,,
FR-006,2,not_observable,EV-02-SCEN-FR-006-08-01; EV-02-SCEN-FR-006-08-02,The command successfully viewed one requirement in analysis a1. None of the required collaboration capabilities was established.,"The evidence does not show different people working on the same analysis, comparing their results, or identifying gaps or inconsistencies.",accept,,,,,
QR-001,2,not_observable,EV-02-SCEN-QR-001-09-01; EV-02-SCEN-QR-001-09-02,"The command successfully added one structured requirement item, but this establishes none of the stated outcomes: more complete analyses, more consistent analyses, or producing them in less time.","No analyses, comparisons of completeness or consistency, or time measurements were recorded.",accept,,,,,
FR-007,2,not_observable,EV-02-SCEN-FR-007-10-01; EV-02-SCEN-FR-007-10-02,"None of the required derivation evidence is established. The recorded view returns a requirement's metadata and content, but shows nothing about how it was derived.",The record does not show whether derivation evidence is available elsewhere in the system.,accept,,,,,
FR-008,2,not_observable,EV-02-SCEN-FR-008-11-01; EV-02-SCEN-FR-008-11-02,A guest-role request returned a record marked non-sensitive. This does not establish any complete access-control obligation: no difference between roles or protection of sensitive information was exercised.,Access for other roles and restrictions on sensitive information remain untested.,accept,,,,,
EX-001,2,observed_partial,EV-02-SCEN-EX-001-12-01; EV-02-SCEN-EX-001-12-02,"The analyst successfully added a gap item for an incomplete source policy and received its ID, establishing the ability to flag the gap.",The response does not show whether the submitted assumption was recorded or whether the item was marked unresolved and made visible in the analysis.,accept,,,,,
EX-002,2,not_observable,EV-02-SCEN-EX-002-13-01; EV-02-SCEN-EX-002-13-02,The command successfully added one policy entry. No complete required obligation is established: the record does not show two conflicting versions captured or a conflict highlighted.,"The existing policy, retention of both versions, and conflict highlighting were not observed.",accept,,,,,
EX-003,2,not_observable,EV-02-SCEN-EX-003-14-01; EV-02-SCEN-EX-003-14-02,"The command added an item whose content says no source link was established. None of the required behavior was observed: the response shows only the item ID, not that the system documented an exception or labeled an analysis as partial.","The record does not establish that traceability could not be established, how the system handled that condition, or whether the partial analysis remained usable and clearly labeled.",accept,,,,,
FR-009,2,not_observable,EV-02-SCEN-FR-009-15-01; EV-02-SCEN-FR-009-15-02,"No required obligation was established. The recorded view returned a record's current contents, not a history of changes.","No changes or history retrieval were observed, so whether the system keeps a full change history is unknown.",accept,,,,,
FR-010,2,not_observable,EV-02-SCEN-FR-010-16-01; EV-02-SCEN-FR-010-16-02,"The edit command supplied a user name and returned “ok,” but no recorded output or readback shows that the system identified the user who made the change or recorded its timestamp. Neither required obligation is established.",No change record or other output showing the recorded user and timestamp was captured.,accept,,,,,
FR-011,2,not_observable,EV-02-SCEN-FR-011-17-01; EV-02-SCEN-FR-011-17-02,"The user supplied a reason with an edit command, which returned a generic “ok.” No recorded output shows that the reason was stored, so no required obligation is established.",No readback or other record of the saved change and its reason was captured.,accept,,,,,
FR-012,2,not_observable,EV-02-SCEN-FR-012-18-01; EV-02-SCEN-FR-012-18-02,"None of the required comparison behaviour was observed. The command displayed one requirement record, not earlier versions side by side or their differences.","Side-by-side comparison of earlier versions, including differences in goals, requirements, or trace links, remains untested.",accept,,,,,
FR-013,2,not_observable,EV-02-SCEN-FR-013-20-01; EV-02-SCEN-FR-013-20-02,"An analyst-role edit command returned “ok,” but no complete required obligation was established: the response does not show that the change was saved.",No readback or other observation establishes that the edited content was saved immediately.,accept,,,,,
FR-014,2,not_observable,EV-02-SCEN-FR-014-21-01; EV-02-SCEN-FR-014-21-02,None of the required behavior is established. The edit command returned only “ok”; it does not show that the item entered a draft or pending state or remained there until review.,"No item status or review outcome was observed, and the record does not establish whether the specified item existed before the edit.",accept,,,,,
FR-015,2,observed_partial,EV-02-SCEN-FR-015-22-01; EV-02-SCEN-FR-015-22-02,"A project-manager approval was requested with the reason “higher-risk change,” and the command returned “approved.” This supports the project-manager intervention branch.",The evidence does not show peer review as the normal path or administrators handling access or system-level issues. The change’s risk is stated in the request but not independently shown.,accept,,,,,
FR-016,2,not_observable,EV-02-SCEN-FR-016-24-01; EV-02-SCEN-FR-016-24-02,"An edit requested by a user identified as an analyst returned “ok,” but no complete required branch was established: the record’s status and creator were not observed.","It is unknown whether the item was in draft or pending, whether ann created it, or whether the edit was applied.",accept,,,,,
FR-017,2,not_observable,EV-02-SCEN-FR-017-25-01; EV-02-SCEN-FR-017-25-02,"The edit command returned “ok,” but no recorded evidence establishes that item x existed, was created by Ann, was in draft or pending status, or had its content revised. No required obligation or condition branch is established.",Revision and withdrawal by the creating analyst before review remain untested.,accept,,,,,
FR-018,2,not_observable,EV-02-SCEN-FR-018-26-01; EV-02-SCEN-FR-018-26-02,"None of the required draft-visibility branches was established. The project-manager request returned a record with status 'final', not a draft.",Visibility of an existing draft to another analyst and to a project manager remains untested.,accept,,,,,
FR-019,2,not_observable,EV-02-SCEN-FR-019-27-01; EV-02-SCEN-FR-019-27-02,"None of the required visibility limits was exercised. The guest viewed an item recorded as final and non-sensitive, not a sensitive or unapproved draft.",Visibility of sensitive drafts and unapproved drafts remains untested.,accept,,,,,
FR-020,2,not_observable,EV-02-SCEN-FR-020-28-01; EV-02-SCEN-FR-020-28-02,"No required condition branch is established. The approval command returned “approved,” but the record does not show an item moving to reviewed or final.","The required reviewer is not identified, and no item-state transition with or without that reviewer’s sign-off was observed.",accept,,,,,
FR-021,2,not_observable,EV-02-SCEN-FR-021-29-01; EV-02-SCEN-FR-021-29-02,"The approval command returned “approved,” but no history record was shown. Neither the reviewed nor the finalized branch is established.","The evidence does not show an item being reviewed or finalized, or whether approval was recorded in its history.",accept,,,,,
FR-022,2,not_observable,EV-02-SCEN-FR-022-30-01; EV-02-SCEN-FR-022-30-02,"The edit command returned a generic 'ok', but no required obligation was established: the evidence does not show that the item was final, that a new revision was created, or that the approved version was preserved.",The item's final status and the versions before and after the edit were not observed.,accept,,,,,
FR-023,2,not_observable,EV-02-SCEN-FR-023-31-02,"The view returned a final record with content, but no complete obligation was established: it does not show that the approved version was preserved intact.","No approved baseline or post-finalization comparison was recorded, so preservation for audit and comparison remains untested.",accept,,,,,
FR-024,2,not_observable,EV-02-SCEN-FR-024-32-01; EV-02-SCEN-FR-024-32-02,"None of the draft-visibility obligations were exercised. The guest viewed an item whose recorded status was final, not draft.","The evidence does not show whether another role can see a draft's existence, owner, rough subject, or review status.",accept,,,,,
FR-025,2,not_observable,EV-02-SCEN-FR-025-33-02,"None of the required hiding behavior was exercised. The viewed item was final and not sensitive, so its visible content does not test a draft item that is sensitive or still under discussion.",No view of a draft item under either stated condition was recorded.,accept,,,,,
FR-026,2,not_observable,EV-02-SCEN-FR-026-34-01; EV-02-SCEN-FR-026-34-02,None of the required draft-item detail comparisons was established. The recorded project-manager view returned an item whose status was final.,"No draft-item views by a project manager, assigned reviewer, or general analyst were recorded, so their visible detail cannot be compared.",accept,,,,,
FR-027,2,not_observable,EV-02-SCEN-FR-027-35-01; EV-02-SCEN-FR-027-35-02,"No required branch was established. The guest viewed a record marked final, not a draft.",The evidence does not show what a guest can see about drafts when a project has not explicitly allowed it.,accept,,,,,
FR-028,2,not_observable,EV-02-SCEN-FR-028-36-01; EV-02-SCEN-FR-028-36-02,"The guest view returned the item's basic metadata and content, but no complete required branch is established: the record does not show that the guest had the right project access or that the item was unapproved and unshared.","Visibility to a user with the right project access, and content hiding before approval or explicit sharing, remain untested.",accept,,,,,
FR-029,2,not_observable,EV-02-SCEN-FR-029-37-01; EV-02-SCEN-FR-029-37-02,No required branch was exercised: the item viewed by the guest was marked sensitive=false.,"Metadata access for a sensitive item by the author, reviewers, administrators, and other users remains untested.",accept,,,,,
DI-001,2,not_observable,EV-02-SCEN-DI-001-38-01; EV-02-SCEN-DI-001-38-02,No import from a common document source was established. The recorded command used a state JSON file and reported importing 0 items.,Import of content from a common document source remains untested.,accept,,,,,
DI-002,2,not_observable,EV-02-SCEN-DI-002-39-01; EV-02-SCEN-DI-002-39-02,None of the required import capabilities was established. The import command exited successfully but reported importing 0 items.,The evidence does not show a spreadsheet or a structured export from another requirements tool being imported.,accept,,,,,
DI-003,2,not_observable,EV-02-SCEN-DI-003-40-01; EV-02-SCEN-DI-003-40-02,No required obligation was established. The import command completed but reported importing 0 items; the record does not show any policy or compliance reference imported from an upstream repository.,"No upstream repository reference was shown as available for import, and no completed reference import was observed.",accept,,,,,
FR-030,2,not_observable,EV-02-SCEN-FR-030-41-01; EV-02-SCEN-FR-030-41-02,"The import command completed and reported “imported 0 items.” No required preservation obligation is established: the evidence does not show that goals, scenarios, requirements, policy links, or traceability were present in the source or preserved after import.","The source structure and resulting analysis were not captured, so preservation of each required element remains untested.",accept,,,,,
FR-031,2,not_observable,EV-02-SCEN-FR-031-42-01; EV-02-SCEN-FR-031-42-02,"The import command completed but reported importing 0 items. No retention of classifications, tags, or version references was observed.","No imported item with these attributes, or resulting imported record, was captured for comparison.",accept,,,,,
FR-001,3,observed_partial,EV-03-SCEN-FR-001-03-01; EV-03-SCEN-FR-001-03-02,"The create command for a goal succeeded and returned an item ID, supporting the ability to capture goals.","Capturing scenarios, policies, requirements, and legal-compliance information was not tested.",accept,,,,,
FR-002,3,not_observable,EV-03-SCEN-FR-002-04-02,"No required tracing behaviour was established. The output shows a requirement record with no links, not a goal whose source policy could be traced.","No goal, source policy, or attempt to trace a goal to its source policy was observed.",accept,,,,,
FR-003,3,not_observable,EV-03-SCEN-FR-003-05-01; EV-03-SCEN-FR-003-05-02,"None of the required classification behavior is established. The create command supplied two classifications and returned an item ID, but the response does not show that either classification was applied.",No readback or recorded use shows the item organized by its classifications.,accept,,,,,
FR-004,3,not_observable,EV-03-SCEN-FR-004-06-01; EV-03-SCEN-FR-004-06-02,"No required comparison capability was established or refuted. The recorded command shows one item and its history, not analyses produced by different people being compared.",No comparison of analyses by different people was exercised or shown.,accept,,,,,
FR-005,3,not_observable,EV-03-SCEN-FR-005-07-01; EV-03-SCEN-FR-005-07-02,"The link command returned “linked,” but the recorded evidence does not establish that I00001 is a security or privacy requirement, that POLICY-1 is a policy, or that the resulting connection can be traced. No complete required obligation is established.",Connection to a verified policy or legal obligation and preservation of traceability remain untested.,accept,,,,,
FR-006,3,observed_partial,EV-03-SCEN-FR-006-08-02,"The history of I00001 shows Alice creating and submitting the analysis item and a different person, pm, reviewing it. This establishes collaboration on the same item.",The record does not show the two people comparing their results or identifying a gap or inconsistency. It also does not establish how quickly those issues could be spotted.,accept,,,,,
QR-001,3,not_observable,EV-03-SCEN-QR-001-09-01; EV-03-SCEN-QR-001-09-02,"The command successfully created a requirement item, but no analysis was produced. None of the requirement's analysis-quality or time obligations was established.","No analysis outputs or comparisons of completeness, consistency, or time were recorded.",accept,,,,,
FR-007,3,observed_unsatisfied,EV-03-SCEN-FR-007-10-02,"The displayed requirement has no derivation links, and its recorded creation and review reasons are empty. Its history shows actions taken, but not how the requirement was derived. This requirement therefore lacks the required clear derivation evidence.",Only one requirement record was inspected; derivation evidence for other requirements was not observed.,accept,,,,,
FR-008,3,not_observable,EV-03-SCEN-FR-008-11-01; EV-03-SCEN-FR-008-11-02,A guest request displayed a record marked sensitive=false. No complete access-control or sensitive-information protection obligation was established: the evidence does not show what access is appropriate for any role.,Access for different roles and protection of sensitive information were not tested.,accept,,,,,
EX-001,3,observed_partial,EV-03-SCEN-EX-001-12-01; EV-03-SCEN-EX-001-12-02,"The analyst submitted a gap flag citing an incomplete source policy, and the command returned “gap-flagged.” This establishes the flagging operation for the reported gap.","The response does not show that the assumptions were recorded, the item was marked unresolved, or the gap is visible in the analysis. No missing-legal-obligation case was exercised.",accept,,,,,
EX-002,3,not_observable,EV-03-SCEN-EX-002-13-01; EV-03-SCEN-EX-002-13-02,"None of the required obligations is established. The command returned “conflict-flagged,” but the evidence does not establish that I00001 contains conflicting versions or show how a conflict is highlighted for later resolution.",Capture of both versions and highlighting of an established conflict remain unobserved.,accept,,,,,
EX-003,3,not_observable,EV-03-SCEN-EX-003-14-01; EV-03-SCEN-EX-003-14-02,"None of the required behavior was observed. The evidence shows only that an item was created; its description says no source link was established, but no traceability assessment or exception handling was exercised.",It remains unknown whether an item whose traceability cannot be established is documented as an exception and whether the resulting partial analysis remains usable and clearly labeled.,accept,,,,,
FR-009,3,not_observable,EV-03-SCEN-FR-009-15-02,"The record displays history entries for creation, submission, and review. These entries show that some events were recorded, but they do not establish the required full history of changes. No complete obligation is established.","No independently observed sequence of changes is available to compare against the history, so its completeness remains unknown.",accept,,,,,
FR-010,3,not_observable,EV-03-SCEN-FR-010-16-01; EV-03-SCEN-FR-010-16-02,"The edit command returned “edited,” but the evidence does not show a change record identifying the user or its timestamp. Neither required identification is established.",No change-history response or readback was captured; the brief edit response does not establish whether user and timestamp information was stored.,accept,,,,,
FR-011,3,not_observable,EV-03-SCEN-FR-011-17-01; EV-03-SCEN-FR-011-17-02,"The user supplied a reason with an edit command, and the command reported “edited.” No recorded output shows that the reason was stored, so no required obligation is established.",No readback or change record shows whether the supplied reason was recorded.,accept,,,,,
FR-012,3,not_observable,EV-03-SCEN-FR-012-18-01; EV-03-SCEN-FR-012-18-02,"None of the required comparison behavior was observed. The command displayed a single requirement at version 1, not earlier versions side by side or differences in goals, requirements, or trace links.",No side-by-side comparison of earlier versions was exercised.,accept,,,,,
FR-013,3,not_observable,EV-03-SCEN-FR-013-20-01; EV-03-SCEN-FR-013-20-02,"The edit command returned “edited,” but none of the required immediate-save behaviour was established: the record does not show that the change was saved.","There is no readback or other observation confirming that the edited content was saved immediately, and the recorded user is not established as an analyst.",accept,,,,,
FR-014,3,not_observable,EV-03-SCEN-FR-014-21-01; EV-03-SCEN-FR-014-21-02,"None of the required behavior is established. The command submitted an item with a reason describing a traceability change, but the response only says “submitted”; it does not show that an edit placed the item in draft or pending state.",The item's state after the edit and whether it remained in that state until review are unobserved.,accept,,,,,
FR-015,3,not_observable,EV-03-SCEN-FR-015-22-01; EV-03-SCEN-FR-015-22-02,"No required review path is established. A change was submitted with `pm` requested as reviewer and a higher-risk reason, but the generic “submitted” response does not show that a project manager was assigned or stepped in.","The normal peer-review path, project-manager involvement in higher-risk or contentious changes, and administrator handling of access or system-level issues remain unobserved.",accept,,,,,
FR-016,3,not_observable,EV-03-SCEN-FR-016-24-01; EV-03-SCEN-FR-016-24-02,"The edit command returned success, but no required branch is established: the evidence does not show that Alice created I00001 or that the item was in draft or pending.",The item's creator and status at the time of editing remain unknown.,accept,,,,,
FR-017,3,not_observable,EV-03-SCEN-FR-017-25-01; EV-03-SCEN-FR-017-25-02,"The edit command returned “edited,” but no complete required branch is established: the evidence does not show that Alice was the analyst who created I00001 or that the item was draft or pending before review.",Revision under the required conditions and withdrawal under those conditions remain untested.,accept,,,,,
FR-018,3,not_observable,EV-03-SCEN-FR-018-26-01; EV-03-SCEN-FR-018-26-02,"No required branch was established. The project manager's list output shows a final requirement, not a draft, so it does not show that a project manager can see that a draft exists.",Visibility of an existing draft to another analyst and to a project manager remains untested.,accept,,,,,
FR-019,3,not_observable,EV-03-SCEN-FR-019-27-01; EV-03-SCEN-FR-019-27-02,"None of the required visibility limits was exercised. The guest viewed an item recorded as final, approved, and not sensitive.",Visibility of sensitive drafts and unapproved drafts remains untested.,accept,,,,,
FR-020,3,not_observable,EV-03-SCEN-FR-020-28-01; EV-03-SCEN-FR-020-28-02,"The command requested approval and finalization, and the output was `final`. No complete required condition branch is established: the evidence does not identify the required reviewer or establish that this user's approval was the required sign-off.",Whether the required reviewer signed off before the item moved to final remains unknown. Movement without that sign-off was not demonstrated.,accept,,,,,
FR-021,3,not_observable,EV-03-SCEN-FR-021-29-01; EV-03-SCEN-FR-021-29-02,"The approval-and-finalization command returned “final,” but no history entry was observed. No required history-recording branch was established as met or violated.",The recorded evidence does not show whether approval was entered in the item's history on review or finalization.,accept,,,,,
FR-022,3,not_observable,EV-03-SCEN-FR-022-30-01; EV-03-SCEN-FR-022-30-02,"No required obligation is established. The edit command returned “edited,” but the evidence does not show that the item was final or whether the edit created a revision instead of overwriting the approved version.",The item's pre-edit final status and the post-edit revision and approved-version records are unobserved.,accept,,,,,
FR-023,3,not_observable,EV-03-SCEN-FR-023-31-02,"The final record shows content and an approval-and-finalization history, but this is only contextual evidence. No complete obligation to keep the approved version intact is established.","The approved content was not captured at approval, and no later change or comparison was observed, so preservation of that version cannot be assessed.",accept,,,,,
FR-024,3,not_observable,EV-03-SCEN-FR-024-32-01; EV-03-SCEN-FR-024-32-02,"None of the required draft-item visibility obligations were established. The guest listing shows an item in the final state, not a draft.","No draft item was observed, so visibility to another role of its existence, owner, rough subject, and review status remains untested.",accept,,,,,
FR-025,3,not_observable,EV-03-SCEN-FR-025-33-01; EV-03-SCEN-FR-025-33-02,"None of the required hiding behavior was exercised. The guest viewed an item marked final and not sensitive, so its visible content does not test hiding a draft that is sensitive or under discussion.",No view of a draft item under either stated condition was recorded.,accept,,,,,
FR-026,3,not_observable,EV-03-SCEN-FR-026-34-01; EV-03-SCEN-FR-026-34-02,"No required branch was established. The recorded project-manager view shows an item in the final state, not a draft item.","No draft-item views were recorded for a project manager, an assigned reviewer, or a general analyst, so their visible detail cannot be compared.",accept,,,,,
FR-027,3,not_observable,EV-03-SCEN-FR-027-35-01; EV-03-SCEN-FR-027-35-02,"None of the required branches is established. The guest listing shows a final item, but does not show whether any drafts existed or were visible.","No draft or project setting explicitly allowing guest access to drafts was observed, so neither the default restriction nor its exception was tested.",accept,,,,,
FR-028,3,not_observable,EV-03-SCEN-FR-028-36-01; EV-03-SCEN-FR-028-36-02,"No complete required obligation is established. The guest request returned metadata and content for an item whose recorded history shows approval, but the evidence does not establish that guest had the right project access.",Visibility of metadata to a user with the right project access and concealment of content before approval or explicit sharing remain untested.,accept,,,,,
FR-029,3,not_observable,EV-03-SCEN-FR-029-37-01; EV-03-SCEN-FR-029-37-02,"No required branch was established. The guest viewed metadata for an item explicitly marked sensitive: false, so this does not test the restriction on sensitive items.","Access to metadata for a sensitive item by someone outside its author, reviewers, and administrators remains untested.",accept,,,,,
DI-001,3,not_observable,EV-03-SCEN-DI-001-38-01; EV-03-SCEN-DI-001-38-02,"None of the required import capability is established. The command exited successfully and printed “imported,” but the record does not show the contents of t.json or any imported document.",Whether the system imports from common document sources remains untested by a verified import result.,accept,,,,,
DI-002,3,not_observable,EV-03-SCEN-DI-002-39-01; EV-03-SCEN-DI-002-39-02,"No complete import obligation is established. The command exited successfully and printed “imported,” but the evidence does not show that export.json was a structured export from another requirements tool or that its records were imported.",The input contents and imported records were not observed; spreadsheet import was not exercised.,accept,,,,,
DI-003,3,not_observable,EV-03-SCEN-DI-003-40-01; EV-03-SCEN-DI-003-40-02,"None of the required import behaviour is established. The command completed and reported “imported,” but the record does not show that it imported policy or compliance references.","The contents and upstream-repository origin of the imported data, and the resulting references, were not observed.",accept,,,,,
FR-030,3,not_observable,EV-03-SCEN-FR-030-41-01; EV-03-SCEN-FR-030-41-02,"The import command completed and reported “imported,” but no required preservation obligation is established by that acknowledgement alone.","The evidence does not show the imported analysis or a comparison of its goals, scenarios, requirements, policy links, and traceability with the source.",accept,,,,,
FR-031,3,not_observable,EV-03-SCEN-FR-031-42-01; EV-03-SCEN-FR-031-42-02,"The import command completed and reported “imported,” but no complete retention obligation was observed: the evidence does not show any classification, tag, or version reference retained.","The imported data and resulting records were not shown, so it is unknown whether those references were present and retained where possible.",accept,,,,,
FR-001,4,observed_partial,EV-04-SCEN-FR-001-03-01,"The system accepted a user's goal and returned a created item with its goal type and title, establishing goal capture.","Capture of scenarios, policies, requirements, and legal-compliance information was not tested. The response also does not show whether the submitted goal content was retained.",accept,,,,,
FR-002,4,not_observable,EV-04-SCEN-FR-002-04-04; EV-04-SCEN-FR-002-04-01,No goal-to-source-policy trace was exercised. The recorded actions created and retrieved a requirement item with an empty traceability list; they do not establish whether goals can be traced to source policies.,"No goal, source policy, or attempted trace between them was recorded.",accept,,,,,
FR-003,4,not_observable,EV-04-SCEN-FR-003-05-01,"No classification capability was established as met or violated. An analysis item was created with classifications in the request, but the response did not show whether those classifications were applied.",No readback or use of the classifications shows that they were retained or can organize analysis items.,accept,,,,,
FR-004,4,not_observable,EV-04-SCEN-FR-004-06-01,"No required comparison capability was established or refuted. The request returned 404, but the evidence does not establish that analyses 1 and 2 existed or were produced by different people.",Comparison of two prepared analyses by different people remains untested.,accept,,,,,
FR-005,4,not_observable,EV-04-SCEN-FR-005-07-04; EV-04-SCEN-FR-005-07-01,A generic requirement was created and retrieved with an empty traceability list. No required connection between a security or privacy requirement and a policy or legal obligation was established.,Creating and retaining those connections without losing traceability was not exercised.,accept,,,,,
FR-006,4,not_observable,EV-04-SCEN-FR-006-08-01,"No required collaboration behaviour was established. The comparison request returned 404, but the evidence does not establish that the project or either result existed, so the response does not show a failure of comparison for a prepared analysis.","The evidence does not show different people working on the same analysis, comparing their results, or identifying gaps or inconsistencies.",accept,,,,,
QR-001,4,not_observable,EV-04-SCEN-QR-001-09-01,"None of the required improvements is established. The analyst created a draft requirement item, but the response does not show an analysis that is more complete or consistent, or produced in less time.","No analysis output or comparison of completeness, consistency, or time was recorded.",accept,,,,,
FR-007,4,observed_unsatisfied,EV-04-SCEN-FR-007-10-04; EV-04-SCEN-FR-007-10-01,"The created requirement’s retrieved record provides no evidence of how it was derived: traceability is empty, its summary is empty, and its creation-history reason is null. The observed requirement therefore violates the obligation to provide clear derivation evidence.",Other requirement records and any separate derivation views were not tested.,accept,,,,,
FR-008,4,not_observable,EV-04-SCEN-FR-008-11-01,"An analyst created a draft policy item, but this alone establishes neither appropriate access across different roles nor protection of sensitive information. No complete required obligation was observed.","No other role, access restriction, or attempt to access sensitive information was tested.",accept,,,,,
EX-001,4,not_observable,EV-04-SCEN-EX-001-12-01,"None of the required behaviors is established. An analyst submitted an incomplete-policy item with an assumption and an unresolved flag, but the response confirms only creation of a visible draft; it does not show that the gap was flagged, the assumption was recorded, or the item was marked unresolved.","No readback or analysis view shows whether the submitted gap, assumption, and unresolved marking were retained and visible.",accept,,,,,
EX-002,4,observed_partial,EV-04-SCEN-EX-002-13-01,"The import response returned two distinct IDs for the two submitted policy versions, establishing that both were captured.",No response or follow-up shows the system highlighting a conflict between the versions for later resolution.,accept,,,,,
EX-003,4,not_observable,EV-04-SCEN-EX-003-14-01,None of the required exception-handling or partial-analysis behaviors was observed. Creating a draft item with an empty traceability list does not establish that traceability could not be established or show how the system treats that condition.,No analysis result shows whether the item is documented as an exception and any partial analysis remains usable and clearly labeled.,accept,,,,,
FR-009,4,not_observable,EV-04-SCEN-FR-009-15-01; EV-04-SCEN-FR-009-15-04,"The newly created item has a creation entry in its history. No subsequent change was exercised, so no complete obligation to keep a full history of changes was established.",Whether changes to an existing item are retained in its history remains untested.,accept,,,,,
FR-010,4,observed_partial,EV-04-SCEN-FR-010-16-04; EV-04-SCEN-FR-010-16-01,The created item identifies the requesting user as its author and includes a timestamp. The subsequent update increments the version and changes the timestamp.,"The update was made by the same user who created the item. The response retains an author field but does not show whether the system identifies the user who made that particular update, rather than only the original author.",accept,,,,,
FR-011,4,not_observable,EV-04-SCEN-FR-011-17-01; EV-04-SCEN-FR-011-17-04,"An existing item was changed with a reason supplied, but none of the captured responses shows that the reason was recorded. No required obligation is established as met or violated.",No readback or change-history response shows whether the supplied reason was stored.,accept,,,,,
FR-012,4,not_observable,EV-04-SCEN-FR-012-18-01,"No required comparison behavior was established. The comparison request returned 404, but the evidence does not establish that the project or either requested version existed.","Side-by-side comparison of existing earlier versions, including differences in goals, requirements, and trace links, remains untested.",accept,,,,,
FR-013,4,not_observable,EV-04-SCEN-FR-013-20-01; EV-04-SCEN-FR-013-20-04,An analyst created an item and submitted an edit that returned HTTP 200 with an incremented version. No complete required obligation is established: the response does not show the edited content or otherwise confirm that the change was saved.,There is no readback or other observation establishing that the edited content was saved immediately.,accept,,,,,
FR-014,4,not_observable,EV-04-SCEN-FR-014-21-01; EV-04-SCEN-FR-014-21-04,"No required edit-handling branch was established. The item was created as a draft, then a request explicitly set its status to pending; neither response shows the system placing an item in draft or pending because of a substantive edit.","No substantive edit, traceability-, policy-, or compliance-affecting change, or review outcome was observed.",accept,,,,,
FR-015,4,not_observable,EV-04-SCEN-FR-015-22-04; EV-04-SCEN-FR-015-22-01,None of the required review paths was established. The recorded request was an analyst attempting to review an item they authored; its generic 403 response does not show whether peer review is the normal path or whether a project manager handles a higher-risk change.,"Peer review, project-manager involvement for higher-risk or contentious changes, and administrator handling of access or system-level issues remain untested.",accept,,,,,
FR-016,4,observed_partial,EV-04-SCEN-FR-016-24-04; EV-04-SCEN-FR-016-24-01,The analyst created a draft item and then successfully edited that same item while it remained in draft; its version increased from 1 to 2.,Editing by the creating analyst while the item is pending was not tested. The response also does not show the edited content.,accept,,,,,
FR-017,4,observed_partial,EV-04-SCEN-FR-017-25-04; EV-04-SCEN-FR-017-25-01,The analyst created a draft item and then successfully revised it before review; the response shows the same item at version 2.,"Withdrawal was not tested, nor was either action on a pending item. The response does not show the revised content.",accept,,,,,
FR-018,4,not_observable,EV-04-SCEN-FR-018-26-04; EV-04-SCEN-FR-018-26-01,A draft was created and retrieved by the same analyst. No required visibility branch was established: the evidence does not show another analyst or a project manager seeing that the draft exists.,Visibility to other analysts and to project managers remains untested.,accept,,,,,
FR-019,4,not_observable,EV-04-SCEN-FR-019-27-04; EV-04-SCEN-FR-019-27-01,"The recorded item was a draft, and its author could retrieve it. None of the required visibility limits was established or violated: author access alone does not show whether visibility was limited.","No access attempt by another user or evidence of a sensitive draft was recorded, so visibility limits for unapproved or sensitive drafts remain untested.",accept,,,,,
FR-020,4,not_observable,EV-04-SCEN-FR-020-28-04; EV-04-SCEN-FR-020-28-01,"None of the required transition restriction was established. The item was created as a draft with no reviewers listed, and the analyst’s review request received a generic 403. That rejection does not show whether a required reviewer’s sign-off controls a move to reviewed or final.","No required reviewer or sign-off was established, and no transition to reviewed or final was observed.",accept,,,,,
FR-021,4,not_observable,EV-04-SCEN-FR-021-29-01; EV-04-SCEN-FR-021-29-04,"None of the required history-recording behaviour was observed. An item was created, but the attempted approval review returned 403, so no completed review or finalization was shown.",The evidence does not show whether approval is recorded in history after a completed review or finalization.,accept,,,,,
FR-022,4,not_observable,EV-04-SCEN-FR-022-30-04; EV-04-SCEN-FR-022-30-01,No required branch was exercised. The item was created as a draft and remained a draft after the edit; the evidence does not show an edit to a final item.,Whether editing a final item creates a new revision while preserving the approved version remains untested.,accept,,,,,
FR-023,4,not_observable,EV-04-SCEN-FR-023-31-01,"No required obligation was established. The comparison request returned 404, but the evidence does not establish that either requested version existed or was an approved version after finalization.","Preservation of an approved version after finalization, and its availability for audit and comparison, remain untested.",accept,,,,,
FR-024,4,not_observable,EV-04-SCEN-FR-024-32-04; EV-04-SCEN-FR-024-32-01,"None of the required other-role visibility is established. The draft was created by analyst, and the recorded GET used the same X-User value. Its response shows an owner, title, and draft status, but only to the creator.","No request by another role shows whether that role can see the draft or its owner, rough subject, and review status.",accept,,,,,
FR-025,4,not_observable,EV-04-SCEN-FR-025-33-04; EV-04-SCEN-FR-025-33-01,"None of the required conditional hiding behaviour was established. The item was a draft, but the evidence does not establish that it was sensitive or still under discussion. The GET response contained an empty summary, which alone does not show that the system hid the item's full content for either stated reason.",Full-content visibility for a draft established as sensitive or still under discussion remains untested.,accept,,,,,
FR-026,4,not_observable,EV-04-SCEN-FR-026-34-04; EV-04-SCEN-FR-026-34-01,"None of the comparative detail obligations was established. The recorded draft was created and viewed as 'analyst', but there is no view of that draft as a project manager or assigned reviewer to compare against it.",Whether project managers and assigned reviewers see more detail than general analysts remains untested.,accept,,,,,
FR-027,4,not_observable,EV-04-SCEN-FR-027-35-01,None of the required restriction was exercised. An analyst's GET request returned 405 Method Not Allowed; it did not show what a guest can see about drafts.,Guest visibility of drafts in a project that has not explicitly allowed it remains untested.,accept,,,,,
FR-028,4,observed_partial,EV-04-SCEN-FR-028-36-04; EV-04-SCEN-FR-028-36-01,The analyst created the item and could retrieve its existence and basic metadata while it was a draft. That establishes metadata visibility for this user. The empty content field does not establish that stored content was withheld: the evidence does not show that the submitted text was stored.,"Content hiding for an unapproved, unshared item remains untested, as does content visibility after approval or explicit sharing.",accept,,,,,
FR-029,4,not_observable,EV-04-SCEN-FR-029-37-04; EV-04-SCEN-FR-029-37-01,"None of the required restriction was exercised. The created item had no sensitive classification, and its author retrieved its metadata.","No item marked sensitive was tested, and no metadata request by someone outside the author, reviewers, and administrators was observed.",accept,,,,,
DI-001,4,not_observable,EV-04-SCEN-DI-001-38-01,None of the required document-import behavior was established. The successful request imported a structured JSON item that named policy.docx as its source; it did not show the system reading or extracting content from a document.,Import from a common document source remains untested.,accept,,,,,
DI-002,4,not_observable,EV-04-SCEN-DI-002-39-01,"The endpoint returned an imported ID for a JSON item, but no complete required import branch was established. The request did not contain spreadsheet data or establish that the JSON was a structured export from another requirements tool; the source filename was only a field value.",Import from an actual spreadsheet or a structured export from another requirements tool remains untested.,accept,,,,,
DI-003,4,observed_satisfied,EV-04-SCEN-DI-003-40-01,The import endpoint returned 201 and an imported ID for a policy reference submitted with source set to repository. This demonstrates the policy-reference import capability; the statement permits policy or compliance references.,The record does not independently verify the item's upstream provenance or show the system retrieving it from a repository.,accept,,,,,
FR-030,4,not_observable,EV-04-SCEN-FR-030-41-01,"The import returned two IDs, but no response or readback shows that any submitted goal, requirement, or link retained its structure. No required preservation obligation is established.","Preservation of goals, scenarios, requirements, policy links, and traceability remains unverified.",accept,,,,,
FR-031,4,not_observable,EV-04-SCEN-FR-031-42-01,"The import accepted an item containing a classification, tag, and version, but the response returned only an imported ID. None of the three retention obligations was observed.","No imported-record response or readback shows whether the classification, tag, or version reference was retained.",accept,,,,,
FR-001,5,observed_partial,EV-05-SCEN-FR-001-03-01; EV-05-SCEN-FR-001-03-02,"The command succeeded and returned a created goal with the submitted title and content, establishing that a user can capture goals.","Capturing scenarios, policies, requirements, and legal-compliance information was not tested.",accept,,,,,
FR-002,5,not_observable,EV-05-SCEN-FR-002-04-02,No goal-to-source-policy trace was demonstrated. The listed record is a requirement with no trace links.,"No goal, source policy, or link between them was observed, so the tracing behaviour remains untested.",accept,,,,,
FR-003,5,observed_satisfied,EV-05-SCEN-FR-003-05-01; EV-05-SCEN-FR-003-05-02,"An analysis item was created successfully with two distinct classifications, and the returned item contains both. This demonstrates flexible classification of an analysis item.",,accept,,,,,
FR-004,5,not_observable,EV-05-SCEN-FR-004-06-01; EV-05-SCEN-FR-004-06-02,"The compare command succeeded, but it compared analysis 1 with itself. No complete required obligation was demonstrated: the evidence does not show a comparison between analyses produced by different people.",The producers of the analyses and a comparison of two differently produced analyses remain untested.,accept,,,,,
FR-005,5,not_observable,EV-05-SCEN-FR-005-07-02,"No required behaviour was established. The listed draft requirement has an empty trace_links field, but the listing does not show a security or privacy requirement being connected to a policy or legal obligation.","Creating or viewing such connections, and preserving their traceability, were not exercised.",accept,,,,,
FR-006,5,not_observable,EV-05-SCEN-FR-006-08-01; EV-05-SCEN-FR-006-08-02,"None of the required collaboration behaviours is established. The recorded command compares analysis 1 with itself and reports no differences; it does not show different people working on the same analysis, comparing their results, or spotting a gap or inconsistency.","Multi-person work, comparison of distinct people's results, and identification of gaps or inconsistencies remain untested.",accept,,,,,
QR-001,5,not_observable,EV-05-SCEN-QR-001-09-02,"None of the required outcomes is established. The response shows creation of a structured requirement item, not production of an analysis.","No analyses were captured to assess completeness, consistency, or time taken.",accept,,,,,
FR-007,5,observed_unsatisfied,EV-05-SCEN-FR-007-10-02,"The displayed Demo requirement provides no clear evidence of how it was derived: its trace_links are empty, its creation reason is null, and its revision records content and authorship but no derivation. This observed requirement therefore violates the obligation to provide derivation evidence for each requirement.",Other requirements were not observed.,accept,,,,,
FR-008,5,not_observable,EV-05-SCEN-FR-008-11-01; EV-05-SCEN-FR-008-11-02,"None of the required access-control behaviour is established. A guest list command exited successfully, but its captured output is empty; it shows neither what the guest could access nor whether sensitive information was protected.",Access for different roles and protection of sensitive information remain untested.,accept,,,,,
EX-001,5,observed_partial,EV-05-SCEN-EX-001-12-01; EV-05-SCEN-EX-001-12-02,"An analyst successfully flagged a reported gap, and the returned item shows the gap flag and note, making the flag visible in the item’s analysis record.","No assumption was recorded, and no attempt to mark the item unresolved was captured; the returned status remains draft.",accept,,,,,
EX-002,5,observed_partial,EV-05-SCEN-EX-002-13-01; EV-05-SCEN-EX-002-13-02,"The requirement record was flagged as a conflict, and the returned record displays the conflict flag and note. This establishes conflict highlighting for later resolution.",The record shows only one content revision. It does not demonstrate that both versions of conflicting policies or requirements can be captured.,accept,,,,,
EX-003,5,observed_partial,EV-05-SCEN-EX-003-14-01; EV-05-SCEN-EX-003-14-02,"The item has no trace links, and the successful flag command recorded an exception with the note “no trace link established.” This shows the item was documented as an exception rather than silently ignored.","No partial analysis was captured, so its usability and whether it is clearly labeled as partial remain untested.",accept,,,,,
FR-009,5,not_observable,EV-05-SCEN-FR-009-15-02,"The listed record shows an initial creation entry and version 1, but no change to an existing record was observed. No complete obligation to keep a history of changes is established.","No subsequent change or history readback after a change was recorded, so the completeness of change history remains unknown.",accept,,,,,
FR-010,5,observed_satisfied,EV-05-SCEN-FR-010-16-01; EV-05-SCEN-FR-010-16-02,The recorded requirement shows a creation and a completed edit. Each change has a history entry identifying the user and timestamp.,,accept,,,,,
FR-011,5,observed_satisfied,EV-05-SCEN-FR-011-17-01; EV-05-SCEN-FR-011-17-02,"Alice provided a reason when editing the requirement, and the returned record includes that reason in the edit history. The required conditional behavior is shown.",,accept,,,,,
FR-012,5,not_observable,EV-05-SCEN-FR-012-18-01; EV-05-SCEN-FR-012-18-02,"No required behaviour was established. The command compared version 1 with itself and reported no differences; it did not demonstrate side-by-side comparison of earlier, distinct versions.","Comparison of distinct earlier versions and display of differences in goals, requirements, or trace links remain untested.",accept,,,,,
FR-013,5,not_observable,EV-05-SCEN-FR-013-20-01; EV-05-SCEN-FR-013-20-02,"The analyst edit command succeeded and returned the item with updated content, but no complete save obligation is established: the response does not show that the change was persisted immediately.",No subsequent readback or other persistence evidence was recorded.,revise,not_observable,EV-05-SCEN-FR-013-20-01; EV-05-SCEN-FR-013-20-02,The edit returned updated content and an edit-history entry in the immediate response. No independent readback establishes that the edit was saved immediately.,Persistence of the edited content was not observed after the edit response.,
FR-014,5,not_observable,EV-05-SCEN-FR-014-21-01; EV-05-SCEN-FR-014-21-02,"None of the required edit behavior was established. The command created a new item with --status pending, and the response shows that requested status; it does not show the system placing an edited item in draft or pending state.","No edit or review was observed, including an edit affecting traceability, policy interpretation, or legal compliance.",accept,,,,,
FR-015,5,observed_partial,EV-05-SCEN-FR-015-22-01; EV-05-SCEN-FR-015-22-02,"A project manager approved a change with the recorded reason “higher-risk change,” establishing the manager review path for that case.","The evidence does not show peer review as the normal path, manager involvement in a contentious change, or administrator handling of an access or system-level issue.",accept,,,,,
FR-016,5,observed_partial,EV-05-SCEN-FR-016-24-01; EV-05-SCEN-FR-016-24-02,"Alice created the item as an analyst, and her edit succeeded while the item was in draft: the response shows the new content and an edit history entry. The draft branch is met.",Editing by the creating analyst while an item is pending was not tested.,accept,,,,,
FR-017,5,observed_partial,EV-05-SCEN-FR-017-25-01; EV-05-SCEN-FR-017-25-02,"Alice, the analyst who created and owns the draft item, successfully revised its content before review. This establishes revision by the creating analyst while the item is in draft.","Withdrawal was not tested, and neither withdrawal nor revision was tested for a pending item.",accept,,,,,
FR-018,5,observed_partial,EV-05-SCEN-FR-018-26-01; EV-05-SCEN-FR-018-26-02,A project manager using the manager role listed a draft owned by Alice and could see that it exists.,Visibility to another analyst was not tested.,accept,,,,,
FR-019,5,not_observable,EV-05-SCEN-FR-019-27-01; EV-05-SCEN-FR-019-27-02,No required visibility restriction was established. The guest list command succeeded but returned no items; the evidence does not establish that any sensitive or unapproved draft existed to be hidden.,Visibility of a known sensitive draft and a known unapproved draft remains untested.,accept,,,,,
FR-020,5,observed_partial,EV-05-SCEN-FR-020-28-01; EV-05-SCEN-FR-020-28-02,The command names pm as reviewer and acting user; the resulting item is final and records pm's approval. This supports the final-state branch with the named reviewer signing off.,"The evidence does not show whether an item can move to reviewed or final without the required reviewer's sign-off, or establish a prior reviewer assignment independent of the command.",accept,,,,,
FR-021,5,observed_partial,EV-05-SCEN-FR-021-29-01; EV-05-SCEN-FR-021-29-02,"The approval command succeeded, and the returned item has final status and an approval entry in its history. This establishes history recording when an item is finalized.",History recording when an item is reviewed was not exercised.,accept,,,,,
FR-022,5,not_observable,EV-05-SCEN-FR-022-30-01; EV-05-SCEN-FR-022-30-02,"No required branch was established: the recorded edit was to an item shown as draft, with no approved version, rather than to a final item.","An edit to a final item was not observed, so whether it creates a new revision instead of overwriting the approved version remains unknown.",accept,,,,,
FR-023,5,not_observable,EV-05-SCEN-FR-023-31-02,"No required behaviour was established. The listed record is a draft with no approved version, so it does not show whether an approved version remains intact after finalization.","No finalized record, approved version, or post-finalization comparison was observed.",accept,,,,,
FR-024,5,observed_satisfied,EV-05-SCEN-FR-024-32-01; EV-05-SCEN-FR-024-32-02,"Bob, who is not the owner, listed a draft item. The response shows that it exists, identifies Alice as its owner, gives its rough subject through the title “Demo” and type “requirement,” and shows its status as “draft.”",,accept,,,,,
FR-025,5,observed_unsatisfied,EV-05-SCEN-FR-025-33-01; EV-05-SCEN-FR-025-33-02,"The listed item is a draft. Although its top-level content is marked ""[hidden]"", the response exposes its full text, ""hello"", in revisions. The full content is therefore not hidden.","The item is marked sensitive: false, so hiding a sensitive draft was not tested.",accept,,,,,
FR-026,5,not_observable,EV-05-SCEN-FR-026-34-01; EV-05-SCEN-FR-026-34-02,"None of the required comparisons is established. A manager listed a draft item, but the evidence does not show what a general analyst sees for that item.","No general-analyst view or assigned-reviewer view was recorded, so neither role's relative level of detail can be assessed.",accept,,,,,
FR-027,5,not_observable,EV-05-SCEN-FR-027-35-01; EV-05-SCEN-FR-027-35-02,"None of the required branches was established. The guest list command returned no output, but the evidence does not establish that any draft existed or whether its project explicitly allowed guests to see it.","Guest visibility of a draft in a project that does not allow it, and visibility under an explicit project allowance, remain untested.",accept,,,,,
FR-028,5,observed_partial,EV-05-SCEN-FR-028-36-01; EV-05-SCEN-FR-028-36-02,"The list response to bob shows the item's existence and basic metadata. It marks the item as draft with no approved version and displays its main content as hidden, but exposes the content ""hello"" in revisions. No explicit sharing is recorded, so the content-hiding obligation is violated.",Bob's project-access entitlement is not independently shown; approved and explicitly shared items were not tested.,accept,,,,,
FR-029,5,not_observable,EV-05-SCEN-FR-029-37-01; EV-05-SCEN-FR-029-37-02,"None of the required restriction is established. The guest list command returned no metadata, but the evidence does not establish that a sensitive item existed to be listed.","Access to the metadata of a known sensitive item by an author, reviewer, administrator, or unauthorized user was not observed.",accept,,,,,
DI-001,5,observed_partial,EV-05-SCEN-DI-001-38-01; EV-05-SCEN-DI-001-38-02,"The import command succeeded for a JSON source and reported two records imported, establishing import from one common document source.",Import from other common document sources was not tested.,accept,,,,,
DI-002,5,not_observable,EV-05-SCEN-DI-002-39-01; EV-05-SCEN-DI-002-39-02,"The command reports importing two records from demo.json, but none of the required source types is established: the evidence does not identify it as a spreadsheet or a structured export from another requirements tool.","The source file’s format and provenance are not shown, so import from either stated source type remains untested.",accept,,,,,
DI-003,5,not_observable,EV-05-SCEN-DI-003-40-01; EV-05-SCEN-DI-003-40-02,"No complete required behaviour is established. The command reports importing two items, but the recorded source is the same demo.json file used as the database; the evidence does not show that the items are policy or compliance references imported from an upstream repository.",The source's status as an upstream repository and the imported items' contents are unknown.,accept,,,,,
FR-030,5,not_observable,EV-05-SCEN-FR-030-41-01; EV-05-SCEN-FR-030-41-02,"The import command completed and reported two items imported, but none of the required structure-preservation obligations is established by that acknowledgement.","No imported analysis was read back or inspected to verify preservation of goals, scenarios, requirements, policy links, or traceability.",accept,,,,,
FR-031,5,not_observable,EV-05-SCEN-FR-031-42-01; EV-05-SCEN-FR-031-42-02,"The import completed and reported two records, but none of the required retention of classifications, tags, or version references was observed.","The evidence shows neither the source records' metadata nor the imported records, so retention of each metadata type remains untested.",accept,,,,,
