case_id,method_id,run_index,scenario_id,evidence_id,evidence_type,relative_path,status,detail
PURE_002,hashimoto,1,,,,cases/PURE_002/hashimoto/runs/run_01/evidence,collection_incomplete,No build and run verification was recorded for this run.
PURE_002,hashimoto,2,,,,cases/PURE_002/hashimoto/runs/run_02/evidence,collection_incomplete,No build and run verification was recorded for this run.
PURE_002,hashimoto,3,,,,cases/PURE_002/hashimoto/runs/run_03/evidence,collection_incomplete,No build and run verification was recorded for this run.
PURE_002,hashimoto,4,,,,cases/PURE_002/hashimoto/runs/run_04/evidence,collection_incomplete,No build and run verification was recorded for this run.
PURE_002,hashimoto,5,,,,cases/PURE_002/hashimoto/runs/run_05/evidence,collection_incomplete,No build and run verification was recorded for this run.
PURE_002,llmrei-long,1,,,,cases/PURE_002/llmrei-long/runs/run_01/evidence,collection_incomplete,No build and run verification was recorded for this run.
PURE_002,llmrei-long,2,,,,cases/PURE_002/llmrei-long/runs/run_02/evidence,collection_incomplete,No build and run verification was recorded for this run.
PURE_002,llmrei-long,3,,,,cases/PURE_002/llmrei-long/runs/run_03/evidence,collection_incomplete,No build and run verification was recorded for this run.
PURE_002,llmrei-long,4,,,,cases/PURE_002/llmrei-long/runs/run_04/evidence,collection_incomplete,No build and run verification was recorded for this run.
PURE_002,llmrei-long,5,,,,cases/PURE_002/llmrei-long/runs/run_05/evidence,collection_incomplete,No build and run verification was recorded for this run.
PURE_002,sparkme,1,,,,cases/PURE_002/sparkme/runs/run_01/evidence,collection_incomplete,No build and run verification was recorded for this run.
PURE_002,sparkme,2,,,,cases/PURE_002/sparkme/runs/run_02/evidence,collection_incomplete,No build and run verification was recorded for this run.
PURE_002,sparkme,3,,,,cases/PURE_002/sparkme/runs/run_03/evidence,collection_incomplete,No build and run verification was recorded for this run.
PURE_002,sparkme,4,,,,cases/PURE_002/sparkme/runs/run_04/evidence,collection_incomplete,No build and run verification was recorded for this run.
PURE_002,sparkme,5,,,,cases/PURE_002/sparkme/runs/run_05/evidence,collection_incomplete,No build and run verification was recorded for this run.
PURE_002,proposed_method,1,,,,cases/PURE_002/proposed_method/runs/run_01/evidence,collection_incomplete,No build and run verification was recorded for this run.
PURE_002,proposed_method,2,,,,cases/PURE_002/proposed_method/runs/run_02/evidence,collection_incomplete,No build and run verification was recorded for this run.
PURE_002,proposed_method,3,,,,cases/PURE_002/proposed_method/runs/run_03/evidence,collection_incomplete,No build and run verification was recorded for this run.
PURE_002,proposed_method,4,,,,cases/PURE_002/proposed_method/runs/run_04/evidence,collection_incomplete,No build and run verification was recorded for this run.
PURE_002,proposed_method,5,,,,cases/PURE_002/proposed_method/runs/run_05/evidence,collection_incomplete,No build and run verification was recorded for this run.
PURE_004,hashimoto,1,,,,cases/PURE_004/hashimoto/runs/run_01/evidence,collection_incomplete,No build and run verification was recorded for this run.
PURE_004,hashimoto,2,,,,cases/PURE_004/hashimoto/runs/run_02/evidence,collection_incomplete,No build and run verification was recorded for this run.
PURE_004,hashimoto,3,,,,cases/PURE_004/hashimoto/runs/run_03/evidence,collection_incomplete,No build and run verification was recorded for this run.
PURE_004,hashimoto,4,,,,cases/PURE_004/hashimoto/runs/run_04/evidence,collection_incomplete,No build and run verification was recorded for this run.
PURE_004,hashimoto,5,,,,cases/PURE_004/hashimoto/runs/run_05/evidence,collection_incomplete,No build and run verification was recorded for this run.
PURE_004,llmrei-long,1,,,,cases/PURE_004/llmrei-long/runs/run_01/evidence,collection_incomplete,No build and run verification was recorded for this run.
PURE_004,llmrei-long,2,,,,cases/PURE_004/llmrei-long/runs/run_02/evidence,collection_incomplete,No build and run verification was recorded for this run.
PURE_004,llmrei-long,3,,,,cases/PURE_004/llmrei-long/runs/run_03/evidence,collection_incomplete,No build and run verification was recorded for this run.
PURE_004,llmrei-long,4,,,,cases/PURE_004/llmrei-long/runs/run_04/evidence,collection_incomplete,No build and run verification was recorded for this run.
PURE_004,llmrei-long,5,,,,cases/PURE_004/llmrei-long/runs/run_05/evidence,collection_incomplete,No build and run verification was recorded for this run.
PURE_004,sparkme,1,,,,cases/PURE_004/sparkme/runs/run_01/evidence,collection_incomplete,No build and run verification was recorded for this run.
PURE_004,sparkme,2,,,,cases/PURE_004/sparkme/runs/run_02/evidence,collection_incomplete,No build and run verification was recorded for this run.
PURE_004,sparkme,3,,,,cases/PURE_004/sparkme/runs/run_03/evidence,collection_incomplete,No build and run verification was recorded for this run.
PURE_004,sparkme,4,,,,cases/PURE_004/sparkme/runs/run_04/evidence,collection_incomplete,No build and run verification was recorded for this run.
PURE_004,sparkme,5,,,,cases/PURE_004/sparkme/runs/run_05/evidence,collection_incomplete,No build and run verification was recorded for this run.
PURE_004,proposed_method,1,,,,cases/PURE_004/proposed_method/runs/run_01/evidence,collection_incomplete,No build and run verification was recorded for this run.
PURE_004,proposed_method,2,,,,cases/PURE_004/proposed_method/runs/run_02/evidence,collection_incomplete,No build and run verification was recorded for this run.
PURE_004,proposed_method,3,,,,cases/PURE_004/proposed_method/runs/run_03/evidence,collection_incomplete,No build and run verification was recorded for this run.
PURE_004,proposed_method,4,,,,cases/PURE_004/proposed_method/runs/run_04/evidence,collection_incomplete,No build and run verification was recorded for this run.
PURE_004,proposed_method,5,,,,cases/PURE_004/proposed_method/runs/run_05/evidence,collection_incomplete,No build and run verification was recorded for this run.
PURE_024,hashimoto,1,,,,cases/PURE_024/hashimoto/runs/run_01/evidence,collection_incomplete,No build and run verification was recorded for this run.
PURE_024,hashimoto,2,,,,cases/PURE_024/hashimoto/runs/run_02/evidence,collection_incomplete,No build and run verification was recorded for this run.
PURE_024,hashimoto,3,,,,cases/PURE_024/hashimoto/runs/run_03/evidence,collection_incomplete,No build and run verification was recorded for this run.
PURE_024,hashimoto,4,,,,cases/PURE_024/hashimoto/runs/run_04/evidence,collection_incomplete,No build and run verification was recorded for this run.
PURE_024,hashimoto,5,,,,cases/PURE_024/hashimoto/runs/run_05/evidence,collection_incomplete,No build and run verification was recorded for this run.
PURE_024,llmrei-long,1,,,,cases/PURE_024/llmrei-long/runs/run_01/evidence,collection_incomplete,No build and run verification was recorded for this run.
PURE_024,llmrei-long,2,,,,cases/PURE_024/llmrei-long/runs/run_02/evidence,collection_incomplete,No build and run verification was recorded for this run.
PURE_024,llmrei-long,3,,,,cases/PURE_024/llmrei-long/runs/run_03/evidence,collection_incomplete,No build and run verification was recorded for this run.
PURE_024,llmrei-long,4,,,,cases/PURE_024/llmrei-long/runs/run_04/evidence,collection_incomplete,No build and run verification was recorded for this run.
PURE_024,llmrei-long,5,,,,cases/PURE_024/llmrei-long/runs/run_05/evidence,collection_incomplete,No build and run verification was recorded for this run.
PURE_024,sparkme,1,,,,cases/PURE_024/sparkme/runs/run_01/evidence,collection_incomplete,No build and run verification was recorded for this run.
PURE_024,sparkme,2,,,,cases/PURE_024/sparkme/runs/run_02/evidence,collection_incomplete,No build and run verification was recorded for this run.
PURE_024,sparkme,3,,,,cases/PURE_024/sparkme/runs/run_03/evidence,collection_incomplete,No build and run verification was recorded for this run.
PURE_024,sparkme,4,,,,cases/PURE_024/sparkme/runs/run_04/evidence,collection_incomplete,No build and run verification was recorded for this run.
PURE_024,sparkme,5,,,,cases/PURE_024/sparkme/runs/run_05/evidence,collection_incomplete,No build and run verification was recorded for this run.
PURE_024,proposed_method,1,,,,cases/PURE_024/proposed_method/runs/run_01/evidence,collection_incomplete,No build and run verification was recorded for this run.
PURE_024,proposed_method,2,,,,cases/PURE_024/proposed_method/runs/run_02/evidence,collection_incomplete,No build and run verification was recorded for this run.
PURE_024,proposed_method,3,,,,cases/PURE_024/proposed_method/runs/run_03/evidence,collection_incomplete,No build and run verification was recorded for this run.
PURE_024,proposed_method,4,,,,cases/PURE_024/proposed_method/runs/run_04/evidence,collection_incomplete,No build and run verification was recorded for this run.
PURE_024,proposed_method,5,,,,cases/PURE_024/proposed_method/runs/run_05/evidence,collection_incomplete,No build and run verification was recorded for this run.
PURE_057,hashimoto,1,,,,cases/PURE_057/hashimoto/runs/run_01/evidence,collection_incomplete,No build and run verification was recorded for this run.
PURE_057,hashimoto,2,,,,cases/PURE_057/hashimoto/runs/run_02/evidence,collection_incomplete,No build and run verification was recorded for this run.
PURE_057,hashimoto,3,,,,cases/PURE_057/hashimoto/runs/run_03/evidence,collection_incomplete,No build and run verification was recorded for this run.
PURE_057,hashimoto,4,,,,cases/PURE_057/hashimoto/runs/run_04/evidence,collection_incomplete,No build and run verification was recorded for this run.
PURE_057,hashimoto,5,,,,cases/PURE_057/hashimoto/runs/run_05/evidence,collection_incomplete,No build and run verification was recorded for this run.
PURE_057,llmrei-long,1,,,,cases/PURE_057/llmrei-long/runs/run_01/evidence,collection_incomplete,No build and run verification was recorded for this run.
PURE_057,llmrei-long,2,,,,cases/PURE_057/llmrei-long/runs/run_02/evidence,collection_incomplete,No build and run verification was recorded for this run.
PURE_057,llmrei-long,3,,,,cases/PURE_057/llmrei-long/runs/run_03/evidence,collection_incomplete,No build and run verification was recorded for this run.
PURE_057,llmrei-long,4,,,,cases/PURE_057/llmrei-long/runs/run_04/evidence,collection_incomplete,No build and run verification was recorded for this run.
PURE_057,llmrei-long,5,,,,cases/PURE_057/llmrei-long/runs/run_05/evidence,collection_incomplete,No build and run verification was recorded for this run.
PURE_057,sparkme,1,,,,cases/PURE_057/sparkme/runs/run_01/evidence,collection_incomplete,No build and run verification was recorded for this run.
PURE_057,sparkme,2,,,,cases/PURE_057/sparkme/runs/run_02/evidence,collection_incomplete,No build and run verification was recorded for this run.
PURE_057,sparkme,3,,,,cases/PURE_057/sparkme/runs/run_03/evidence,collection_incomplete,No build and run verification was recorded for this run.
PURE_057,sparkme,4,,,,cases/PURE_057/sparkme/runs/run_04/evidence,collection_incomplete,No build and run verification was recorded for this run.
PURE_057,sparkme,5,,,,cases/PURE_057/sparkme/runs/run_05/evidence,collection_incomplete,No build and run verification was recorded for this run.
PURE_057,proposed_method,1,,,,cases/PURE_057/proposed_method/runs/run_01/evidence,collection_incomplete,No build and run verification was recorded for this run.
PURE_057,proposed_method,2,,,,cases/PURE_057/proposed_method/runs/run_02/evidence,collection_incomplete,No build and run verification was recorded for this run.
PURE_057,proposed_method,3,,,,cases/PURE_057/proposed_method/runs/run_03/evidence,collection_incomplete,No build and run verification was recorded for this run.
PURE_057,proposed_method,4,,,,cases/PURE_057/proposed_method/runs/run_04/evidence,collection_incomplete,No build and run verification was recorded for this run.
PURE_057,proposed_method,5,,,,cases/PURE_057/proposed_method/runs/run_05/evidence,collection_incomplete,No build and run verification was recorded for this run.
PURE_069,hashimoto,1,,,,cases/PURE_069/hashimoto/runs/run_01/evidence,collection_incomplete,No build and run verification was recorded for this run.
PURE_069,hashimoto,2,,,,cases/PURE_069/hashimoto/runs/run_02/evidence,collection_incomplete,No build and run verification was recorded for this run.
PURE_069,hashimoto,3,,,,cases/PURE_069/hashimoto/runs/run_03/evidence,collection_incomplete,No build and run verification was recorded for this run.
PURE_069,hashimoto,4,,,,cases/PURE_069/hashimoto/runs/run_04/evidence,collection_incomplete,No build and run verification was recorded for this run.
PURE_069,hashimoto,5,,,,cases/PURE_069/hashimoto/runs/run_05/evidence,collection_incomplete,No build and run verification was recorded for this run.
PURE_069,llmrei-long,1,,,,cases/PURE_069/llmrei-long/runs/run_01/evidence,collection_incomplete,No build and run verification was recorded for this run.
PURE_069,llmrei-long,2,,,,cases/PURE_069/llmrei-long/runs/run_02/evidence,collection_incomplete,No build and run verification was recorded for this run.
PURE_069,llmrei-long,3,,,,cases/PURE_069/llmrei-long/runs/run_03/evidence,collection_incomplete,No build and run verification was recorded for this run.
PURE_069,llmrei-long,4,,,,cases/PURE_069/llmrei-long/runs/run_04/evidence,collection_incomplete,No build and run verification was recorded for this run.
PURE_069,llmrei-long,5,,,,cases/PURE_069/llmrei-long/runs/run_05/evidence,collection_incomplete,No build and run verification was recorded for this run.
PURE_069,sparkme,1,,,,cases/PURE_069/sparkme/runs/run_01/evidence,collection_incomplete,No build and run verification was recorded for this run.
PURE_069,sparkme,2,,,,cases/PURE_069/sparkme/runs/run_02/evidence,collection_incomplete,No build and run verification was recorded for this run.
PURE_069,sparkme,3,,,,cases/PURE_069/sparkme/runs/run_03/evidence,collection_incomplete,No build and run verification was recorded for this run.
PURE_069,sparkme,4,,,,cases/PURE_069/sparkme/runs/run_04/evidence,collection_incomplete,No build and run verification was recorded for this run.
PURE_069,sparkme,5,,,,cases/PURE_069/sparkme/runs/run_05/evidence,collection_incomplete,No build and run verification was recorded for this run.
PURE_069,proposed_method,1,,,,cases/PURE_069/proposed_method/runs/run_01/evidence,collection_incomplete,No build and run verification was recorded for this run.
PURE_069,proposed_method,2,,,,cases/PURE_069/proposed_method/runs/run_02/evidence,collection_incomplete,No build and run verification was recorded for this run.
PURE_069,proposed_method,3,,,,cases/PURE_069/proposed_method/runs/run_03/evidence,collection_incomplete,No build and run verification was recorded for this run.
PURE_069,proposed_method,4,,,,cases/PURE_069/proposed_method/runs/run_04/evidence,collection_incomplete,No build and run verification was recorded for this run.
PURE_069,proposed_method,5,,,,cases/PURE_069/proposed_method/runs/run_05/evidence,collection_incomplete,No build and run verification was recorded for this run.
