case_id,method_id,dimension,symbol,consistency_status,run_indices,requirement_ids,evidence_ids,rationale,limitation
PURE_002,hashimoto,build_run,✗,mixed,1; 2; 3; 4; 5,,EV-01-build_run-02; EV-01-build_run-04; EV-01-build_run-05; EV-01-build_run-07; EV-02-build_run-02; EV-02-build_run-04; EV-03-build_run-02; EV-03-build_run-04; EV-04-build_run-02; EV-04-build_run-04; EV-04-build_run-05; EV-04-build_run-07; EV-05-build_run-02; EV-05-build_run-04,"Build entries by run 1-5: succeeded, not_declared, not_declared, failed, not_declared. Declared run-command probes: succeeded, succeeded, succeeded, succeeded, succeeded. Run 4 declared build fails while run 1 declared build succeeds; all five run probes succeed.","Undeclared build commands are not counted as successful builds. HTTP listening establishes startup only, not feature fulfillment."
PURE_002,hashimoto,core_requirement,✗,mixed,1; 2; 3; 4; 5,FR-001; FR-002; FR-003; FR-004; FR-005; FR-006; FR-007; FR-008; FR-009; FR-010; FR-011; FR-012; FR-013; FR-014; FR-015; FR-016; FR-017,EV-01-SCEN-FR-005-06-01; EV-01-SCEN-FR-005-06-03; EV-01-SCEN-FR-005-06-04; EV-01-SCEN-FR-005-06-05; EV-01-SCEN-FR-005-06-06; EV-01-SCEN-FR-005-06-07; EV-02-SCEN-FR-005-06-01; EV-02-SCEN-FR-005-06-03; EV-02-SCEN-FR-005-06-04; EV-02-SCEN-FR-005-06-05,"FR-005: run 1 creates a customer and cart and returns a new order; in run 2 registration and cart addition lose the customer session, and checkout returns Customer login required. The recorded order-placement workflows have different outcomes. Reviewed coverage: 14/17 requirements have an observed status in at least one run; 42/85 requirement-run cells have an observed status. These counts describe coverage, not stability.",Run 3 lacks a comparable checkout observation; the other recorded workflows do not establish all order branches. Unobserved branches cannot establish further variation; no causal attribution to SRS omissions is made.
PURE_002,hashimoto,boundary_constraint,✗,mixed,1; 2; 3; 4; 5,BR-001; BR-002; BR-003; BR-004; BR-005; BR-006; BR-007; BR-008; BR-009; BR-010; BR-011; BR-012; BR-013; BR-014; BR-015; BR-016; BR-017; BR-018; BR-019; BR-020; BR-021; BR-022; BR-023; BR-024; BR-025; BR-026; BR-027; BR-028; BR-029; BR-030; BR-031; BR-032; BR-033; BR-034,EV-01-SCEN-BR-025-42-01; EV-01-SCEN-BR-025-42-03; EV-01-SCEN-BR-025-42-04; EV-01-SCEN-BR-025-42-05; EV-01-SCEN-BR-025-42-06; EV-01-SCEN-BR-025-42-07; EV-01-SCEN-BR-025-42-08; EV-01-SCEN-BR-025-42-09; EV-01-SCEN-BR-025-42-10; EV-01-SCEN-BR-025-42-11; EV-01-SCEN-BR-025-42-12; EV-04-SCEN-BR-025-42-01; EV-04-SCEN-BR-025-42-03; EV-04-SCEN-BR-025-42-04; EV-04-SCEN-BR-025-42-05; EV-04-SCEN-BR-025-42-06; EV-04-SCEN-BR-025-42-07; EV-04-SCEN-BR-025-42-08; EV-04-SCEN-BR-025-42-09; EV-04-SCEN-BR-025-42-10; EV-04-SCEN-BR-025-42-11; EV-04-SCEN-BR-025-42-12; EV-04-SCEN-BR-025-42-13,"BR-025: run 1 cancels an order after a recorded shipped transition. Run 4 refuses cancellation of a shipped order, while cancellation of a new order by the same customer succeeds as a control. The post-shipping restriction differs. Reviewed coverage: 18/34 requirements have an observed status in at least one run; 45/170 requirement-run cells have an observed status. These counts describe coverage, not stability.","Runs 2, 3 and 5 do not establish the same matched post-shipping restriction; no special exception was exercised. Unobserved branches cannot establish further variation; no causal attribution to SRS omissions is made."
PURE_002,hashimoto,observable_behavior,✗,mixed,1; 2; 3; 4; 5,FR-001; FR-002; FR-003; FR-004; FR-005; FR-006; FR-007; BR-001; BR-002; BR-003; BR-004; BR-005; BR-006; BR-007; BR-008; BR-009; BR-010; BR-011; QR-001; BR-012; BR-013; BR-014; BR-015; FR-008; FR-009; BR-016; BR-017; BR-018; BR-019; BR-020; FR-010; BR-021; BR-022; BR-023; BR-024; BR-025; FR-011; BR-026; FR-012; FR-013; FR-014; BR-027; BR-028; BR-029; FR-015; BR-030; BR-031; FR-016; FR-017; BR-032; BR-033; BR-034,EV-01-SCEN-FR-005-06-01; EV-01-SCEN-FR-005-06-03; EV-01-SCEN-FR-005-06-04; EV-01-SCEN-FR-005-06-05; EV-01-SCEN-FR-005-06-06; EV-01-SCEN-FR-005-06-07; EV-02-SCEN-FR-005-06-01; EV-02-SCEN-FR-005-06-03; EV-02-SCEN-FR-005-06-04; EV-02-SCEN-FR-005-06-05; EV-01-SCEN-BR-025-42-01; EV-01-SCEN-BR-025-42-03; EV-01-SCEN-BR-025-42-04; EV-01-SCEN-BR-025-42-05; EV-01-SCEN-BR-025-42-06; EV-01-SCEN-BR-025-42-07; EV-01-SCEN-BR-025-42-08; EV-01-SCEN-BR-025-42-09; EV-01-SCEN-BR-025-42-10; EV-01-SCEN-BR-025-42-11; EV-01-SCEN-BR-025-42-12; EV-04-SCEN-BR-025-42-01; EV-04-SCEN-BR-025-42-03; EV-04-SCEN-BR-025-42-04; EV-04-SCEN-BR-025-42-05; EV-04-SCEN-BR-025-42-06; EV-04-SCEN-BR-025-42-07; EV-04-SCEN-BR-025-42-08; EV-04-SCEN-BR-025-42-09; EV-04-SCEN-BR-025-42-10; EV-04-SCEN-BR-025-42-11; EV-04-SCEN-BR-025-42-12; EV-04-SCEN-BR-025-42-13,"FR-005: run 1 creates a customer and cart and returns a new order; in run 2 registration and cart addition lose the customer session, and checkout returns Customer login required. The recorded order-placement workflows have different outcomes. BR-025: run 1 cancels an order after a recorded shipped transition. Run 4 refuses cancellation of a shipped order, while cancellation of a new order by the same customer succeeds as a control. The post-shipping restriction differs. Reviewed coverage: 32/52 requirements have an observed status in at least one run; 87/260 requirement-run cells have an observed status. These counts describe coverage, not stability.","Run 3 lacks a comparable checkout observation; the other recorded workflows do not establish all order branches. Runs 2, 3 and 5 do not establish the same matched post-shipping restriction; no special exception was exercised. Unobserved branches cannot establish further variation; no causal attribution to SRS omissions is made."
PURE_002,llmrei-long,build_run,✓,consistent_positive,1; 2; 3; 4; 5,,EV-01-build_run-02; EV-01-build_run-04; EV-02-build_run-02; EV-02-build_run-04; EV-02-build_run-05; EV-02-build_run-07; EV-03-build_run-02; EV-03-build_run-04; EV-03-build_run-05; EV-03-build_run-07; EV-04-build_run-02; EV-04-build_run-04; EV-05-build_run-02; EV-05-build_run-04; EV-05-build_run-05; EV-05-build_run-07,"Build entries by run 1-5: not_declared, succeeded, succeeded, not_declared, succeeded. Declared run-command probes: succeeded, succeeded, succeeded, succeeded, succeeded. Every declared build command and run-command probe completes successfully across the five runs.",Undeclared build commands are not counted as successful builds. HTTP listening or a successful CLI entry does not establish requirement fulfillment.
PURE_002,llmrei-long,core_requirement,—,evidence_limited,1; 2; 3; 4; 5,FR-001; FR-002; FR-003; FR-004; FR-005; FR-006; FR-007; FR-008; FR-009; FR-010; FR-011; FR-012; FR-013; FR-014; FR-015; FR-016; FR-017; FR-018; FR-019; FR-020; FR-021,EV-01-SCEN-FR-005-09-01; EV-01-SCEN-FR-005-09-03; EV-03-SCEN-FR-005-09-01; EV-03-SCEN-FR-005-09-03; EV-02-SCEN-FR-015-19-01; EV-02-SCEN-FR-015-19-03; EV-05-SCEN-FR-015-19-01; EV-05-SCEN-FR-015-19-03,"FR-005 recordings differ in whether exclusion of nonmatching products was tested, not in a demonstrated filter result. FR-015 account creation/update and unauthenticated existing-record exposure are different contexts; no matched own-record control establishes cross-run variation. Reviewed coverage: 16/21 requirements have an observed status in at least one run; 48/105 requirement-run cells have an observed status. These counts describe coverage, not stability.",5 requirements have no observed status in any run; 57 requirement-run cells are unobserved. Untested clauses and unmatched contexts prevent a whole-dimension stability conclusion. No actual failure is inferred from unobserved data.
PURE_002,llmrei-long,boundary_constraint,—,evidence_limited,1; 2; 3; 4; 5,BR-001; BR-002; BR-003; BR-004; BR-005,EV-01-SCEN-BR-001-26-01; EV-02-SCEN-BR-001-26-01; EV-03-SCEN-BR-001-26-01; EV-04-SCEN-BR-001-26-01; EV-05-SCEN-BR-001-26-01,"None of the required boundary scenarios has an observed runtime judgment. The absence of observations cannot establish either stable enforcement or cross-run variation. Reviewed coverage: 0/5 requirements have an observed status in at least one run; 0/25 requirement-run cells have an observed status. These counts describe coverage, not stability.",5 requirements have no observed status in any run; 25 requirement-run cells are unobserved. Untested clauses and unmatched contexts prevent a whole-dimension stability conclusion. No actual failure is inferred from unobserved data.
PURE_002,llmrei-long,observable_behavior,—,evidence_limited,1; 2; 3; 4; 5,FR-001; FR-002; FR-003; FR-004; FR-005; FR-006; FR-007; FR-008; FR-009; FR-010; FR-011; FR-012; FR-013; FR-014; FR-015; FR-016; FR-017; FR-018; FR-019; FR-020; FR-021; BR-001; BR-002; BR-003; BR-004; BR-005,EV-01-SCEN-FR-005-09-01; EV-01-SCEN-FR-005-09-03; EV-03-SCEN-FR-005-09-01; EV-03-SCEN-FR-005-09-03; EV-02-SCEN-FR-015-19-01; EV-02-SCEN-FR-015-19-03; EV-05-SCEN-FR-015-19-01; EV-05-SCEN-FR-015-19-03,"FR-005 recordings differ in whether exclusion of nonmatching products was tested, not in a demonstrated filter result. FR-015 account creation/update and unauthenticated existing-record exposure are different contexts; no matched own-record control establishes cross-run variation. Reviewed coverage: 16/26 requirements have an observed status in at least one run; 48/130 requirement-run cells have an observed status. These counts describe coverage, not stability.",10 requirements have no observed status in any run; 82 requirement-run cells are unobserved. Untested clauses and unmatched contexts prevent a whole-dimension stability conclusion. No actual failure is inferred from unobserved data.
PURE_002,sparkme,build_run,✓,consistent_positive,1; 2; 3; 4; 5,,EV-01-build_run-02; EV-01-build_run-04; EV-01-build_run-05; EV-01-build_run-07; EV-02-build_run-02; EV-02-build_run-04; EV-03-build_run-02; EV-03-build_run-04; EV-04-build_run-02; EV-04-build_run-04; EV-04-build_run-05; EV-04-build_run-07; EV-05-build_run-02; EV-05-build_run-04,"Build entries by run 1-5: succeeded, not_declared, not_declared, succeeded, not_declared. Declared run-command probes: succeeded, succeeded, succeeded, succeeded, succeeded. Every declared build command and run-command probe completes successfully across the five runs.",Undeclared build commands are not counted as successful builds. HTTP listening or a successful CLI entry does not establish requirement fulfillment.
PURE_002,sparkme,core_requirement,✗,mixed,1; 2; 3; 4; 5,FR-001; FR-002; FR-003; FR-004; FR-005; FR-006; FR-007; FR-008; FR-009; FR-010; FR-011; FR-012; FR-013; FR-014; FR-015; FR-016; FR-017; FR-018; FR-019; FR-020; FR-021; FR-022; FR-023; FR-024; FR-025; FR-026; FR-027; FR-028; FR-029; FR-030; FR-031; FR-032; FR-033; FR-034; FR-035; FR-036; FR-037; FR-038; FR-039; FR-040; FR-041; FR-042; FR-043; FR-044; FR-045; FR-046; FR-047; FR-048; FR-049; FR-050; FR-051; FR-052; FR-053; FR-054; FR-055; FR-056; FR-057; FR-058; FR-059; FR-060; FR-061; FR-062; FR-063; FR-064; FR-065; FR-066; FR-067; FR-068; FR-069; FR-070; FR-071,EV-01-SCEN-FR-013-18-01; EV-01-SCEN-FR-013-18-03; EV-02-SCEN-FR-013-18-01; EV-02-SCEN-FR-013-18-03,"FR-013: submitting an empty store name produces Store name is required in run 1, but run 2 records Basic store information saved with no incomplete-entry flag. The same incomplete-setup condition produces different feedback. Reviewed coverage: 48/71 requirements have an observed status in at least one run; 124/355 requirement-run cells have an observed status. These counts describe coverage, not stability.",Only the empty-store-name setup condition is compared. Unobserved branches cannot establish further variation; no causal attribution to SRS omissions is made.
PURE_002,sparkme,boundary_constraint,✗,mixed,1; 2; 3; 4; 5,BR-001; BR-002; BR-003; BR-004; BR-005; BR-006; BR-007; BR-008; BR-009; BR-010; BR-011; BR-012; EX-001; EX-002; EX-003; EX-004; EX-005,EV-04-SCEN-EX-005-110-01; EV-04-SCEN-EX-005-110-03; EV-05-SCEN-EX-005-110-01; EV-05-SCEN-EX-005-110-03,"EX-005: invalid checkout in run 4 returns the checkout form with field-specific corrections. Run 5 returns only a plain-text required-information error. The recorded validation responses differ in retaining the checkout-page interface. Reviewed coverage: 7/17 requirements have an observed status in at least one run; 19/85 requirement-run cells have an observed status. These counts describe coverage, not stability.","The initial checkout-page state in run 5 was not recorded; this contrast concerns the returned validation interface, not session continuity. Unobserved branches cannot establish further variation; no causal attribution to SRS omissions is made."
PURE_002,sparkme,observable_behavior,✗,mixed,1; 2; 3; 4; 5,FR-001; FR-002; FR-003; FR-004; FR-005; FR-006; FR-007; FR-008; FR-009; FR-010; FR-011; FR-012; FR-013; FR-014; FR-015; FR-016; FR-017; FR-018; FR-019; FR-020; FR-021; FR-022; FR-023; FR-024; FR-025; FR-026; FR-027; FR-028; FR-029; FR-030; FR-031; FR-032; FR-033; FR-034; FR-035; FR-036; FR-037; FR-038; FR-039; FR-040; FR-041; FR-042; FR-043; FR-044; FR-045; FR-046; FR-047; FR-048; FR-049; FR-050; FR-051; FR-052; FR-053; FR-054; FR-055; FR-056; FR-057; FR-058; FR-059; FR-060; FR-061; FR-062; FR-063; FR-064; FR-065; FR-066; FR-067; FR-068; FR-069; FR-070; FR-071; BR-001; BR-002; BR-003; BR-004; BR-005; BR-006; BR-007; BR-008; BR-009; BR-010; BR-011; BR-012; DI-001; DI-002; DI-003; DI-004; QR-001; QR-002; QR-003; QR-004; QR-005; QR-006; QR-007; QR-008; QR-009; QR-010; QR-011; QR-012; QR-013; EX-001; EX-002; EX-003; EX-004; EX-005,EV-01-SCEN-FR-013-18-01; EV-01-SCEN-FR-013-18-03; EV-02-SCEN-FR-013-18-01; EV-02-SCEN-FR-013-18-03; EV-04-SCEN-EX-005-110-01; EV-04-SCEN-EX-005-110-03; EV-05-SCEN-EX-005-110-01; EV-05-SCEN-EX-005-110-03,"FR-013: submitting an empty store name produces Store name is required in run 1, but run 2 records Basic store information saved with no incomplete-entry flag. The same incomplete-setup condition produces different feedback. EX-005: invalid checkout in run 4 returns the checkout form with field-specific corrections. Run 5 returns only a plain-text required-information error. The recorded validation responses differ in retaining the checkout-page interface. Reviewed coverage: 67/105 requirements have an observed status in at least one run; 187/525 requirement-run cells have an observed status. These counts describe coverage, not stability.","Only the empty-store-name setup condition is compared. The initial checkout-page state in run 5 was not recorded; this contrast concerns the returned validation interface, not session continuity. Unobserved branches cannot establish further variation; no causal attribution to SRS omissions is made."
PURE_002,proposed_method,build_run,✓,consistent_positive,1; 2; 3; 4; 5,,EV-01-build_run-02; EV-01-build_run-04; EV-02-build_run-02; EV-02-build_run-04; EV-02-build_run-05; EV-02-build_run-07; EV-03-build_run-02; EV-03-build_run-04; EV-03-build_run-05; EV-03-build_run-07; EV-04-build_run-02; EV-04-build_run-04; EV-04-build_run-05; EV-04-build_run-07; EV-05-build_run-02; EV-05-build_run-04,"Build entries by run 1-5: not_declared, succeeded, succeeded, succeeded, not_declared. Declared run-command probes: succeeded, succeeded, succeeded, succeeded, succeeded. Every declared build command and run-command probe completes successfully across the five runs.",Undeclared build commands are not counted as successful builds. HTTP listening or a successful CLI entry does not establish requirement fulfillment.
PURE_002,proposed_method,core_requirement,—,evidence_limited,1; 2; 3; 4; 5,FR-001; FR-002; FR-003; FR-004; FR-005; FR-006; FR-007; FR-008; FR-009; FR-010; FR-011; FR-012; FR-013; FR-014; FR-015; FR-016; FR-017; FR-018; FR-019; FR-020; FR-021; FR-022; FR-023; FR-024; FR-025; FR-026; FR-027; FR-028; FR-029; FR-030; FR-031; FR-032; FR-033; FR-034; FR-035; FR-036; FR-037; FR-038; FR-039; FR-040; FR-041; FR-042; FR-043; FR-044; FR-045; FR-046; FR-047; FR-048; FR-049; FR-050; FR-051; FR-052; FR-053; FR-054; FR-055; FR-056; FR-057; FR-058; FR-059; FR-060; FR-061; FR-062; FR-063; FR-064; FR-065; FR-066; FR-067; FR-068; FR-069; FR-070; FR-071; FR-072; FR-073; FR-074; FR-075; FR-076; FR-077; FR-078; FR-079; FR-080; FR-081; FR-082; FR-083; FR-084; FR-085; FR-086; FR-087; FR-088; FR-089,EV-01-SCEN-FR-003-09-01; EV-01-SCEN-FR-003-09-03; EV-02-SCEN-FR-003-09-01; EV-02-SCEN-FR-003-09-03,"FR-002 only exercises product creation in every run. FR-003 differences concern which submitted fields are returned or read back; omitted readback does not establish that another implementation cannot retain those fields. Reviewed coverage: 17/89 requirements have an observed status in at least one run; 39/445 requirement-run cells have an observed status. These counts describe coverage, not stability.",72 requirements have no observed status in any run; 406 requirement-run cells are unobserved. Untested clauses and unmatched contexts prevent a whole-dimension stability conclusion. No actual failure is inferred from unobserved data.
PURE_002,proposed_method,boundary_constraint,—,evidence_limited,1; 2; 3; 4; 5,BR-001; BR-002; BR-003; BR-004; BR-005; BR-006; BR-007; BR-008; BR-009; BR-010; BR-011; BR-012; BR-013; BR-014; BR-015; BR-016; BR-017; BR-018; BR-019; BR-020; EX-001; EX-002; EX-003; EX-004; EX-005; EX-006,EV-01-SCEN-BR-001-96-01; EV-01-SCEN-BR-001-96-03; EV-02-SCEN-BR-001-96-01; EV-02-SCEN-BR-001-96-03; EV-03-SCEN-BR-001-96-01; EV-03-SCEN-BR-001-96-03; EV-04-SCEN-BR-001-96-01; EV-04-SCEN-BR-001-96-03; EV-05-SCEN-BR-001-96-01; EV-05-SCEN-BR-001-96-03,"Only isolated boundary branches are observed, with no matched completed boundary test establishing a different outcome across runs. Other runs and clauses are unobserved. Reviewed coverage: 6/26 requirements have an observed status in at least one run; 11/130 requirement-run cells have an observed status. These counts describe coverage, not stability.",20 requirements have no observed status in any run; 119 requirement-run cells are unobserved. Untested clauses and unmatched contexts prevent a whole-dimension stability conclusion. No actual failure is inferred from unobserved data.
PURE_002,proposed_method,observable_behavior,—,evidence_limited,1; 2; 3; 4; 5,FR-001; FR-002; FR-003; FR-004; FR-005; FR-006; FR-007; FR-008; FR-009; FR-010; FR-011; FR-012; FR-013; FR-014; FR-015; FR-016; FR-017; FR-018; FR-019; FR-020; FR-021; FR-022; FR-023; FR-024; FR-025; FR-026; FR-027; FR-028; FR-029; FR-030; FR-031; FR-032; FR-033; FR-034; FR-035; FR-036; FR-037; FR-038; FR-039; FR-040; FR-041; FR-042; FR-043; FR-044; FR-045; FR-046; FR-047; FR-048; FR-049; FR-050; FR-051; FR-052; FR-053; FR-054; FR-055; FR-056; FR-057; FR-058; FR-059; FR-060; FR-061; FR-062; FR-063; FR-064; FR-065; FR-066; FR-067; FR-068; FR-069; FR-070; FR-071; FR-072; FR-073; FR-074; FR-075; FR-076; FR-077; FR-078; FR-079; FR-080; FR-081; FR-082; FR-083; FR-084; FR-085; FR-086; FR-087; FR-088; FR-089; BR-001; BR-002; BR-003; BR-004; BR-005; BR-006; BR-007; BR-008; BR-009; BR-010; BR-011; BR-012; BR-013; BR-014; BR-015; BR-016; BR-017; BR-018; BR-019; BR-020; DI-001; DI-002; DI-003; DI-004; QR-001; QR-002; QR-003; QR-004; QR-005; QR-006; QR-007; QR-008; QR-009; QR-010; QR-011; QR-012; QR-013; QR-014; QR-015; QR-016; EX-001; EX-002; EX-003; EX-004; EX-005; EX-006,EV-01-SCEN-FR-003-09-01; EV-01-SCEN-FR-003-09-03; EV-02-SCEN-FR-003-09-01; EV-02-SCEN-FR-003-09-03,"FR-002 only exercises product creation in every run. FR-003 differences concern which submitted fields are returned or read back; omitted readback does not establish that another implementation cannot retain those fields. Reviewed coverage: 29/135 requirements have an observed status in at least one run; 61/675 requirement-run cells have an observed status. These counts describe coverage, not stability.",106 requirements have no observed status in any run; 614 requirement-run cells are unobserved. Untested clauses and unmatched contexts prevent a whole-dimension stability conclusion. No actual failure is inferred from unobserved data.
PURE_004,hashimoto,build_run,—,evidence_limited,1; 2; 3; 4; 5,,EV-01-build_run-02; EV-01-build_run-04; EV-01-build_run-05; EV-01-build_run-07; EV-02-build_run-02; EV-02-build_run-04; EV-02-build_run-05; EV-02-build_run-07; EV-03-build_run-02; EV-03-build_run-04; EV-04-build_run-02; EV-04-build_run-04; EV-05-build_run-02; EV-05-build_run-04,"Build entries by run 1-5: succeeded, succeeded, not_declared, not_declared, not_declared. Declared run-command probes: succeeded, failed, succeeded, failed, failed. Nonzero run probes lack required CLI arguments or standard input. They show incomplete invocation rather than a matched application-startup failure; scenario commands demonstrate operation when supplied valid inputs.",The declared commands were not re-observed with their required subcommands/input. Startup consistency cannot be inferred from these incomplete bare-command probes.
PURE_004,hashimoto,core_requirement,✗,mixed,1; 2; 3; 4; 5,FR-001; FR-002; FR-003; FR-005; FR-007; FR-009; FR-010; FR-011; FR-012; FR-013; FR-014; FR-015; FR-016; FR-017; FR-018; FR-019; FR-020,EV-02-SCEN-FR-001-04-01; EV-02-SCEN-FR-001-04-02; EV-02-SCEN-FR-001-04-03; EV-03-SCEN-FR-001-04-01; EV-03-SCEN-FR-001-04-02; EV-03-SCEN-FR-001-04-03,"FR-001: run 2 starts an unsolved predefined puzzle, accepts a swap and reports one action on completion. Run 3 reports the selected Starter puzzle solved immediately with zero actions. The recorded predefined-challenge play behavior differs. Reviewed coverage: 10/17 requirements have an observed status in at least one run; 27/85 requirement-run cells have an observed status. These counts describe coverage, not stability.",Only the selected default challenges are compared; neither recording establishes a graphical-board implementation. Unobserved branches cannot establish further variation; no causal attribution to SRS omissions is made.
PURE_004,hashimoto,boundary_constraint,—,evidence_limited,1; 2; 3; 4; 5,FR-021,EV-01-SCEN-FR-021-25-01; EV-01-SCEN-FR-021-25-03; EV-02-SCEN-FR-021-25-01; EV-02-SCEN-FR-021-25-02; EV-02-SCEN-FR-021-25-03; EV-03-SCEN-FR-021-25-01; EV-03-SCEN-FR-021-25-02; EV-03-SCEN-FR-021-25-03; EV-04-SCEN-FR-021-25-01; EV-04-SCEN-FR-021-25-02; EV-04-SCEN-FR-021-25-03; EV-05-SCEN-FR-021-25-01; EV-05-SCEN-FR-021-25-02; EV-05-SCEN-FR-021-25-03,"The required access/security behavior has no usable scenario observation across the runs. Reviewed coverage: 0/1 requirements have an observed status in at least one run; 0/5 requirement-run cells have an observed status. These counts describe coverage, not stability.",1 requirements have no observed status in any run; 5 requirement-run cells are unobserved. Untested clauses and unmatched contexts prevent a whole-dimension stability conclusion. No actual failure is inferred from unobserved data.
PURE_004,hashimoto,observable_behavior,✗,mixed,1; 2; 3; 4; 5,FR-001; FR-002; FR-003; FR-005; FR-007; FR-009; FR-010; FR-011; FR-012; FR-013; FR-014; FR-015; FR-016; FR-017; FR-018; FR-019; FR-020; FR-021,EV-02-SCEN-FR-001-04-01; EV-02-SCEN-FR-001-04-02; EV-02-SCEN-FR-001-04-03; EV-03-SCEN-FR-001-04-01; EV-03-SCEN-FR-001-04-02; EV-03-SCEN-FR-001-04-03,"FR-001: run 2 starts an unsolved predefined puzzle, accepts a swap and reports one action on completion. Run 3 reports the selected Starter puzzle solved immediately with zero actions. The recorded predefined-challenge play behavior differs. Reviewed coverage: 10/18 requirements have an observed status in at least one run; 27/90 requirement-run cells have an observed status. These counts describe coverage, not stability.",Only the selected default challenges are compared; neither recording establishes a graphical-board implementation. Unobserved branches cannot establish further variation; no causal attribution to SRS omissions is made.
PURE_004,llmrei-long,build_run,✓,consistent_positive,1; 2; 3; 4; 5,,EV-01-build_run-02; EV-01-build_run-04; EV-01-build_run-05; EV-01-build_run-07; EV-02-build_run-02; EV-02-build_run-04; EV-03-build_run-02; EV-03-build_run-04; EV-04-build_run-02; EV-04-build_run-04; EV-05-build_run-02; EV-05-build_run-04,"Build entries by run 1-5: succeeded, not_declared, not_declared, not_declared, not_declared. Declared run-command probes: succeeded, succeeded, succeeded, succeeded, succeeded. Every declared build command and run-command probe completes successfully across the five runs.",Undeclared build commands are not counted as successful builds. HTTP listening or a successful CLI entry does not establish requirement fulfillment.
PURE_004,llmrei-long,core_requirement,—,evidence_limited,1; 2; 3; 4; 5,FR-001; FR-002; FR-003; FR-004; FR-005; FR-006; FR-007; FR-008; FR-009; FR-010; FR-011; FR-012; FR-013; FR-014; FR-015; FR-016; FR-017; FR-018; FR-019; FR-020; FR-021; FR-022; FR-023; FR-024; FR-025,EV-01-SCEN-FR-001-03-01,"Only run 1 has positively judged behavior; other runs lack comparable action observations. Missing UI or runtime evidence cannot establish implementation variation. Reviewed coverage: 7/25 requirements have an observed status in at least one run; 7/125 requirement-run cells have an observed status. These counts describe coverage, not stability.",18 requirements have no observed status in any run; 118 requirement-run cells are unobserved. Untested clauses and unmatched contexts prevent a whole-dimension stability conclusion. No actual failure is inferred from unobserved data.
PURE_004,llmrei-long,boundary_constraint,—,evidence_limited,1; 2; 3; 4; 5,BR-001; BR-002; BR-003; BR-004; BR-005; EX-001; EX-002,EV-01-SCEN-BR-001-28-01; EV-01-SCEN-BR-001-28-03; EV-02-SCEN-BR-001-28-01; EV-03-SCEN-BR-001-28-01; EV-04-SCEN-BR-001-28-01; EV-05-SCEN-BR-001-28-01,"Only run 1 has positively judged behavior; other runs lack comparable action observations. Missing UI or runtime evidence cannot establish implementation variation. Reviewed coverage: 2/7 requirements have an observed status in at least one run; 2/35 requirement-run cells have an observed status. These counts describe coverage, not stability.",5 requirements have no observed status in any run; 33 requirement-run cells are unobserved. Untested clauses and unmatched contexts prevent a whole-dimension stability conclusion. No actual failure is inferred from unobserved data.
PURE_004,llmrei-long,observable_behavior,—,evidence_limited,1; 2; 3; 4; 5,FR-001; FR-002; FR-003; FR-004; FR-005; FR-006; FR-007; FR-008; FR-009; FR-010; FR-011; FR-012; FR-013; FR-014; FR-015; FR-016; FR-017; FR-018; FR-019; FR-020; FR-021; FR-022; FR-023; FR-024; FR-025; BR-001; BR-002; BR-003; BR-004; BR-005; DI-001; DI-002; QR-001; QR-002; QR-003; QR-004; QR-005; QR-006; EX-001; EX-002,EV-01-SCEN-FR-001-03-01,"Only run 1 has positively judged behavior; other runs lack comparable action observations. Missing UI or runtime evidence cannot establish implementation variation. Reviewed coverage: 9/40 requirements have an observed status in at least one run; 9/200 requirement-run cells have an observed status. These counts describe coverage, not stability.",31 requirements have no observed status in any run; 191 requirement-run cells are unobserved. Untested clauses and unmatched contexts prevent a whole-dimension stability conclusion. No actual failure is inferred from unobserved data.
PURE_004,sparkme,build_run,—,evidence_limited,1; 2; 3; 4; 5,,EV-01-build_run-02; EV-01-build_run-04; EV-02-build_run-02; EV-02-build_run-04; EV-02-build_run-05; EV-02-build_run-07; EV-03-build_run-02; EV-03-build_run-04; EV-04-build_run-02; EV-04-build_run-04; EV-04-build_run-05; EV-04-build_run-07; EV-05-build_run-02; EV-05-build_run-04; EV-05-build_run-05; EV-05-build_run-07,"Build entries by run 1-5: not_declared, succeeded, not_declared, succeeded, succeeded. Declared run-command probes: failed, succeeded, failed, succeeded, succeeded. Nonzero run probes lack required CLI arguments or standard input. They show incomplete invocation rather than a matched application-startup failure; scenario commands demonstrate operation when supplied valid inputs.",The declared commands were not re-observed with their required subcommands/input. Startup consistency cannot be inferred from these incomplete bare-command probes.
PURE_004,sparkme,core_requirement,✗,mixed,1; 2; 3; 4; 5,FR-001; FR-002; FR-003; FR-004; FR-005; FR-006; FR-007; FR-008; FR-009; FR-010; FR-011; FR-012; FR-013; FR-014; FR-015; FR-016; FR-017; FR-018; FR-019; FR-020; FR-021; FR-022; FR-023; FR-024; FR-025; FR-026; FR-027; FR-028; FR-029; FR-030; FR-031; FR-032; FR-033; FR-034; FR-035; FR-036; FR-037; FR-038; FR-039; FR-040; FR-041; FR-042; FR-045,EV-01-SCEN-FR-001-08-01; EV-01-SCEN-FR-001-08-02; EV-01-SCEN-FR-001-08-03; EV-05-SCEN-FR-001-08-01; EV-05-SCEN-FR-001-08-03,"FR-001: run 1 launches a puzzle and a move changes its board and count. Run 5 receives New Puzzle but returns a page with no active session and zero total sessions. The recorded puzzle-launch outcomes differ. Reviewed coverage: 29/43 requirements have an observed status in at least one run; 92/215 requirement-run cells have an observed status. These counts describe coverage, not stability.",Other launch paths and session configurations were not exercised. Unobserved branches cannot establish further variation; no causal attribution to SRS omissions is made.
PURE_004,sparkme,boundary_constraint,✗,mixed,1; 2; 3; 4; 5,BR-001; BR-002; BR-003; BR-004; BR-005; BR-006; BR-007; BR-008; BR-009; BR-010; BR-011; BR-012; BR-013; BR-014; BR-015; BR-016; BR-017; BR-018; BR-019; EX-001; EX-002; EX-003; EX-004; EX-005; EX-006; EX-007,EV-01-SCEN-BR-009-61-01; EV-01-SCEN-BR-009-61-02; EV-01-SCEN-BR-009-61-03; EV-04-SCEN-BR-009-61-01; EV-04-SCEN-BR-009-61-02; EV-04-SCEN-BR-009-61-03,"BR-009: after malformed save data, run 1 starts without an invalid-save notice; run 4 reports Could not read save file and displays a coherent grid. The required notification behavior differs. Reviewed coverage: 8/26 requirements have an observed status in at least one run; 19/130 requirement-run cells have an observed status. These counts describe coverage, not stability.",The recordings do not establish whether resets affect only damaged stats or progress. Unobserved branches cannot establish further variation; no causal attribution to SRS omissions is made.
PURE_004,sparkme,observable_behavior,✗,mixed,1; 2; 3; 4; 5,FR-001; FR-002; FR-003; FR-004; FR-005; FR-006; FR-007; FR-008; FR-009; FR-010; FR-011; FR-012; FR-013; FR-014; FR-015; FR-016; FR-017; FR-018; FR-019; FR-020; FR-021; FR-022; FR-023; FR-024; FR-025; FR-026; FR-027; FR-028; FR-029; FR-030; FR-031; FR-032; FR-033; FR-034; FR-035; FR-036; FR-037; FR-038; FR-039; FR-040; FR-041; FR-042; FR-043; FR-044; FR-045; BR-001; BR-002; BR-003; BR-004; BR-005; BR-006; BR-007; BR-008; BR-009; BR-010; BR-011; BR-012; BR-013; BR-014; BR-015; BR-016; BR-017; BR-018; BR-019; DI-001; DI-002; DI-003; QR-001; QR-002; QR-003; QR-004; QR-005; QR-006; QR-007; QR-008; QR-009; QR-010; QR-011; QR-012; QR-013; QR-014; EX-001; EX-002; EX-003; EX-004; EX-005; EX-006; EX-007,EV-01-SCEN-FR-001-08-01; EV-01-SCEN-FR-001-08-02; EV-01-SCEN-FR-001-08-03; EV-05-SCEN-FR-001-08-01; EV-05-SCEN-FR-001-08-03; EV-01-SCEN-BR-009-61-01; EV-01-SCEN-BR-009-61-02; EV-01-SCEN-BR-009-61-03; EV-04-SCEN-BR-009-61-01; EV-04-SCEN-BR-009-61-02; EV-04-SCEN-BR-009-61-03,"FR-001: run 1 launches a puzzle and a move changes its board and count. Run 5 receives New Puzzle but returns a page with no active session and zero total sessions. The recorded puzzle-launch outcomes differ. BR-009: after malformed save data, run 1 starts without an invalid-save notice; run 4 reports Could not read save file and displays a coherent grid. The required notification behavior differs. Reviewed coverage: 49/88 requirements have an observed status in at least one run; 146/440 requirement-run cells have an observed status. These counts describe coverage, not stability.",Other launch paths and session configurations were not exercised. The recordings do not establish whether resets affect only damaged stats or progress. Unobserved branches cannot establish further variation; no causal attribution to SRS omissions is made.
PURE_004,proposed_method,build_run,—,evidence_limited,1; 2; 3; 4; 5,,EV-01-build_run-02; EV-01-build_run-04; EV-02-build_run-02; EV-02-build_run-04; EV-03-build_run-02; EV-03-build_run-04; EV-04-build_run-02; EV-04-build_run-04; EV-04-build_run-05; EV-04-build_run-07; EV-05-build_run-02; EV-05-build_run-04,"Build entries by run 1-5: not_declared, not_declared, not_declared, succeeded, not_declared. Declared run-command probes: succeeded, succeeded, failed, failed, failed. Nonzero run probes lack required CLI arguments or standard input. They show incomplete invocation rather than a matched application-startup failure; scenario commands demonstrate operation when supplied valid inputs.",The declared commands were not re-observed with their required subcommands/input. Startup consistency cannot be inferred from these incomplete bare-command probes.
PURE_004,proposed_method,core_requirement,—,evidence_limited,1; 2; 3; 4; 5,FR-001; FR-002; FR-003; FR-004; FR-005; FR-006; FR-007; FR-010; FR-011; FR-013; FR-014; FR-015; FR-016; FR-017; FR-018; FR-019; FR-020; FR-021; FR-022; FR-023; FR-024; FR-026; FR-027; FR-028; FR-029; FR-030; FR-032,EV-02-SCEN-FR-006-08-01; EV-02-SCEN-FR-006-08-02; EV-02-SCEN-FR-006-08-03; EV-04-SCEN-FR-006-08-01; EV-04-SCEN-FR-006-08-02; EV-04-SCEN-FR-006-08-03,"FR-006 progress and completed-result recordings cover different measures and stages; elapsed-time and score clauses are not comparably exercised. Missing clauses in a recording do not demonstrate their absence from the implementation. Reviewed coverage: 24/27 requirements have an observed status in at least one run; 79/135 requirement-run cells have an observed status. These counts describe coverage, not stability.",3 requirements have no observed status in any run; 56 requirement-run cells are unobserved. Untested clauses and unmatched contexts prevent a whole-dimension stability conclusion. No actual failure is inferred from unobserved data.
PURE_004,proposed_method,boundary_constraint,—,evidence_limited,1; 2; 3; 4; 5,FR-008; FR-009; FR-012; FR-025; EX-001; EX-002; EX-003; EX-004,EV-02-SCEN-EX-003-47-01; EV-02-SCEN-EX-003-47-02; EV-02-SCEN-EX-003-47-03; EV-04-SCEN-EX-003-47-01; EV-04-SCEN-EX-003-47-02; EV-04-SCEN-EX-003-47-03,"EX-003 help and startup excerpts cover different terminology contexts. No matched terminology context establishes that repeated implementations enforce the same obligation differently. Reviewed coverage: 4/8 requirements have an observed status in at least one run; 10/40 requirement-run cells have an observed status. These counts describe coverage, not stability.",4 requirements have no observed status in any run; 30 requirement-run cells are unobserved. Untested clauses and unmatched contexts prevent a whole-dimension stability conclusion. No actual failure is inferred from unobserved data.
PURE_004,proposed_method,observable_behavior,—,evidence_limited,1; 2; 3; 4; 5,FR-001; FR-002; FR-003; FR-004; FR-005; FR-006; FR-007; FR-008; FR-009; FR-010; FR-011; FR-012; FR-013; FR-014; FR-015; FR-016; FR-017; FR-018; FR-019; FR-020; FR-021; FR-022; FR-023; FR-024; FR-025; FR-026; FR-027; FR-028; FR-029; FR-030; FR-031; FR-032; QR-001; QR-002; QR-003; QR-004; QR-005; QR-006; QR-007; QR-008; QR-009; QR-010; EX-001; EX-002; EX-003; EX-004,EV-02-SCEN-FR-006-08-01; EV-02-SCEN-FR-006-08-02; EV-02-SCEN-FR-006-08-03; EV-04-SCEN-FR-006-08-01; EV-04-SCEN-FR-006-08-02; EV-04-SCEN-FR-006-08-03; EV-02-SCEN-EX-003-47-01; EV-02-SCEN-EX-003-47-02; EV-02-SCEN-EX-003-47-03; EV-04-SCEN-EX-003-47-01; EV-04-SCEN-EX-003-47-02; EV-04-SCEN-EX-003-47-03,"FR-006 progress and completed-result recordings cover different measures and stages. EX-003 help and startup excerpts cover different terminology contexts. No matched clause and context establishes a behavioral contradiction. Reviewed coverage: 36/46 requirements have an observed status in at least one run; 120/230 requirement-run cells have an observed status. These counts describe coverage, not stability.",10 requirements have no observed status in any run; 110 requirement-run cells are unobserved. Untested clauses and unmatched contexts prevent a whole-dimension stability conclusion. No actual failure is inferred from unobserved data.
PURE_024,hashimoto,build_run,✓,consistent_positive,1; 2; 3; 4; 5,,EV-01-build_run-02; EV-01-build_run-04; EV-02-build_run-02; EV-02-build_run-04; EV-03-build_run-02; EV-03-build_run-04; EV-03-build_run-05; EV-03-build_run-07; EV-04-build_run-02; EV-04-build_run-04; EV-04-build_run-05; EV-04-build_run-07; EV-05-build_run-02; EV-05-build_run-04,"Build entries by run 1-5: not_declared, not_declared, succeeded, succeeded, not_declared. Declared run-command probes: succeeded, succeeded, succeeded, succeeded, succeeded. Every declared build command and run-command probe completes successfully across the five runs.",Undeclared build commands are not counted as successful builds. HTTP listening or a successful CLI entry does not establish requirement fulfillment.
PURE_024,hashimoto,core_requirement,—,evidence_limited,1; 2; 3; 4; 5,FR-001; FR-002; FR-003; FR-004; FR-005; FR-006; FR-007; FR-008; FR-009; FR-010,EV-01-SCEN-FR-003-11-01; EV-01-SCEN-FR-003-11-03; EV-02-SCEN-FR-003-11-01; EV-02-SCEN-FR-003-11-03,"FR-003 recordings show initial classroom capacity configuration. The same kind of returned capacity is labelled satisfied in run 2 and partial elsewhere, without a demonstrated difference in ongoing capacity management. Reviewed coverage: 10/10 requirements have an observed status in at least one run; 44/50 requirement-run cells have an observed status. These counts describe coverage, not stability.",0 requirements have no observed status in any run; 6 requirement-run cells are unobserved. Untested clauses and unmatched contexts prevent a whole-dimension stability conclusion. No actual failure is inferred from unobserved data.
PURE_024,hashimoto,boundary_constraint,—,evidence_limited,1; 2; 3; 4; 5,BR-001,EV-01-SCEN-BR-001-19-01; EV-01-SCEN-BR-001-19-03; EV-01-SCEN-BR-001-19-04; EV-01-SCEN-BR-001-19-05; EV-01-SCEN-BR-001-19-06; EV-05-SCEN-BR-001-19-01; EV-05-SCEN-BR-001-19-03; EV-05-SCEN-BR-001-19-04; EV-05-SCEN-BR-001-19-05; EV-05-SCEN-BR-001-19-06,"BR-001 shows enrollment operations but no waiting-list operation or common consistency rule. Run 4 has no target observation. Partial coverage cannot establish stable non-fulfillment of the untested waiting-list behavior. Reviewed coverage: 1/1 requirements have an observed status in at least one run; 4/5 requirement-run cells have an observed status. These counts describe coverage, not stability.",0 requirements have no observed status in any run; 1 requirement-run cells are unobserved. Untested clauses and unmatched contexts prevent a whole-dimension stability conclusion. No actual failure is inferred from unobserved data.
PURE_024,hashimoto,observable_behavior,—,evidence_limited,1; 2; 3; 4; 5,FR-001; FR-002; FR-003; FR-004; FR-005; FR-006; FR-007; FR-008; FR-009; FR-010; BR-001,EV-01-SCEN-FR-003-11-01; EV-01-SCEN-FR-003-11-03; EV-02-SCEN-FR-003-11-01; EV-02-SCEN-FR-003-11-03; EV-01-SCEN-BR-001-19-01; EV-01-SCEN-BR-001-19-03; EV-01-SCEN-BR-001-19-04; EV-01-SCEN-BR-001-19-05; EV-01-SCEN-BR-001-19-06; EV-05-SCEN-BR-001-19-01; EV-05-SCEN-BR-001-19-03; EV-05-SCEN-BR-001-19-04; EV-05-SCEN-BR-001-19-05; EV-05-SCEN-BR-001-19-06,"FR-003 recordings show initial classroom capacity configuration; different satisfaction labels do not establish different capacity-management behavior. BR-001 shows enrollment only, with waiting-list management and run 4 unobserved. Reviewed coverage: 11/11 requirements have an observed status in at least one run; 48/55 requirement-run cells have an observed status. These counts describe coverage, not stability.",0 requirements have no observed status in any run; 7 requirement-run cells are unobserved. Untested clauses and unmatched contexts prevent a whole-dimension stability conclusion. No actual failure is inferred from unobserved data.
PURE_024,llmrei-long,build_run,✓,consistent_positive,1; 2; 3; 4; 5,,EV-01-build_run-02; EV-01-build_run-04; EV-01-build_run-05; EV-01-build_run-07; EV-02-build_run-02; EV-02-build_run-04; EV-02-build_run-05; EV-02-build_run-07; EV-03-build_run-02; EV-03-build_run-04; EV-04-build_run-02; EV-04-build_run-04; EV-04-build_run-05; EV-04-build_run-07; EV-05-build_run-02; EV-05-build_run-04; EV-05-build_run-05; EV-05-build_run-07,"Build entries by run 1-5: succeeded, succeeded, not_declared, succeeded, succeeded. Declared run-command probes: succeeded, succeeded, succeeded, succeeded, succeeded. Every declared build command and run-command probe completes successfully across the five runs.",Undeclared build commands are not counted as successful builds. HTTP listening or a successful CLI entry does not establish requirement fulfillment.
PURE_024,llmrei-long,core_requirement,—,evidence_limited,1; 2; 3; 4; 5,FR-001; FR-002; FR-003; FR-004; FR-005; FR-006; FR-007; FR-008; FR-009; FR-010; FR-011; FR-012; FR-013; FR-014; FR-015; FR-016; FR-017; FR-018; FR-019; FR-020; FR-021; FR-022; FR-023,EV-01-SCEN-FR-008-12-01; EV-01-SCEN-FR-008-12-03; EV-01-SCEN-FR-008-12-04; EV-03-SCEN-FR-008-12-01; EV-03-SCEN-FR-008-12-03; EV-03-SCEN-FR-008-12-04,"FR-008 child-creation responses show health and immunization fields in runs 1 and 3. Different labels reflect how persistence coverage was assessed; no contradictory retention or readback result is recorded. Reviewed coverage: 17/23 requirements have an observed status in at least one run; 43/115 requirement-run cells have an observed status. These counts describe coverage, not stability.",6 requirements have no observed status in any run; 72 requirement-run cells are unobserved. Untested clauses and unmatched contexts prevent a whole-dimension stability conclusion. No actual failure is inferred from unobserved data.
PURE_024,llmrei-long,boundary_constraint,—,evidence_limited,1; 2; 3; 4; 5,BR-001; BR-002; BR-003; BR-004; BR-005; BR-006,EV-01-SCEN-BR-001-10-01; EV-01-SCEN-BR-001-10-03; EV-01-SCEN-BR-001-10-04; EV-01-SCEN-BR-001-10-05; EV-01-SCEN-BR-001-10-06; EV-02-SCEN-BR-001-10-01; EV-02-SCEN-BR-001-10-03; EV-03-SCEN-BR-001-10-01; EV-03-SCEN-BR-001-10-03; EV-04-SCEN-BR-001-10-01; EV-04-SCEN-BR-001-10-03; EV-05-SCEN-BR-001-10-01; EV-05-SCEN-BR-001-10-03,"The recorded capacity refusals do not supply comparable prepared children, classroom occupancy and staff actors across runs. A child-not-found or generic forbidden response cannot establish a different capacity restriction. Reviewed coverage: 2/6 requirements have an observed status in at least one run; 2/30 requirement-run cells have an observed status. These counts describe coverage, not stability.",4 requirements have no observed status in any run; 28 requirement-run cells are unobserved. Untested clauses and unmatched contexts prevent a whole-dimension stability conclusion. No actual failure is inferred from unobserved data.
PURE_024,llmrei-long,observable_behavior,—,evidence_limited,1; 2; 3; 4; 5,FR-001; FR-002; FR-003; FR-004; FR-005; FR-006; BR-001; FR-007; FR-008; FR-009; FR-010; FR-011; FR-012; FR-013; FR-014; FR-015; FR-016; FR-017; FR-018; FR-019; FR-020; FR-021; FR-022; QR-001; QR-002; QR-003; QR-004; BR-002; BR-003; BR-004; BR-005; BR-006; FR-023,EV-01-SCEN-FR-008-12-01; EV-01-SCEN-FR-008-12-03; EV-01-SCEN-FR-008-12-04; EV-03-SCEN-FR-008-12-01; EV-03-SCEN-FR-008-12-03; EV-03-SCEN-FR-008-12-04,"FR-008 child-creation responses show health/immunization fields in runs 1 and 3, but differ in judgment labels rather than a demonstrated persistence result. Boundary tests elsewhere lack comparable established children, capacity or actors. Reviewed coverage: 20/33 requirements have an observed status in at least one run; 47/165 requirement-run cells have an observed status. These counts describe coverage, not stability.",13 requirements have no observed status in any run; 118 requirement-run cells are unobserved. Untested clauses and unmatched contexts prevent a whole-dimension stability conclusion. No actual failure is inferred from unobserved data.
PURE_024,sparkme,build_run,✗,mixed,1; 2; 3; 4; 5,,EV-01-build_run-02; EV-01-build_run-04; EV-02-build_run-02; EV-02-build_run-04; EV-03-build_run-02; EV-03-build_run-04; EV-04-build_run-02; EV-04-build_run-04; EV-05-build_run-02; EV-05-build_run-04,"Build entries by run 1-5: not_declared, not_declared, not_declared, not_declared, not_declared. Declared run-command probes: succeeded, succeeded, succeeded, succeeded, failed. Run 5 exits before HTTP observation with a KeyError for familys, while runs 1-4 reach a listening HTTP service.","Undeclared build commands are not counted as successful builds. HTTP listening establishes startup only, not feature fulfillment."
PURE_024,sparkme,core_requirement,✗,mixed,1; 2; 3; 4; 5,FR-001; FR-002; FR-003; FR-004; FR-005; FR-006; FR-007; FR-008; FR-009; FR-010; FR-011; FR-012; FR-013; FR-014; FR-015; FR-016; FR-017; FR-018; FR-019; FR-020; FR-021; FR-022; FR-023; FR-024; FR-025; FR-026; FR-027; FR-028; FR-029; FR-030; FR-031; FR-032; FR-033; FR-034; FR-035; FR-036; FR-037; FR-038; FR-039; FR-040; FR-041; FR-042; FR-043; FR-044; FR-045; FR-046; FR-047; FR-048; FR-049; FR-050; FR-051; FR-052; FR-053; FR-054; FR-055; FR-056; FR-057; FR-058; FR-059; FR-060; FR-061; FR-062; FR-063; FR-065; FR-066; FR-067; FR-068; FR-069; FR-070; FR-071; FR-072; FR-073; FR-074; FR-075; FR-076; FR-077; FR-078; FR-079; FR-080; FR-081; FR-082; FR-083; FR-084; FR-085; FR-086; FR-087; FR-088,EV-02-SCEN-FR-085-88-01; EV-02-SCEN-FR-085-88-03; EV-02-SCEN-FR-085-88-04; EV-04-SCEN-FR-085-88-01; EV-04-SCEN-FR-085-88-03; EV-04-SCEN-FR-085-88-04,"FR-085: after administrator login, the missing-resource response in run 2 is only not found; the 404 response in run 4 advises checking the spelling and trying again. The recorded error guidance differs. Reviewed coverage: 19/87 requirements have an observed status in at least one run; 44/435 requirement-run cells have an observed status. These counts describe coverage, not stability.",Different missing-resource URLs were exercised; the contrast is limited to these responses. Run 5 has no runtime response. Unobserved branches cannot establish further variation; no causal attribution to SRS omissions is made.
PURE_024,sparkme,boundary_constraint,—,evidence_limited,1; 2; 3; 4; 5,BR-001; BR-002; BR-003; BR-004; BR-005; BR-006; BR-007; BR-008; BR-009; BR-010; EX-001; EX-002; EX-003; EX-004; EX-005; EX-006,EV-01-SCEN-BR-001-92-01; EV-01-SCEN-BR-001-92-03; EV-01-SCEN-BR-001-92-04; EV-02-SCEN-BR-001-92-01; EV-02-SCEN-BR-001-92-03; EV-02-SCEN-BR-001-92-04; EV-03-SCEN-BR-001-92-01; EV-04-SCEN-BR-001-92-01; EV-04-SCEN-BR-001-92-03; EV-04-SCEN-BR-001-92-04; EV-05-SCEN-BR-001-92-01; EV-05-SCEN-BR-001-92-02; EV-05-SCEN-BR-001-92-03,"Boundary recordings cover too few comparable cases to establish stability; unobserved runs are not negative behavior. Reviewed coverage: 4/16 requirements have an observed status in at least one run; 7/80 requirement-run cells have an observed status. These counts describe coverage, not stability.",12 requirements have no observed status in any run; 73 requirement-run cells are unobserved. Untested clauses and unmatched contexts prevent a whole-dimension stability conclusion. No actual failure is inferred from unobserved data.
PURE_024,sparkme,observable_behavior,✗,mixed,1; 2; 3; 4; 5,FR-001; FR-002; FR-003; FR-004; FR-005; FR-006; FR-007; FR-008; FR-009; FR-010; FR-011; FR-012; FR-013; FR-014; FR-015; FR-016; FR-017; FR-018; FR-019; FR-020; FR-021; FR-022; FR-023; FR-024; FR-025; FR-026; FR-027; FR-028; FR-029; FR-030; FR-031; FR-032; FR-033; FR-034; FR-035; FR-036; FR-037; FR-038; FR-039; FR-040; FR-041; FR-042; FR-043; FR-044; FR-045; FR-046; FR-047; FR-048; FR-049; FR-050; FR-051; FR-052; FR-053; FR-054; FR-055; FR-056; FR-057; FR-058; FR-059; FR-060; FR-061; FR-062; FR-063; FR-064; FR-065; FR-066; FR-067; FR-068; FR-069; FR-070; FR-071; FR-072; FR-073; FR-074; FR-075; FR-076; FR-077; FR-078; FR-079; FR-080; FR-081; FR-082; FR-083; FR-084; FR-085; FR-086; FR-087; FR-088; BR-001; BR-002; BR-003; BR-004; BR-005; BR-006; BR-007; BR-008; BR-009; BR-010; DI-001; DI-002; DI-003; DI-004; DI-005; QR-001; QR-002; QR-003; QR-004; QR-005; QR-006; QR-007; QR-008; QR-009; QR-010; QR-011; QR-012; EX-001; EX-002; EX-003; EX-004; EX-005; EX-006,EV-02-SCEN-FR-085-88-01; EV-02-SCEN-FR-085-88-03; EV-02-SCEN-FR-085-88-04; EV-04-SCEN-FR-085-88-01; EV-04-SCEN-FR-085-88-03; EV-04-SCEN-FR-085-88-04,"FR-085: after administrator login, the missing-resource response in run 2 is only not found; the 404 response in run 4 advises checking the spelling and trying again. The recorded error guidance differs. Reviewed coverage: 25/121 requirements have an observed status in at least one run; 53/605 requirement-run cells have an observed status. These counts describe coverage, not stability.",Different missing-resource URLs were exercised; the contrast is limited to these responses. Run 5 has no runtime response. Unobserved branches cannot establish further variation; no causal attribution to SRS omissions is made.
PURE_024,proposed_method,build_run,✓,consistent_positive,1; 2; 3; 4; 5,,EV-01-build_run-02; EV-01-build_run-04; EV-02-build_run-02; EV-02-build_run-04; EV-02-build_run-05; EV-02-build_run-07; EV-03-build_run-02; EV-03-build_run-04; EV-04-build_run-02; EV-04-build_run-04; EV-04-build_run-05; EV-04-build_run-07; EV-05-build_run-02; EV-05-build_run-04; EV-05-build_run-05; EV-05-build_run-07,"Build entries by run 1-5: not_declared, succeeded, not_declared, succeeded, succeeded. Declared run-command probes: succeeded, succeeded, succeeded, succeeded, succeeded. Every declared build command and run-command probe completes successfully across the five runs.",Undeclared build commands are not counted as successful builds. HTTP listening or a successful CLI entry does not establish requirement fulfillment.
PURE_024,proposed_method,core_requirement,—,evidence_limited,1; 2; 3; 4; 5,FR-001; FR-002; FR-003; FR-004; FR-005; FR-006; FR-007; FR-008; FR-009; FR-010; FR-011; FR-012; FR-013; FR-014; FR-015; FR-016; FR-017; FR-018; FR-019; FR-020; FR-021; FR-022; FR-023; FR-024; FR-025; FR-026; FR-027; FR-028; FR-029; FR-030; FR-031; FR-032; FR-033; FR-034; FR-035; FR-036; FR-037; FR-038; FR-039; FR-040; FR-041; FR-042; FR-043; FR-044; FR-045; FR-046; FR-047; FR-048; FR-049; FR-050; FR-051; FR-052; FR-053; FR-054; FR-055; FR-056; FR-057; FR-058; FR-059; FR-060; FR-061; FR-062,EV-01-SCEN-FR-001-05-01; EV-01-SCEN-FR-001-05-03; EV-04-SCEN-FR-001-05-01; EV-04-SCEN-FR-001-05-03; EV-04-SCEN-FR-001-05-04; EV-04-SCEN-FR-001-05-05; EV-04-SCEN-FR-001-05-06,"FR-001 tests family creation alone in some runs and family plus child creation in another. These are different coverage extents. FR-042 public exports in runs 1 and 2 both expose sensitive data despite different status labels; no compliant export contrast is recorded. Reviewed coverage: 29/62 requirements have an observed status in at least one run; 70/310 requirement-run cells have an observed status. These counts describe coverage, not stability.",33 requirements have no observed status in any run; 240 requirement-run cells are unobserved. Untested clauses and unmatched contexts prevent a whole-dimension stability conclusion. No actual failure is inferred from unobserved data.
PURE_024,proposed_method,boundary_constraint,—,evidence_limited,1; 2; 3; 4; 5,BR-001; BR-002; BR-003; BR-004; BR-005; BR-006; BR-007; BR-008; BR-009; BR-010; BR-011; BR-012; BR-013; BR-014; EX-001; EX-002; EX-003; EX-004; EX-005; EX-006,EV-01-SCEN-BR-001-67-01; EV-02-SCEN-BR-001-67-01; EV-03-SCEN-BR-001-67-01; EV-04-SCEN-BR-001-67-01; EV-05-SCEN-BR-001-67-01,"Boundary recordings cover isolated branches or lack the necessary setup/action observations. There is no matched completed restriction test demonstrating a contrasting outcome across runs. Reviewed coverage: 7/20 requirements have an observed status in at least one run; 11/100 requirement-run cells have an observed status. These counts describe coverage, not stability.",13 requirements have no observed status in any run; 89 requirement-run cells are unobserved. Untested clauses and unmatched contexts prevent a whole-dimension stability conclusion. No actual failure is inferred from unobserved data.
PURE_024,proposed_method,observable_behavior,—,evidence_limited,1; 2; 3; 4; 5,FR-001; FR-002; FR-003; FR-004; FR-005; FR-006; FR-007; FR-008; FR-009; FR-010; FR-011; FR-012; FR-013; FR-014; FR-015; FR-016; FR-017; FR-018; FR-019; FR-020; FR-021; FR-022; FR-023; FR-024; FR-025; FR-026; FR-027; FR-028; FR-029; FR-030; FR-031; FR-032; FR-033; FR-034; FR-035; FR-036; FR-037; FR-038; FR-039; FR-040; FR-041; FR-042; FR-043; FR-044; FR-045; FR-046; FR-047; FR-048; FR-049; FR-050; FR-051; FR-052; FR-053; FR-054; FR-055; FR-056; FR-057; FR-058; FR-059; FR-060; FR-061; FR-062; BR-001; BR-002; BR-003; BR-004; BR-005; BR-006; BR-007; BR-008; BR-009; BR-010; BR-011; BR-012; BR-013; BR-014; DI-001; DI-002; DI-003; DI-004; DI-005; QR-001; QR-002; QR-003; QR-004; QR-005; QR-006; QR-007; QR-008; QR-009; QR-010; QR-011; QR-012; EX-001; EX-002; EX-003; EX-004; EX-005; EX-006,EV-01-SCEN-FR-001-05-01; EV-01-SCEN-FR-001-05-03; EV-04-SCEN-FR-001-05-01; EV-04-SCEN-FR-001-05-03; EV-04-SCEN-FR-001-05-04; EV-04-SCEN-FR-001-05-05; EV-04-SCEN-FR-001-05-06; EV-01-SCEN-FR-042-46-01; EV-01-SCEN-FR-042-46-03; EV-02-SCEN-FR-042-46-01; EV-02-SCEN-FR-042-46-03,"FR-001 tests family creation alone in some runs and family plus child creation in another. FR-042 runs 1 and 2 both expose sensitive export data publicly despite different labels. Untested branches and other unavailable actions do not establish variation. Reviewed coverage: 42/99 requirements have an observed status in at least one run; 94/495 requirement-run cells have an observed status. These counts describe coverage, not stability.",57 requirements have no observed status in any run; 401 requirement-run cells are unobserved. Untested clauses and unmatched contexts prevent a whole-dimension stability conclusion. No actual failure is inferred from unobserved data.
PURE_057,hashimoto,build_run,—,evidence_limited,1; 2; 3; 4; 5,,EV-01-build_run-02; EV-01-build_run-04; EV-01-build_run-05; EV-01-build_run-07; EV-02-build_run-02; EV-02-build_run-04; EV-02-build_run-05; EV-02-build_run-07; EV-03-build_run-02; EV-03-build_run-04; EV-04-build_run-02; EV-04-build_run-04; EV-04-build_run-05; EV-04-build_run-07; EV-05-build_run-02; EV-05-build_run-04,"Build entries by run 1-5: succeeded, succeeded, not_declared, succeeded, not_declared. Declared run-command probes: succeeded, failed, failed, succeeded, succeeded. Nonzero run probes lack required CLI arguments or standard input. They show incomplete invocation rather than a matched application-startup failure; scenario commands demonstrate operation when supplied valid inputs.",The declared commands were not re-observed with their required subcommands/input. Startup consistency cannot be inferred from these incomplete bare-command probes.
PURE_057,hashimoto,core_requirement,—,evidence_limited,1; 2; 3; 4; 5,FR-001; FR-002; FR-003; FR-004; FR-005; FR-006; FR-007; FR-008; FR-009; FR-010; FR-011; FR-012; FR-013; FR-014; FR-015; FR-016; FR-017; FR-018; FR-019; FR-020; FR-021; FR-022; FR-023; FR-024; FR-025; FR-026; FR-027; FR-028; FR-029; FR-030; FR-031,EV-04-SCEN-FR-010-16-01; EV-04-SCEN-FR-010-16-03; EV-04-SCEN-FR-010-16-04; EV-05-SCEN-FR-010-16-01; EV-05-SCEN-FR-010-16-02; EV-05-SCEN-FR-010-16-03,"FR-010 responses cover author metadata versus explicit edit history without testing a different editor in both runs. FR-025 draft-content comparisons do not establish the same sensitive or under-discussion condition, so they cannot establish a contrast for that conditional rule. Reviewed coverage: 16/31 requirements have an observed status in at least one run; 30/155 requirement-run cells have an observed status. These counts describe coverage, not stability.",15 requirements have no observed status in any run; 125 requirement-run cells are unobserved. Untested clauses and unmatched contexts prevent a whole-dimension stability conclusion. No actual failure is inferred from unobserved data.
PURE_057,hashimoto,boundary_constraint,—,evidence_limited,1; 2; 3; 4; 5,EX-001; EX-002; EX-003,EV-01-SCEN-EX-001-12-01; EV-01-SCEN-EX-001-12-03; EV-02-SCEN-EX-001-12-01; EV-02-SCEN-EX-001-12-02; EV-02-SCEN-EX-001-12-03; EV-03-SCEN-EX-001-12-01; EV-03-SCEN-EX-001-12-02; EV-03-SCEN-EX-001-12-03; EV-04-SCEN-EX-001-12-01; EV-04-SCEN-EX-001-12-03; EV-05-SCEN-EX-001-12-01; EV-05-SCEN-EX-001-12-02; EV-05-SCEN-EX-001-12-03,"EX-001 gap-flag acknowledgements do not cover recorded assumptions and unresolved analysis visibility across runs. EX-003 exception documentation and usable, labelled partial analyses lack comparable complete observations. Untested clauses cannot establish stable failure. Reviewed coverage: 3/3 requirements have an observed status in at least one run; 7/15 requirement-run cells have an observed status. These counts describe coverage, not stability.",0 requirements have no observed status in any run; 8 requirement-run cells are unobserved. Untested clauses and unmatched contexts prevent a whole-dimension stability conclusion. No actual failure is inferred from unobserved data.
PURE_057,hashimoto,observable_behavior,—,evidence_limited,1; 2; 3; 4; 5,FR-001; FR-002; FR-003; FR-004; FR-005; FR-006; QR-001; FR-007; FR-008; EX-001; EX-002; EX-003; FR-009; FR-010; FR-011; FR-012; FR-013; FR-014; FR-015; FR-016; FR-017; FR-018; FR-019; FR-020; FR-021; FR-022; FR-023; FR-024; FR-025; FR-026; FR-027; FR-028; FR-029; DI-001; DI-002; DI-003; FR-030; FR-031,EV-04-SCEN-FR-010-16-01; EV-04-SCEN-FR-010-16-03; EV-04-SCEN-FR-010-16-04; EV-05-SCEN-FR-010-16-01; EV-05-SCEN-FR-010-16-02; EV-05-SCEN-FR-010-16-03,"FR-010 responses cover author metadata versus explicit edit history without testing a differing editor in both runs. Draft-content comparisons do not establish the same sensitive/under-discussion condition. Exception handling lacks comparable complete branches. Reviewed coverage: 21/38 requirements have an observed status in at least one run; 40/190 requirement-run cells have an observed status. These counts describe coverage, not stability.",17 requirements have no observed status in any run; 150 requirement-run cells are unobserved. Untested clauses and unmatched contexts prevent a whole-dimension stability conclusion. No actual failure is inferred from unobserved data.
PURE_057,llmrei-long,build_run,—,evidence_limited,1; 2; 3; 4; 5,,EV-01-build_run-02; EV-01-build_run-04; EV-01-build_run-05; EV-01-build_run-07; EV-02-build_run-02; EV-02-build_run-04; EV-02-build_run-05; EV-02-build_run-07; EV-03-build_run-02; EV-03-build_run-04; EV-03-build_run-05; EV-03-build_run-07; EV-04-build_run-02; EV-04-build_run-04; EV-04-build_run-05; EV-04-build_run-07; EV-05-build_run-02; EV-05-build_run-04; EV-05-build_run-05; EV-05-build_run-07,"Build entries by run 1-5: succeeded, succeeded, succeeded, succeeded, succeeded. Declared run-command probes: succeeded, succeeded, failed, failed, failed. Nonzero run probes lack required CLI arguments or standard input. They show incomplete invocation rather than a matched application-startup failure; scenario commands demonstrate operation when supplied valid inputs.",The declared commands were not re-observed with their required subcommands/input. Startup consistency cannot be inferred from these incomplete bare-command probes.
PURE_057,llmrei-long,core_requirement,✗,mixed,1; 2; 3; 4; 5,FR-001; FR-002; FR-003; FR-004; FR-005; FR-006; FR-007; FR-008; FR-009; FR-010; FR-011; FR-012; FR-013; FR-014; FR-015; FR-016; FR-017; FR-018,EV-04-SCEN-FR-013-15-01; EV-04-SCEN-FR-013-15-02; EV-04-SCEN-FR-013-15-03; EV-05-SCEN-FR-013-15-01; EV-05-SCEN-FR-013-15-02; EV-05-SCEN-FR-013-15-03,"FR-013: Alice and Bob create analyses with different content. Run 4 comparison returns only identifiers and shared metadata, omitting that content; run 5 comparison includes both contents and their histories. The analysis-comparison output differs. Reviewed coverage: 18/18 requirements have an observed status in at least one run; 59/90 requirement-run cells have an observed status. These counts describe coverage, not stability.",Runs 1 and 2 lack comparable analysis-comparison observations; other analysis types were not exercised. Unobserved branches cannot establish further variation; no causal attribution to SRS omissions is made.
PURE_057,llmrei-long,boundary_constraint,✗,mixed,1; 2; 3; 4; 5,BR-001,EV-04-SCEN-BR-001-21-01; EV-04-SCEN-BR-001-21-02; EV-04-SCEN-BR-001-21-03; EV-05-SCEN-BR-001-21-01; EV-05-SCEN-BR-001-21-02; EV-05-SCEN-BR-001-21-03,"BR-001: after linking a requirement to a policy, run 4 policy readback has an empty linked_artifacts list. Run 5 policy readback contains the linked requirement ID, while requirement readback contains the policy ID. Reverse trace behavior differs. Reviewed coverage: 1/1 requirements have an observed status in at least one run; 3/5 requirement-run cells have an observed status. These counts describe coverage, not stability.",Runs 1 and 2 did not prepare linked pairs; run 3 reverse readback is incomplete. Other artifact pairs were not exercised. Unobserved branches cannot establish further variation; no causal attribution to SRS omissions is made.
PURE_057,llmrei-long,observable_behavior,✗,mixed,1; 2; 3; 4; 5,FR-001; FR-002; FR-003; FR-004; FR-005; FR-006; FR-007; FR-008; FR-009; FR-010; FR-011; FR-012; FR-013; FR-014; FR-015; FR-016; FR-017; FR-018; BR-001; QR-001; QR-002,EV-04-SCEN-FR-013-15-01; EV-04-SCEN-FR-013-15-02; EV-04-SCEN-FR-013-15-03; EV-05-SCEN-FR-013-15-01; EV-05-SCEN-FR-013-15-02; EV-05-SCEN-FR-013-15-03; EV-04-SCEN-BR-001-21-01; EV-04-SCEN-BR-001-21-02; EV-04-SCEN-BR-001-21-03; EV-05-SCEN-BR-001-21-01; EV-05-SCEN-BR-001-21-02; EV-05-SCEN-BR-001-21-03,"FR-013: Alice and Bob create analyses with different content. Run 4 comparison returns only identifiers and shared metadata, omitting that content; run 5 comparison includes both contents and their histories. The analysis-comparison output differs. BR-001: after linking a requirement to a policy, run 4 policy readback has an empty linked_artifacts list. Run 5 policy readback contains the linked requirement ID, while requirement readback contains the policy ID. Reverse trace behavior differs. Reviewed coverage: 21/21 requirements have an observed status in at least one run; 68/105 requirement-run cells have an observed status. These counts describe coverage, not stability.",Runs 1 and 2 lack comparable analysis-comparison observations; other analysis types were not exercised. Runs 1 and 2 did not prepare linked pairs; run 3 reverse readback is incomplete. Other artifact pairs were not exercised. Unobserved branches cannot establish further variation; no causal attribution to SRS omissions is made.
PURE_057,sparkme,build_run,✗,mixed,1; 2; 3; 4; 5,,EV-01-build_run-02; EV-01-build_run-04; EV-01-build_run-05; EV-01-build_run-07; EV-02-build_run-02; EV-02-build_run-04; EV-03-build_run-02; EV-03-build_run-04; EV-03-build_run-05; EV-03-build_run-07; EV-04-build_run-02; EV-04-build_run-04; EV-05-build_run-02; EV-05-build_run-04,"Build entries by run 1-5: succeeded, not_declared, succeeded, not_declared, not_declared. Declared run-command probes: succeeded, succeeded, succeeded, succeeded, failed. Run 5 declared entry fails importing app from sprat.app, while runs 1-4 declared entries reach a listening HTTP service. Later run-5 scenario requests succeed through a different service entry, so the failure concerns its declared startup entry.","Undeclared build commands are not counted as successful builds. HTTP listening establishes startup only, not feature fulfillment."
PURE_057,sparkme,core_requirement,—,evidence_limited,1; 2; 3; 4; 5,FR-001; FR-002; FR-003; FR-004; FR-005; FR-006; FR-007; FR-008; FR-009; FR-010; FR-011; FR-012; FR-013; FR-014; FR-015; FR-016; FR-017; FR-018; FR-019; FR-020; FR-021; FR-022; FR-023; FR-025; FR-026; FR-027; FR-028; FR-029; FR-030; FR-031; FR-032; FR-033; FR-034; FR-035; FR-036; FR-039; FR-040; FR-041; FR-042; FR-043; FR-044; FR-045; FR-046; FR-047; FR-048; FR-049; FR-050; FR-051; FR-052; FR-053; FR-054; FR-055; FR-056; FR-057; FR-058; FR-059; FR-060; FR-061; FR-062; FR-063; FR-064; FR-066; FR-068; FR-069; FR-070; FR-071; FR-072; FR-073; FR-074; FR-075; FR-076; FR-077; FR-078; FR-079; FR-080; FR-081; FR-082; FR-083; FR-084,EV-04-SCEN-FR-026-33-01; EV-04-SCEN-FR-026-33-03; EV-05-SCEN-FR-026-33-01; EV-05-SCEN-FR-026-33-03,"FR-026 compares a generic rejection on an unprepared project with public creation in a default project, without a matched usable-project control. This does not establish differing guest restrictions under the same usable conditions. Reviewed coverage: 22/79 requirements have an observed status in at least one run; 46/395 requirement-run cells have an observed status. These counts describe coverage, not stability.",57 requirements have no observed status in any run; 349 requirement-run cells are unobserved. Untested clauses and unmatched contexts prevent a whole-dimension stability conclusion. No actual failure is inferred from unobserved data.
PURE_057,sparkme,boundary_constraint,—,evidence_limited,1; 2; 3; 4; 5,BR-001; BR-002; BR-003; BR-004; BR-005; BR-006; BR-007; EX-001; EX-002; EX-003; EX-004; EX-005; EX-006,EV-01-SCEN-BR-001-90-01; EV-01-SCEN-BR-001-90-03; EV-02-SCEN-BR-001-90-01; EV-02-SCEN-BR-001-90-03; EV-03-SCEN-BR-001-90-01; EV-03-SCEN-BR-001-90-03; EV-04-SCEN-BR-001-90-01; EV-04-SCEN-BR-001-90-03; EV-05-SCEN-BR-001-90-01; EV-05-SCEN-BR-001-90-03,"Only isolated boundary observations are available, with no comparable completed boundary action across repeated runs. Missing observations leave stability undetermined. Reviewed coverage: 2/13 requirements have an observed status in at least one run; 2/65 requirement-run cells have an observed status. These counts describe coverage, not stability.",11 requirements have no observed status in any run; 63 requirement-run cells are unobserved. Untested clauses and unmatched contexts prevent a whole-dimension stability conclusion. No actual failure is inferred from unobserved data.
PURE_057,sparkme,observable_behavior,—,evidence_limited,1; 2; 3; 4; 5,FR-001; FR-002; FR-003; FR-004; FR-005; FR-006; FR-007; FR-008; FR-009; FR-010; FR-011; FR-012; FR-013; FR-014; FR-015; FR-016; FR-017; FR-018; FR-019; FR-020; FR-021; FR-022; FR-023; FR-025; FR-026; FR-027; FR-028; FR-029; FR-030; FR-031; FR-032; FR-033; FR-034; FR-035; FR-036; FR-039; FR-040; FR-041; FR-042; FR-043; FR-044; FR-045; FR-046; FR-047; FR-048; FR-049; FR-050; FR-051; FR-052; FR-053; FR-054; FR-055; FR-056; FR-057; FR-058; FR-059; FR-060; FR-061; FR-062; FR-063; FR-064; FR-065; FR-066; FR-067; FR-068; FR-069; FR-070; FR-071; FR-072; FR-073; FR-074; FR-075; FR-076; FR-077; FR-078; FR-079; FR-080; FR-081; FR-082; FR-083; FR-084; BR-001; BR-002; BR-003; BR-004; BR-005; BR-006; BR-007; DI-001; DI-002; DI-003; DI-004; DI-005; DI-006; DI-007; QR-001; QR-002; QR-003; QR-004; QR-005; QR-006; QR-007; QR-008; QR-009; QR-010; QR-011; QR-012; QR-013; QR-014; QR-015; QR-016; QR-017; QR-018; EX-001; EX-002; EX-003; EX-004; EX-005; EX-006,EV-04-SCEN-FR-026-33-01; EV-04-SCEN-FR-026-33-03; EV-05-SCEN-FR-026-33-01; EV-05-SCEN-FR-026-33-03; EV-03-SCEN-QR-008-111-01; EV-03-SCEN-QR-008-111-03; EV-05-SCEN-QR-008-111-01; EV-05-SCEN-QR-008-111-03,"FR-026 compares a generic rejection on an unprepared project with successful public creation in a default project, without a matched usable-project control. QR-008 compares private-content exposure with a different 404/audit-log request, not demonstrated access enforcement on the same kind of record. Reviewed coverage: 28/119 requirements have an observed status in at least one run; 54/595 requirement-run cells have an observed status. These counts describe coverage, not stability.",91 requirements have no observed status in any run; 541 requirement-run cells are unobserved. Untested clauses and unmatched contexts prevent a whole-dimension stability conclusion. No actual failure is inferred from unobserved data.
PURE_057,proposed_method,build_run,✗,mixed,1; 2; 3; 4; 5,,EV-01-build_run-02; EV-01-build_run-04; EV-02-build_run-02; EV-02-build_run-04; EV-03-build_run-02; EV-03-build_run-04; EV-03-build_run-05; EV-03-build_run-07; EV-04-build_run-02; EV-04-build_run-04; EV-05-build_run-02; EV-05-build_run-04,"Build entries by run 1-5: not_declared, not_declared, failed, not_declared, not_declared. Declared run-command probes: succeeded, succeeded, succeeded, succeeded, succeeded. Run 3 declared build fails; the other runs declare no build command, and all five run probes succeed. The difference concerns the delivered build contract, not runtime capability.","Undeclared build commands are not counted as successful builds. HTTP listening establishes startup only, not feature fulfillment."
PURE_057,proposed_method,core_requirement,✗,mixed,1; 2; 3; 4; 5,FR-001; FR-002; FR-003; FR-004; FR-005; FR-006; FR-007; FR-008; FR-009; FR-010; FR-011; FR-012; FR-013; FR-014; FR-015; FR-016; FR-017; FR-018; FR-019; FR-020; FR-021; FR-022; FR-023; FR-024; FR-025; FR-026; FR-027; FR-028; FR-029; FR-030; FR-031; FR-032; FR-033; FR-034; FR-035; FR-036; FR-037; FR-038; FR-039; FR-040; FR-041; FR-042; FR-043; FR-044; FR-045; FR-046; FR-047; FR-048; FR-049; FR-050; FR-051; FR-052; FR-053; FR-054; FR-055; FR-056; FR-057; FR-058; FR-059; FR-060; FR-061; FR-062; FR-063,EV-02-SCEN-FR-039-42-01; EV-02-SCEN-FR-039-42-03; EV-02-SCEN-FR-039-42-04; EV-02-SCEN-FR-039-42-05; EV-04-SCEN-FR-039-42-01; EV-04-SCEN-FR-039-42-03,"FR-039: run 2 rejects a policy claim with no trace links using trace links required for policy claims. Run 4 accepts and returns a requirement carrying source_policy_ref with empty links. Enforcement of the recorded policy-claim restriction differs. Reviewed coverage: 36/63 requirements have an observed status in at least one run; 73/315 requirement-run cells have an observed status. These counts describe coverage, not stability.",Other policy-claim formats were not exercised; many remaining requirements are unobserved. Unobserved branches cannot establish further variation; no causal attribution to SRS omissions is made.
PURE_057,proposed_method,boundary_constraint,—,evidence_limited,1; 2; 3; 4; 5,BR-001; BR-002; BR-003; BR-004; BR-005; BR-006; BR-007; BR-008; BR-009; BR-010; BR-011; BR-012; BR-013; BR-014; BR-015; BR-016; BR-017; BR-018; BR-019; BR-020; BR-021; BR-022; EX-001; EX-002; EX-003; EX-004; EX-005; EX-006,EV-01-SCEN-BR-001-67-01; EV-01-SCEN-BR-001-67-03; EV-01-SCEN-BR-001-67-04; EV-01-SCEN-BR-001-67-05; EV-01-SCEN-BR-001-67-06; EV-01-SCEN-BR-001-67-07; EV-01-SCEN-BR-001-67-08; EV-01-SCEN-BR-001-67-09; EV-01-SCEN-BR-001-67-10; EV-01-SCEN-BR-001-67-11; EV-01-SCEN-BR-001-67-12; EV-01-SCEN-BR-001-67-13; EV-01-SCEN-BR-001-67-14; EV-01-SCEN-BR-001-67-15; EV-01-SCEN-BR-001-67-16; EV-02-SCEN-BR-001-67-01; EV-02-SCEN-BR-001-67-03; EV-02-SCEN-BR-001-67-04; EV-03-SCEN-BR-001-67-01; EV-03-SCEN-BR-001-67-03; EV-03-SCEN-BR-001-67-04; EV-03-SCEN-BR-001-67-05; EV-04-SCEN-BR-001-67-01; EV-04-SCEN-BR-001-67-03; EV-05-SCEN-BR-001-67-01; EV-05-SCEN-BR-001-67-03,"Boundary records do not supply comparable completed branches in repeated runs; differing observation availability does not establish stability or variation. Reviewed coverage: 11/28 requirements have an observed status in at least one run; 13/140 requirement-run cells have an observed status. These counts describe coverage, not stability.",17 requirements have no observed status in any run; 127 requirement-run cells are unobserved. Untested clauses and unmatched contexts prevent a whole-dimension stability conclusion. No actual failure is inferred from unobserved data.
PURE_057,proposed_method,observable_behavior,✗,mixed,1; 2; 3; 4; 5,FR-001; FR-002; FR-003; FR-004; FR-005; FR-006; FR-007; FR-008; FR-009; FR-010; FR-011; FR-012; FR-013; FR-014; FR-015; FR-016; FR-017; FR-018; FR-019; FR-020; FR-021; FR-022; FR-023; FR-024; FR-025; FR-026; FR-027; FR-028; FR-029; FR-030; FR-031; FR-032; FR-033; FR-034; FR-035; FR-036; FR-037; FR-038; FR-039; FR-040; FR-041; FR-042; FR-043; FR-044; FR-045; FR-046; FR-047; FR-048; FR-049; FR-050; FR-051; FR-052; FR-053; FR-054; FR-055; FR-056; FR-057; FR-058; FR-059; FR-060; FR-061; FR-062; FR-063; BR-001; BR-002; BR-003; BR-004; BR-005; BR-006; BR-007; BR-008; BR-009; BR-010; BR-011; BR-012; BR-013; BR-014; BR-015; BR-016; BR-017; BR-018; BR-019; BR-020; BR-021; BR-022; QR-001; QR-002; QR-003; QR-004; QR-005; QR-006; QR-007; QR-008; QR-009; QR-010; QR-011; QR-012; EX-001; EX-002; EX-003; EX-004; EX-005; EX-006,EV-02-SCEN-FR-039-42-01; EV-02-SCEN-FR-039-42-03; EV-02-SCEN-FR-039-42-04; EV-02-SCEN-FR-039-42-05; EV-04-SCEN-FR-039-42-01; EV-04-SCEN-FR-039-42-03,"FR-039: run 2 rejects a policy claim with no trace links using trace links required for policy claims. Run 4 accepts and returns a requirement carrying source_policy_ref with empty links. Enforcement of the recorded policy-claim restriction differs. Reviewed coverage: 52/103 requirements have an observed status in at least one run; 96/515 requirement-run cells have an observed status. These counts describe coverage, not stability.",Other policy-claim formats were not exercised; many remaining requirements are unobserved. Unobserved branches cannot establish further variation; no causal attribution to SRS omissions is made.
PURE_069,hashimoto,build_run,—,evidence_limited,1; 2; 3; 4; 5,,EV-01-build_run-02; EV-01-build_run-04; EV-01-build_run-05; EV-01-build_run-07; EV-02-build_run-02; EV-02-build_run-04; EV-02-build_run-05; EV-02-build_run-07; EV-03-build_run-02; EV-03-build_run-04; EV-03-build_run-05; EV-03-build_run-07; EV-04-build_run-02; EV-04-build_run-04; EV-04-build_run-05; EV-04-build_run-07; EV-05-build_run-02; EV-05-build_run-04; EV-05-build_run-05; EV-05-build_run-07,"Build entries by run 1-5: succeeded, succeeded, succeeded, succeeded, succeeded. Declared run-command probes: failed, succeeded, failed, failed, failed. Nonzero run probes lack required CLI arguments or standard input. They show incomplete invocation rather than a matched application-startup failure; scenario commands demonstrate operation when supplied valid inputs.",The declared commands were not re-observed with their required subcommands/input. Startup consistency cannot be inferred from these incomplete bare-command probes.
PURE_069,hashimoto,core_requirement,✗,mixed,1; 2; 3; 4; 5,FR-001; FR-002; FR-003; FR-004; FR-005; FR-006; FR-007; FR-008; FR-009; FR-010; FR-011; FR-012; FR-013; FR-014; FR-015; FR-016; FR-017; FR-018; FR-019; FR-020; FR-021; FR-022; FR-023,EV-01-SCEN-FR-008-09-01; EV-01-SCEN-FR-008-09-02; EV-01-SCEN-FR-008-09-03; EV-01-SCEN-FR-008-09-04; EV-01-SCEN-FR-008-09-05; EV-02-SCEN-FR-008-09-01; EV-02-SCEN-FR-008-09-02; EV-02-SCEN-FR-008-09-03; EV-02-SCEN-FR-008-09-04; EV-02-SCEN-FR-008-09-05,"FR-008: the run 1 automated split exits successfully and produces both requested outputs. Run 2 workspace-run produces page files but then exits with error: int object is not iterable. The recorded automated-command completion differs. Reviewed coverage: 18/23 requirements have an observed status in at least one run; 61/115 requirement-run cells have an observed status. These counts describe coverage, not stability.",The commands use different delivered CLI protocols; the comparison concerns completing their declared automated task. Unobserved branches cannot establish further variation; no causal attribution to SRS omissions is made.
PURE_069,hashimoto,boundary_constraint,✗,mixed,1; 2; 3; 4; 5,BR-001; FR-024,EV-01-SCEN-FR-024-26-01; EV-01-SCEN-FR-024-26-02; EV-01-SCEN-FR-024-26-03; EV-01-SCEN-FR-024-26-04; EV-05-SCEN-FR-024-26-01; EV-05-SCEN-FR-024-26-02; EV-05-SCEN-FR-024-26-03; EV-05-SCEN-FR-024-26-04,"FR-024: repeating a merge at an existing destination in run 1 fails and requires --overwrite. In run 5 the repeated merge completes with code 0 and no explicit overwrite option. The recorded repeated-output handling differs. Reviewed coverage: 1/2 requirements have an observed status in at least one run; 5/10 requirement-run cells have an observed status. These counts describe coverage, not stability.","Both merges use identical inputs, so run 5 does not establish whether bytes were rewritten or an existing output was reused. Unobserved branches cannot establish further variation; no causal attribution to SRS omissions is made."
PURE_069,hashimoto,observable_behavior,✗,mixed,1; 2; 3; 4; 5,FR-001; FR-002; FR-003; FR-004; FR-005; FR-006; FR-007; FR-008; FR-009; FR-010; FR-011; FR-012; BR-001; FR-013; FR-014; FR-015; FR-016; FR-017; FR-018; FR-019; FR-020; FR-021; FR-022; FR-023; FR-024,EV-01-SCEN-FR-008-09-01; EV-01-SCEN-FR-008-09-02; EV-01-SCEN-FR-008-09-03; EV-01-SCEN-FR-008-09-04; EV-01-SCEN-FR-008-09-05; EV-02-SCEN-FR-008-09-01; EV-02-SCEN-FR-008-09-02; EV-02-SCEN-FR-008-09-03; EV-02-SCEN-FR-008-09-04; EV-02-SCEN-FR-008-09-05; EV-01-SCEN-FR-024-26-01; EV-01-SCEN-FR-024-26-02; EV-01-SCEN-FR-024-26-03; EV-01-SCEN-FR-024-26-04; EV-05-SCEN-FR-024-26-01; EV-05-SCEN-FR-024-26-02; EV-05-SCEN-FR-024-26-03; EV-05-SCEN-FR-024-26-04,"FR-008: the run 1 automated split exits successfully and produces both requested outputs. Run 2 workspace-run produces page files but then exits with error: int object is not iterable. The recorded automated-command completion differs. FR-024: repeating a merge at an existing destination in run 1 fails and requires --overwrite. In run 5 the repeated merge completes with code 0 and no explicit overwrite option. The recorded repeated-output handling differs. Reviewed coverage: 19/25 requirements have an observed status in at least one run; 66/125 requirement-run cells have an observed status. These counts describe coverage, not stability.","The commands use different delivered CLI protocols; the comparison concerns completing their declared automated task. Both merges use identical inputs, so run 5 does not establish whether bytes were rewritten or an existing output was reused. Unobserved branches cannot establish further variation; no causal attribution to SRS omissions is made."
PURE_069,llmrei-long,build_run,—,evidence_limited,1; 2; 3; 4; 5,,EV-01-build_run-02; EV-01-build_run-04; EV-02-build_run-02; EV-02-build_run-04; EV-02-build_run-05; EV-02-build_run-07; EV-03-build_run-02; EV-03-build_run-04; EV-04-build_run-02; EV-04-build_run-04; EV-05-build_run-02; EV-05-build_run-04; EV-05-build_run-05; EV-05-build_run-07,"Build entries by run 1-5: not_declared, succeeded, not_declared, not_declared, succeeded. Declared run-command probes: succeeded, succeeded, succeeded, failed, succeeded. Nonzero run probes lack required CLI arguments or standard input. They show incomplete invocation rather than a matched application-startup failure; scenario commands demonstrate operation when supplied valid inputs.",The declared commands were not re-observed with their required subcommands/input. Startup consistency cannot be inferred from these incomplete bare-command probes.
PURE_069,llmrei-long,core_requirement,—,evidence_limited,1; 2; 3; 4; 5,FR-001; FR-002; FR-003; FR-004; FR-005; FR-006; FR-007; FR-008; FR-009,EV-02-SCEN-FR-008-12-01; EV-02-SCEN-FR-008-12-02; EV-02-SCEN-FR-008-12-03; EV-02-SCEN-FR-008-12-04; EV-04-SCEN-FR-008-12-01; EV-04-SCEN-FR-008-12-02; EV-04-SCEN-FR-008-12-03; EV-04-SCEN-FR-008-12-04,"FR-008 runs 2-5 produce saved setup files; different labels reflect whether reuse was exercised, not a contradictory save result. Run 1 does not test setup saving, and JSON-label operations in run 4 do not observe PDF behavior. Reviewed coverage: 8/9 requirements have an observed status in at least one run; 26/45 requirement-run cells have an observed status. These counts describe coverage, not stability.",1 requirements have no observed status in any run; 19 requirement-run cells are unobserved. Untested clauses and unmatched contexts prevent a whole-dimension stability conclusion. No actual failure is inferred from unobserved data.
PURE_069,llmrei-long,boundary_constraint,—,not_applicable,,,,No requirements belong to this dimension in the reviewed SRS and required scenarios.,
PURE_069,llmrei-long,observable_behavior,—,evidence_limited,1; 2; 3; 4; 5,FR-001; FR-002; FR-003; FR-004; FR-005; FR-006; FR-007; FR-008; FR-009,EV-02-SCEN-FR-008-12-01; EV-02-SCEN-FR-008-12-02; EV-02-SCEN-FR-008-12-03; EV-02-SCEN-FR-008-12-04; EV-04-SCEN-FR-008-12-01; EV-04-SCEN-FR-008-12-02; EV-04-SCEN-FR-008-12-03; EV-04-SCEN-FR-008-12-04,"FR-008 runs 2-5 produce saved setup files; different labels reflect whether reuse was exercised, not a contradictory save result. Run 1 does not test setup saving, and JSON-label operations in run 4 do not observe PDF behavior. Reviewed coverage: 8/9 requirements have an observed status in at least one run; 26/45 requirement-run cells have an observed status. These counts describe coverage, not stability.",1 requirements have no observed status in any run; 19 requirement-run cells are unobserved. Untested clauses and unmatched contexts prevent a whole-dimension stability conclusion. No actual failure is inferred from unobserved data.
PURE_069,sparkme,build_run,—,evidence_limited,1; 2; 3; 4; 5,,EV-01-build_run-02; EV-01-build_run-04; EV-01-build_run-05; EV-01-build_run-07; EV-02-build_run-02; EV-02-build_run-04; EV-02-build_run-05; EV-02-build_run-07; EV-03-build_run-02; EV-03-build_run-04; EV-03-build_run-05; EV-03-build_run-07; EV-04-build_run-02; EV-04-build_run-04; EV-04-build_run-05; EV-04-build_run-07; EV-05-build_run-02; EV-05-build_run-04; EV-05-build_run-05; EV-05-build_run-07,"Build entries by run 1-5: succeeded, succeeded, succeeded, succeeded, succeeded. Declared run-command probes: succeeded, succeeded, succeeded, failed, failed. Nonzero run probes lack required CLI arguments or standard input. They show incomplete invocation rather than a matched application-startup failure; scenario commands demonstrate operation when supplied valid inputs.",The declared commands were not re-observed with their required subcommands/input. Startup consistency cannot be inferred from these incomplete bare-command probes.
PURE_069,sparkme,core_requirement,✗,mixed,1; 2; 3; 4; 5,FR-001; FR-002; FR-003; FR-004; FR-005; FR-006; FR-007; FR-008; FR-009; FR-010; FR-011; FR-012; FR-013; FR-014; FR-015; FR-016; FR-017; FR-018; FR-019; FR-020; FR-021; FR-022; FR-023; FR-024; FR-025; FR-026; FR-027; FR-028; FR-029; FR-030; FR-031; FR-032; FR-033; FR-034; FR-035; FR-036,EV-02-SCEN-FR-023-24-01; EV-02-SCEN-FR-023-24-02; EV-02-SCEN-FR-023-24-03; EV-03-SCEN-FR-023-24-01; EV-03-SCEN-FR-023-24-02; EV-03-SCEN-FR-023-24-03,"FR-023: importing malformed workspace JSON in run 2 prints an uncaught JSONDecodeError traceback. Run 3 reports a concise error identifying the property-name problem and its location. The recorded import-error presentation differs. Reviewed coverage: 16/36 requirements have an observed status in at least one run; 64/180 requirement-run cells have an observed status. These counts describe coverage, not stability.",This contrast is limited to the prepared malformed-workspace JSON case. Unobserved branches cannot establish further variation; no causal attribution to SRS omissions is made.
PURE_069,sparkme,boundary_constraint,✗,mixed,1; 2; 3; 4; 5,BR-001; BR-002; BR-003; BR-004; BR-005; BR-006; BR-007; BR-008; BR-009; BR-010; BR-011; BR-012; BR-013; BR-014; EX-001; EX-002; EX-003,EV-01-SCEN-EX-001-73-01; EV-01-SCEN-EX-001-73-02; EV-01-SCEN-EX-001-73-03; EV-01-SCEN-EX-001-73-04; EV-02-SCEN-EX-001-73-01; EV-02-SCEN-EX-001-73-02; EV-02-SCEN-EX-001-73-03; EV-02-SCEN-EX-001-73-04,"EX-001: a batch containing a valid PDF and a malformed PDF aborts in run 1 and produces no output. Run 2 skips the bad PDF with a warning and produces all three marked pages from the valid PDF. The recorded batch-preservation behavior differs. Reviewed coverage: 7/17 requirements have an observed status in at least one run; 26/85 requirement-run cells have an observed status. These counts describe coverage, not stability.",Other batch orders and damaged-input types were not exercised. Unobserved branches cannot establish further variation; no causal attribution to SRS omissions is made.
PURE_069,sparkme,observable_behavior,✗,mixed,1; 2; 3; 4; 5,FR-001; FR-002; FR-003; FR-004; FR-005; FR-006; FR-007; FR-008; FR-009; FR-010; FR-011; FR-012; FR-013; FR-014; FR-015; FR-016; FR-017; FR-018; FR-019; FR-020; FR-021; FR-022; FR-023; FR-024; FR-025; FR-026; FR-027; FR-028; FR-029; FR-030; FR-031; FR-032; FR-033; FR-034; FR-035; FR-036; BR-001; BR-002; BR-003; BR-004; BR-005; BR-006; BR-007; BR-008; BR-009; BR-010; BR-011; BR-012; BR-013; BR-014; DI-001; DI-002; DI-003; DI-004; QR-001; QR-002; QR-003; QR-004; QR-005; QR-006; QR-007; QR-008; QR-009; QR-010; QR-011; QR-012; QR-013; QR-014; QR-015; QR-016; QR-017; EX-001; EX-002; EX-003,EV-02-SCEN-FR-023-24-01; EV-02-SCEN-FR-023-24-02; EV-02-SCEN-FR-023-24-03; EV-03-SCEN-FR-023-24-01; EV-03-SCEN-FR-023-24-02; EV-03-SCEN-FR-023-24-03; EV-01-SCEN-EX-001-73-01; EV-01-SCEN-EX-001-73-02; EV-01-SCEN-EX-001-73-03; EV-01-SCEN-EX-001-73-04; EV-02-SCEN-EX-001-73-01; EV-02-SCEN-EX-001-73-02; EV-02-SCEN-EX-001-73-03; EV-02-SCEN-EX-001-73-04,"FR-023: importing malformed workspace JSON in run 2 prints an uncaught JSONDecodeError traceback. Run 3 reports a concise error identifying the property-name problem and its location. The recorded import-error presentation differs. EX-001: a batch containing a valid PDF and a malformed PDF aborts in run 1 and produces no output. Run 2 skips the bad PDF with a warning and produces all three marked pages from the valid PDF. The recorded batch-preservation behavior differs. Reviewed coverage: 35/74 requirements have an observed status in at least one run; 133/370 requirement-run cells have an observed status. These counts describe coverage, not stability.",This contrast is limited to the prepared malformed-workspace JSON case. Other batch orders and damaged-input types were not exercised. Unobserved branches cannot establish further variation; no causal attribution to SRS omissions is made.
PURE_069,proposed_method,build_run,—,evidence_limited,1; 2; 3; 4; 5,,EV-01-build_run-02; EV-01-build_run-04; EV-01-build_run-05; EV-01-build_run-07; EV-02-build_run-02; EV-02-build_run-04; EV-03-build_run-02; EV-03-build_run-04; EV-03-build_run-05; EV-03-build_run-07; EV-04-build_run-02; EV-04-build_run-04; EV-04-build_run-05; EV-04-build_run-07; EV-05-build_run-02; EV-05-build_run-04,"Build entries by run 1-5: succeeded, not_declared, succeeded, succeeded, not_declared. Declared run-command probes: succeeded, failed, succeeded, failed, failed. Nonzero run probes lack required CLI arguments or standard input. They show incomplete invocation rather than a matched application-startup failure; scenario commands demonstrate operation when supplied valid inputs.",The declared commands were not re-observed with their required subcommands/input. Startup consistency cannot be inferred from these incomplete bare-command probes.
PURE_069,proposed_method,core_requirement,✗,mixed,1; 2; 3; 4; 5,FR-001; FR-002; FR-003; FR-004; FR-005; FR-006; FR-007; FR-008; FR-010; FR-011; FR-012; FR-013; FR-014; FR-015; FR-016; FR-017; FR-018; FR-019; FR-020; FR-021; FR-022; FR-023; FR-024; FR-025; FR-026; FR-027; FR-028; FR-029; FR-030; FR-031; FR-032; FR-033; FR-034; FR-035; FR-036; FR-037; FR-038; FR-039; FR-040; FR-041; FR-042; FR-043; FR-044; FR-045; FR-046; FR-047; FR-048; FR-049; FR-050; FR-051; FR-052; FR-053; FR-054; FR-055; FR-056; FR-057; FR-058; FR-059; FR-060; FR-061; FR-062; FR-063; FR-064; FR-065; FR-066; FR-067; FR-068; FR-069; FR-070; FR-071; FR-072; FR-073; FR-074; FR-075; FR-076; FR-077; FR-078; FR-079; FR-080; FR-081; FR-082; FR-083; FR-084; FR-085; FR-086; FR-087; FR-088; FR-089; FR-090; FR-091; FR-092; FR-093; FR-094; FR-095; FR-096; FR-097; FR-098; FR-099,EV-01-SCEN-FR-004-05-01; EV-01-SCEN-FR-004-05-02; EV-01-SCEN-FR-004-05-03; EV-01-SCEN-FR-004-05-04; EV-01-SCEN-FR-004-05-05; EV-02-SCEN-FR-004-05-01; EV-02-SCEN-FR-004-05-02; EV-02-SCEN-FR-004-05-03; EV-02-SCEN-FR-004-05-04; EV-02-SCEN-FR-004-05-05,"FR-004: left rotation in run 1 raises an unavailable PageObject-method error and produces no left-rotated PDF. Run 2 produces PDFs with the required left and right rotations. The recorded left-rotation capability differs. Reviewed coverage: 62/98 requirements have an observed status in at least one run; 198/490 requirement-run cells have an observed status. These counts describe coverage, not stability.",Run 1 right rotation was not reached after its left-rotation failure. Unobserved branches cannot establish further variation; no causal attribution to SRS omissions is made.
PURE_069,proposed_method,boundary_constraint,✗,mixed,1; 2; 3; 4; 5,BR-001; BR-002; BR-003; BR-004; BR-005; BR-006; BR-007; BR-008; BR-009; BR-010; BR-011; BR-012; EX-001; EX-002; EX-003; EX-004; EX-005; EX-006; EX-007; EX-008; EX-009; EX-010,EV-02-SCEN-EX-001-130-01; EV-02-SCEN-EX-001-130-02; EV-02-SCEN-EX-001-130-03; EV-02-SCEN-EX-001-130-04; EV-04-SCEN-EX-001-130-01; EV-04-SCEN-EX-001-130-02; EV-04-SCEN-EX-001-130-03; EV-04-SCEN-EX-001-130-04,"EX-001: merging an encrypted PDF in run 2 ends in an unhandled FileNotDecryptedError traceback. Run 4 returns the concise File has not been decrypted report without that traceback. The observed protected-input reporting behavior differs. Reviewed coverage: 17/22 requirements have an observed status in at least one run; 65/110 requirement-run cells have an observed status. These counts describe coverage, not stability.",Both commands fail to produce a PDF; user-selectable skipping and configuration-dependent handling were not exercised. This contrast does not establish full exception fulfillment. Unobserved branches cannot establish further variation; no causal attribution to SRS omissions is made.
PURE_069,proposed_method,observable_behavior,✗,mixed,1; 2; 3; 4; 5,FR-001; FR-002; FR-003; FR-004; FR-005; FR-006; FR-007; FR-008; FR-009; FR-010; FR-011; FR-012; FR-013; FR-014; FR-015; FR-016; FR-017; FR-018; FR-019; FR-020; FR-021; FR-022; FR-023; FR-024; FR-025; FR-026; FR-027; FR-028; FR-029; FR-030; FR-031; FR-032; FR-033; FR-034; FR-035; FR-036; FR-037; FR-038; FR-039; FR-040; FR-041; FR-042; FR-043; FR-044; FR-045; FR-046; FR-047; FR-048; FR-049; FR-050; FR-051; FR-052; FR-053; FR-054; FR-055; FR-056; FR-057; FR-058; FR-059; FR-060; FR-061; FR-062; FR-063; FR-064; FR-065; FR-066; FR-067; FR-068; FR-069; FR-070; FR-071; FR-072; FR-073; FR-074; FR-075; FR-076; FR-077; FR-078; FR-079; FR-080; FR-081; FR-082; FR-083; FR-084; FR-085; FR-086; FR-087; FR-088; FR-089; FR-090; FR-091; FR-092; FR-093; FR-094; FR-095; FR-096; FR-097; FR-098; FR-099; BR-001; BR-002; BR-003; BR-004; BR-005; BR-006; BR-007; BR-008; BR-009; BR-010; BR-011; BR-012; DI-001; DI-002; DI-003; DI-004; DI-005; DI-006; QR-001; QR-002; QR-003; QR-004; QR-005; QR-006; QR-007; QR-008; QR-009; QR-010; QR-011; EX-001; EX-002; EX-003; EX-004; EX-005; EX-006; EX-007; EX-008; EX-009; EX-010,EV-01-SCEN-FR-004-05-01; EV-01-SCEN-FR-004-05-02; EV-01-SCEN-FR-004-05-03; EV-01-SCEN-FR-004-05-04; EV-01-SCEN-FR-004-05-05; EV-02-SCEN-FR-004-05-01; EV-02-SCEN-FR-004-05-02; EV-02-SCEN-FR-004-05-03; EV-02-SCEN-FR-004-05-04; EV-02-SCEN-FR-004-05-05; EV-02-SCEN-EX-001-130-01; EV-02-SCEN-EX-001-130-02; EV-02-SCEN-EX-001-130-03; EV-02-SCEN-EX-001-130-04; EV-04-SCEN-EX-001-130-01; EV-04-SCEN-EX-001-130-02; EV-04-SCEN-EX-001-130-03; EV-04-SCEN-EX-001-130-04,"FR-004: left rotation in run 1 raises an unavailable PageObject-method error and produces no left-rotated PDF. Run 2 produces PDFs with the required left and right rotations. The recorded left-rotation capability differs. EX-001: merging an encrypted PDF in run 2 ends in an unhandled FileNotDecryptedError traceback. Run 4 returns the concise File has not been decrypted report without that traceback. The observed protected-input reporting behavior differs. Reviewed coverage: 91/138 requirements have an observed status in at least one run; 301/690 requirement-run cells have an observed status. These counts describe coverage, not stability.",Run 1 right rotation was not reached after its left-rotation failure. Both commands fail to produce a PDF; user-selectable skipping and configuration-dependent handling were not exercised. This contrast does not establish full exception fulfillment. Unobserved branches cannot establish further variation; no causal attribution to SRS omissions is made.
