case_id,method_id,run_index,coding_status,build,run,evidence_count,judgment_count
PURE_002,hashimoto,1,completed,succeeded,succeeded,252,52
PURE_002,hashimoto,2,completed,not_declared,succeeded,160,52
PURE_002,hashimoto,3,completed,not_declared,succeeded,79,52
PURE_002,hashimoto,4,completed,failed,succeeded,331,52
PURE_002,hashimoto,5,completed,not_declared,succeeded,302,52
PURE_002,llmrei-long,1,completed,not_declared,succeeded,86,26
PURE_002,llmrei-long,2,completed,succeeded,succeeded,82,26
PURE_002,llmrei-long,3,completed,succeeded,succeeded,88,26
PURE_002,llmrei-long,4,completed,not_declared,succeeded,79,26
PURE_002,llmrei-long,5,completed,succeeded,succeeded,82,26
PURE_002,sparkme,1,completed,succeeded,succeeded,327,105
PURE_002,sparkme,2,completed,not_declared,succeeded,272,105
PURE_002,sparkme,3,completed,not_declared,succeeded,328,105
PURE_002,sparkme,4,completed,succeeded,succeeded,327,105
PURE_002,sparkme,5,completed,not_declared,succeeded,328,105
PURE_002,proposed_method,1,completed,not_declared,succeeded,422,135
PURE_002,proposed_method,2,completed,succeeded,succeeded,345,135
PURE_002,proposed_method,3,completed,succeeded,succeeded,317,135
PURE_002,proposed_method,4,completed,succeeded,succeeded,415,135
PURE_002,proposed_method,5,completed,not_declared,succeeded,322,135
PURE_004,hashimoto,1,completed,succeeded,succeeded,69,18
PURE_004,hashimoto,2,completed,succeeded,failed,69,18
PURE_004,hashimoto,3,completed,not_declared,succeeded,66,18
PURE_004,hashimoto,4,completed,not_declared,failed,66,18
PURE_004,hashimoto,5,completed,not_declared,failed,66,18
PURE_004,llmrei-long,1,completed,succeeded,succeeded,107,40
PURE_004,llmrei-long,2,completed,not_declared,succeeded,56,40
PURE_004,llmrei-long,3,completed,not_declared,succeeded,64,40
PURE_004,llmrei-long,4,completed,not_declared,succeeded,56,40
PURE_004,llmrei-long,5,completed,not_declared,succeeded,56,40
PURE_004,sparkme,1,completed,not_declared,failed,280,88
PURE_004,sparkme,2,completed,succeeded,succeeded,255,88
PURE_004,sparkme,3,completed,not_declared,failed,280,88
PURE_004,sparkme,4,completed,succeeded,succeeded,283,88
PURE_004,sparkme,5,completed,succeeded,succeeded,223,88
PURE_004,proposed_method,1,completed,not_declared,succeeded,150,46
PURE_004,proposed_method,2,completed,not_declared,succeeded,151,46
PURE_004,proposed_method,3,completed,not_declared,failed,151,46
PURE_004,proposed_method,4,completed,succeeded,failed,154,46
PURE_004,proposed_method,5,completed,not_declared,failed,151,46
PURE_024,hashimoto,1,completed,not_declared,succeeded,59,11
PURE_024,hashimoto,2,completed,not_declared,succeeded,58,11
PURE_024,hashimoto,3,completed,succeeded,succeeded,60,11
PURE_024,hashimoto,4,completed,succeeded,succeeded,48,11
PURE_024,hashimoto,5,completed,not_declared,succeeded,58,11
PURE_024,llmrei-long,1,completed,succeeded,succeeded,127,33
PURE_024,llmrei-long,2,completed,succeeded,succeeded,97,33
PURE_024,llmrei-long,3,completed,not_declared,succeeded,116,33
PURE_024,llmrei-long,4,completed,succeeded,succeeded,93,33
PURE_024,llmrei-long,5,completed,succeeded,succeeded,99,33
PURE_024,sparkme,1,completed,not_declared,succeeded,532,121
PURE_024,sparkme,2,completed,not_declared,succeeded,513,121
PURE_024,sparkme,3,completed,not_declared,succeeded,277,121
PURE_024,sparkme,4,completed,not_declared,succeeded,511,121
PURE_024,sparkme,5,completed,not_declared,failed,333,121
PURE_024,proposed_method,1,completed,not_declared,succeeded,241,99
PURE_024,proposed_method,2,completed,succeeded,succeeded,275,99
PURE_024,proposed_method,3,completed,not_declared,succeeded,239,99
PURE_024,proposed_method,4,completed,succeeded,succeeded,196,99
PURE_024,proposed_method,5,completed,succeeded,succeeded,328,99
PURE_057,hashimoto,1,completed,succeeded,succeeded,147,38
PURE_057,hashimoto,2,completed,succeeded,failed,125,38
PURE_057,hashimoto,3,completed,not_declared,failed,122,38
PURE_057,hashimoto,4,completed,succeeded,succeeded,146,38
PURE_057,hashimoto,5,completed,not_declared,succeeded,122,38
PURE_057,llmrei-long,1,completed,succeeded,succeeded,86,21
PURE_057,llmrei-long,2,completed,succeeded,succeeded,88,21
PURE_057,llmrei-long,3,completed,succeeded,failed,73,21
PURE_057,llmrei-long,4,completed,succeeded,failed,73,21
PURE_057,llmrei-long,5,completed,succeeded,failed,73,21
PURE_057,sparkme,1,completed,succeeded,succeeded,346,119
PURE_057,sparkme,2,completed,not_declared,succeeded,371,119
PURE_057,sparkme,3,completed,succeeded,succeeded,296,119
PURE_057,sparkme,4,completed,not_declared,succeeded,267,119
PURE_057,sparkme,5,completed,not_declared,failed,325,119
PURE_057,proposed_method,1,completed,not_declared,succeeded,486,103
PURE_057,proposed_method,2,completed,not_declared,succeeded,388,103
PURE_057,proposed_method,3,completed,failed,succeeded,515,103
PURE_057,proposed_method,4,completed,not_declared,succeeded,360,103
PURE_057,proposed_method,5,completed,not_declared,succeeded,354,103
PURE_069,hashimoto,1,completed,succeeded,failed,113,25
PURE_069,hashimoto,2,completed,succeeded,succeeded,114,25
PURE_069,hashimoto,3,completed,succeeded,failed,114,25
PURE_069,hashimoto,4,completed,succeeded,failed,114,25
PURE_069,hashimoto,5,completed,succeeded,failed,107,25
PURE_069,llmrei-long,1,completed,not_declared,succeeded,35,9
PURE_069,llmrei-long,2,completed,succeeded,succeeded,48,9
PURE_069,llmrei-long,3,completed,not_declared,succeeded,46,9
PURE_069,llmrei-long,4,completed,not_declared,failed,45,9
PURE_069,llmrei-long,5,completed,succeeded,succeeded,49,9
PURE_069,sparkme,1,completed,succeeded,succeeded,314,74
PURE_069,sparkme,2,completed,succeeded,succeeded,301,74
PURE_069,sparkme,3,completed,succeeded,succeeded,301,74
PURE_069,sparkme,4,completed,succeeded,failed,314,74
PURE_069,sparkme,5,completed,succeeded,failed,291,74
PURE_069,proposed_method,1,completed,succeeded,succeeded,529,138
PURE_069,proposed_method,2,completed,not_declared,failed,516,138
PURE_069,proposed_method,3,completed,succeeded,succeeded,530,138
PURE_069,proposed_method,4,completed,succeeded,failed,532,138
PURE_069,proposed_method,5,completed,not_declared,failed,519,138
