case_id,method_id,rater_id,dimension,status,score
PURE_001,hashimoto,llm_expert_2,local_coherence,scored,3
PURE_001,hashimoto,llm_expert_2,transition_quality,scored,2
PURE_001,hashimoto,llm_expert_2,contingent_responsiveness,scored,3
PURE_001,llmrei-long,llm_expert_2,local_coherence,scored,3
PURE_001,llmrei-long,llm_expert_2,transition_quality,scored,3
PURE_001,llmrei-long,llm_expert_2,contingent_responsiveness,scored,3
PURE_001,proposed_method,llm_expert_2,local_coherence,scored,4
PURE_001,proposed_method,llm_expert_2,transition_quality,scored,4
PURE_001,proposed_method,llm_expert_2,contingent_responsiveness,scored,4
PURE_001,sparkme,llm_expert_2,local_coherence,scored,3
PURE_001,sparkme,llm_expert_2,transition_quality,scored,3
PURE_001,sparkme,llm_expert_2,contingent_responsiveness,scored,2
PURE_002,hashimoto,llm_expert_2,local_coherence,scored,3
PURE_002,hashimoto,llm_expert_2,transition_quality,scored,2
PURE_002,hashimoto,llm_expert_2,contingent_responsiveness,scored,2
PURE_002,llmrei-long,llm_expert_2,local_coherence,scored,3
PURE_002,llmrei-long,llm_expert_2,transition_quality,scored,3
PURE_002,llmrei-long,llm_expert_2,contingent_responsiveness,scored,3
PURE_002,proposed_method,llm_expert_2,local_coherence,scored,4
PURE_002,proposed_method,llm_expert_2,transition_quality,scored,4
PURE_002,proposed_method,llm_expert_2,contingent_responsiveness,scored,4
PURE_002,sparkme,llm_expert_2,local_coherence,scored,2
PURE_002,sparkme,llm_expert_2,transition_quality,scored,2
PURE_002,sparkme,llm_expert_2,contingent_responsiveness,scored,2
PURE_003,hashimoto,llm_expert_2,local_coherence,scored,3
PURE_003,hashimoto,llm_expert_2,transition_quality,scored,2
PURE_003,hashimoto,llm_expert_2,contingent_responsiveness,scored,2
PURE_003,llmrei-long,llm_expert_2,local_coherence,scored,3
PURE_003,llmrei-long,llm_expert_2,transition_quality,scored,3
PURE_003,llmrei-long,llm_expert_2,contingent_responsiveness,scored,3
PURE_003,proposed_method,llm_expert_2,local_coherence,scored,4
PURE_003,proposed_method,llm_expert_2,transition_quality,scored,4
PURE_003,proposed_method,llm_expert_2,contingent_responsiveness,scored,4
PURE_003,sparkme,llm_expert_2,local_coherence,scored,3
PURE_003,sparkme,llm_expert_2,transition_quality,scored,3
PURE_003,sparkme,llm_expert_2,contingent_responsiveness,scored,2
PURE_004,hashimoto,llm_expert_2,local_coherence,scored,2
PURE_004,hashimoto,llm_expert_2,transition_quality,scored,2
PURE_004,hashimoto,llm_expert_2,contingent_responsiveness,scored,3
PURE_004,llmrei-long,llm_expert_2,local_coherence,scored,3
PURE_004,llmrei-long,llm_expert_2,transition_quality,scored,3
PURE_004,llmrei-long,llm_expert_2,contingent_responsiveness,scored,3
PURE_004,proposed_method,llm_expert_2,local_coherence,scored,4
PURE_004,proposed_method,llm_expert_2,transition_quality,scored,3
PURE_004,proposed_method,llm_expert_2,contingent_responsiveness,scored,4
PURE_004,sparkme,llm_expert_2,local_coherence,scored,3
PURE_004,sparkme,llm_expert_2,transition_quality,scored,3
PURE_004,sparkme,llm_expert_2,contingent_responsiveness,scored,2
PURE_005,hashimoto,llm_expert_2,local_coherence,scored,2
PURE_005,hashimoto,llm_expert_2,transition_quality,scored,1
PURE_005,hashimoto,llm_expert_2,contingent_responsiveness,scored,2
PURE_005,llmrei-long,llm_expert_2,local_coherence,scored,3
PURE_005,llmrei-long,llm_expert_2,transition_quality,scored,3
PURE_005,llmrei-long,llm_expert_2,contingent_responsiveness,scored,3
PURE_005,proposed_method,llm_expert_2,local_coherence,scored,4
PURE_005,proposed_method,llm_expert_2,transition_quality,scored,4
PURE_005,proposed_method,llm_expert_2,contingent_responsiveness,scored,4
PURE_005,sparkme,llm_expert_2,local_coherence,scored,2
PURE_005,sparkme,llm_expert_2,transition_quality,scored,3
PURE_005,sparkme,llm_expert_2,contingent_responsiveness,scored,3
PURE_006,hashimoto,llm_expert_2,local_coherence,scored,3
PURE_006,hashimoto,llm_expert_2,transition_quality,scored,2
PURE_006,hashimoto,llm_expert_2,contingent_responsiveness,scored,3
PURE_006,llmrei-long,llm_expert_2,local_coherence,scored,3
PURE_006,llmrei-long,llm_expert_2,transition_quality,scored,3
PURE_006,llmrei-long,llm_expert_2,contingent_responsiveness,scored,3
PURE_006,proposed_method,llm_expert_2,local_coherence,scored,4
PURE_006,proposed_method,llm_expert_2,transition_quality,scored,3
PURE_006,proposed_method,llm_expert_2,contingent_responsiveness,scored,4
PURE_006,sparkme,llm_expert_2,local_coherence,scored,2
PURE_006,sparkme,llm_expert_2,transition_quality,scored,2
PURE_006,sparkme,llm_expert_2,contingent_responsiveness,scored,3
PURE_007,hashimoto,llm_expert_2,local_coherence,scored,2
PURE_007,hashimoto,llm_expert_2,transition_quality,scored,2
PURE_007,hashimoto,llm_expert_2,contingent_responsiveness,scored,2
PURE_007,llmrei-long,llm_expert_2,local_coherence,scored,3
PURE_007,llmrei-long,llm_expert_2,transition_quality,scored,3
PURE_007,llmrei-long,llm_expert_2,contingent_responsiveness,scored,3
PURE_007,proposed_method,llm_expert_2,local_coherence,scored,4
PURE_007,proposed_method,llm_expert_2,transition_quality,scored,3
PURE_007,proposed_method,llm_expert_2,contingent_responsiveness,scored,4
PURE_007,sparkme,llm_expert_2,local_coherence,scored,2
PURE_007,sparkme,llm_expert_2,transition_quality,scored,2
PURE_007,sparkme,llm_expert_2,contingent_responsiveness,scored,2
PURE_008,hashimoto,llm_expert_2,local_coherence,scored,3
PURE_008,hashimoto,llm_expert_2,transition_quality,scored,3
PURE_008,hashimoto,llm_expert_2,contingent_responsiveness,scored,3
PURE_008,llmrei-long,llm_expert_2,local_coherence,scored,2
PURE_008,llmrei-long,llm_expert_2,transition_quality,scored,2
PURE_008,llmrei-long,llm_expert_2,contingent_responsiveness,scored,3
PURE_008,proposed_method,llm_expert_2,local_coherence,scored,4
PURE_008,proposed_method,llm_expert_2,transition_quality,scored,3
PURE_008,proposed_method,llm_expert_2,contingent_responsiveness,scored,4
PURE_008,sparkme,llm_expert_2,local_coherence,scored,3
PURE_008,sparkme,llm_expert_2,transition_quality,scored,2
PURE_008,sparkme,llm_expert_2,contingent_responsiveness,scored,3
PURE_009,hashimoto,llm_expert_2,local_coherence,scored,2
PURE_009,hashimoto,llm_expert_2,transition_quality,scored,2
PURE_009,hashimoto,llm_expert_2,contingent_responsiveness,scored,2
PURE_009,llmrei-long,llm_expert_2,local_coherence,scored,2
PURE_009,llmrei-long,llm_expert_2,transition_quality,scored,2
PURE_009,llmrei-long,llm_expert_2,contingent_responsiveness,scored,2
PURE_009,proposed_method,llm_expert_2,local_coherence,scored,4
PURE_009,proposed_method,llm_expert_2,transition_quality,scored,4
PURE_009,proposed_method,llm_expert_2,contingent_responsiveness,scored,4
PURE_009,sparkme,llm_expert_2,local_coherence,scored,2
PURE_009,sparkme,llm_expert_2,transition_quality,scored,2
PURE_009,sparkme,llm_expert_2,contingent_responsiveness,scored,2
PURE_010,hashimoto,llm_expert_2,local_coherence,scored,2
PURE_010,hashimoto,llm_expert_2,transition_quality,scored,2
PURE_010,hashimoto,llm_expert_2,contingent_responsiveness,scored,2
PURE_010,llmrei-long,llm_expert_2,local_coherence,scored,3
PURE_010,llmrei-long,llm_expert_2,transition_quality,scored,3
PURE_010,llmrei-long,llm_expert_2,contingent_responsiveness,scored,3
PURE_010,proposed_method,llm_expert_2,local_coherence,scored,4
PURE_010,proposed_method,llm_expert_2,transition_quality,scored,3
PURE_010,proposed_method,llm_expert_2,contingent_responsiveness,scored,4
PURE_010,sparkme,llm_expert_2,local_coherence,scored,3
PURE_010,sparkme,llm_expert_2,transition_quality,scored,3
PURE_010,sparkme,llm_expert_2,contingent_responsiveness,scored,2
PURE_011,hashimoto,llm_expert_2,local_coherence,scored,3
PURE_011,hashimoto,llm_expert_2,transition_quality,scored,2
PURE_011,hashimoto,llm_expert_2,contingent_responsiveness,scored,2
PURE_011,llmrei-long,llm_expert_2,local_coherence,scored,4
PURE_011,llmrei-long,llm_expert_2,transition_quality,scored,3
PURE_011,llmrei-long,llm_expert_2,contingent_responsiveness,scored,3
PURE_011,proposed_method,llm_expert_2,local_coherence,scored,4
PURE_011,proposed_method,llm_expert_2,transition_quality,scored,3
PURE_011,proposed_method,llm_expert_2,contingent_responsiveness,scored,4
PURE_011,sparkme,llm_expert_2,local_coherence,scored,3
PURE_011,sparkme,llm_expert_2,transition_quality,scored,3
PURE_011,sparkme,llm_expert_2,contingent_responsiveness,scored,2
PURE_012,hashimoto,llm_expert_2,local_coherence,scored,2
PURE_012,hashimoto,llm_expert_2,transition_quality,scored,1
PURE_012,hashimoto,llm_expert_2,contingent_responsiveness,scored,2
PURE_012,llmrei-long,llm_expert_2,local_coherence,scored,3
PURE_012,llmrei-long,llm_expert_2,transition_quality,scored,3
PURE_012,llmrei-long,llm_expert_2,contingent_responsiveness,scored,3
PURE_012,proposed_method,llm_expert_2,local_coherence,scored,4
PURE_012,proposed_method,llm_expert_2,transition_quality,scored,4
PURE_012,proposed_method,llm_expert_2,contingent_responsiveness,scored,4
PURE_012,sparkme,llm_expert_2,local_coherence,scored,3
PURE_012,sparkme,llm_expert_2,transition_quality,scored,3
PURE_012,sparkme,llm_expert_2,contingent_responsiveness,scored,2
PURE_013,hashimoto,llm_expert_2,local_coherence,scored,2
PURE_013,hashimoto,llm_expert_2,transition_quality,scored,2
PURE_013,hashimoto,llm_expert_2,contingent_responsiveness,scored,2
PURE_013,llmrei-long,llm_expert_2,local_coherence,scored,3
PURE_013,llmrei-long,llm_expert_2,transition_quality,scored,3
PURE_013,llmrei-long,llm_expert_2,contingent_responsiveness,scored,3
PURE_013,proposed_method,llm_expert_2,local_coherence,scored,4
PURE_013,proposed_method,llm_expert_2,transition_quality,scored,4
PURE_013,proposed_method,llm_expert_2,contingent_responsiveness,scored,4
PURE_013,sparkme,llm_expert_2,local_coherence,scored,4
PURE_013,sparkme,llm_expert_2,transition_quality,scored,3
PURE_013,sparkme,llm_expert_2,contingent_responsiveness,scored,3
PURE_014,hashimoto,llm_expert_2,local_coherence,scored,3
PURE_014,hashimoto,llm_expert_2,transition_quality,scored,2
PURE_014,hashimoto,llm_expert_2,contingent_responsiveness,scored,3
PURE_014,llmrei-long,llm_expert_2,local_coherence,scored,3
PURE_014,llmrei-long,llm_expert_2,transition_quality,scored,3
PURE_014,llmrei-long,llm_expert_2,contingent_responsiveness,scored,3
PURE_014,proposed_method,llm_expert_2,local_coherence,scored,4
PURE_014,proposed_method,llm_expert_2,transition_quality,scored,3
PURE_014,proposed_method,llm_expert_2,contingent_responsiveness,scored,4
PURE_014,sparkme,llm_expert_2,local_coherence,scored,3
PURE_014,sparkme,llm_expert_2,transition_quality,scored,3
PURE_014,sparkme,llm_expert_2,contingent_responsiveness,scored,2
PURE_015,hashimoto,llm_expert_2,local_coherence,scored,3
PURE_015,hashimoto,llm_expert_2,transition_quality,scored,2
PURE_015,hashimoto,llm_expert_2,contingent_responsiveness,scored,2
PURE_015,llmrei-long,llm_expert_2,local_coherence,scored,3
PURE_015,llmrei-long,llm_expert_2,transition_quality,scored,3
PURE_015,llmrei-long,llm_expert_2,contingent_responsiveness,scored,3
PURE_015,proposed_method,llm_expert_2,local_coherence,scored,4
PURE_015,proposed_method,llm_expert_2,transition_quality,scored,3
PURE_015,proposed_method,llm_expert_2,contingent_responsiveness,scored,4
PURE_015,sparkme,llm_expert_2,local_coherence,scored,3
PURE_015,sparkme,llm_expert_2,transition_quality,scored,3
PURE_015,sparkme,llm_expert_2,contingent_responsiveness,scored,3
PURE_016,hashimoto,llm_expert_2,local_coherence,scored,3
PURE_016,hashimoto,llm_expert_2,transition_quality,scored,2
PURE_016,hashimoto,llm_expert_2,contingent_responsiveness,scored,3
PURE_016,llmrei-long,llm_expert_2,local_coherence,scored,2
PURE_016,llmrei-long,llm_expert_2,transition_quality,scored,2
PURE_016,llmrei-long,llm_expert_2,contingent_responsiveness,scored,2
PURE_016,proposed_method,llm_expert_2,local_coherence,scored,4
PURE_016,proposed_method,llm_expert_2,transition_quality,scored,4
PURE_016,proposed_method,llm_expert_2,contingent_responsiveness,scored,4
PURE_016,sparkme,llm_expert_2,local_coherence,scored,3
PURE_016,sparkme,llm_expert_2,transition_quality,scored,3
PURE_016,sparkme,llm_expert_2,contingent_responsiveness,scored,2
PURE_017,hashimoto,llm_expert_2,local_coherence,scored,3
PURE_017,hashimoto,llm_expert_2,transition_quality,scored,2
PURE_017,hashimoto,llm_expert_2,contingent_responsiveness,scored,2
PURE_017,llmrei-long,llm_expert_2,local_coherence,scored,3
PURE_017,llmrei-long,llm_expert_2,transition_quality,scored,3
PURE_017,llmrei-long,llm_expert_2,contingent_responsiveness,scored,3
PURE_017,proposed_method,llm_expert_2,local_coherence,scored,4
PURE_017,proposed_method,llm_expert_2,transition_quality,scored,4
PURE_017,proposed_method,llm_expert_2,contingent_responsiveness,scored,4
PURE_017,sparkme,llm_expert_2,local_coherence,scored,3
PURE_017,sparkme,llm_expert_2,transition_quality,scored,3
PURE_017,sparkme,llm_expert_2,contingent_responsiveness,scored,2
PURE_018,hashimoto,llm_expert_2,local_coherence,scored,3
PURE_018,hashimoto,llm_expert_2,transition_quality,scored,3
PURE_018,hashimoto,llm_expert_2,contingent_responsiveness,scored,3
PURE_018,llmrei-long,llm_expert_2,local_coherence,scored,3
PURE_018,llmrei-long,llm_expert_2,transition_quality,scored,3
PURE_018,llmrei-long,llm_expert_2,contingent_responsiveness,scored,3
PURE_018,proposed_method,llm_expert_2,local_coherence,scored,4
PURE_018,proposed_method,llm_expert_2,transition_quality,scored,3
PURE_018,proposed_method,llm_expert_2,contingent_responsiveness,scored,4
PURE_018,sparkme,llm_expert_2,local_coherence,scored,3
PURE_018,sparkme,llm_expert_2,transition_quality,scored,3
PURE_018,sparkme,llm_expert_2,contingent_responsiveness,scored,3
PURE_019,hashimoto,llm_expert_2,local_coherence,scored,2
PURE_019,hashimoto,llm_expert_2,transition_quality,scored,1
PURE_019,hashimoto,llm_expert_2,contingent_responsiveness,scored,1
PURE_019,llmrei-long,llm_expert_2,local_coherence,scored,3
PURE_019,llmrei-long,llm_expert_2,transition_quality,scored,3
PURE_019,llmrei-long,llm_expert_2,contingent_responsiveness,scored,3
PURE_019,proposed_method,llm_expert_2,local_coherence,scored,4
PURE_019,proposed_method,llm_expert_2,transition_quality,scored,3
PURE_019,proposed_method,llm_expert_2,contingent_responsiveness,scored,4
PURE_019,sparkme,llm_expert_2,local_coherence,scored,2
PURE_019,sparkme,llm_expert_2,transition_quality,scored,3
PURE_019,sparkme,llm_expert_2,contingent_responsiveness,scored,2
PURE_020,hashimoto,llm_expert_2,local_coherence,scored,1
PURE_020,hashimoto,llm_expert_2,transition_quality,scored,1
PURE_020,hashimoto,llm_expert_2,contingent_responsiveness,scored,1
PURE_020,llmrei-long,llm_expert_2,local_coherence,scored,3
PURE_020,llmrei-long,llm_expert_2,transition_quality,scored,3
PURE_020,llmrei-long,llm_expert_2,contingent_responsiveness,scored,3
PURE_020,proposed_method,llm_expert_2,local_coherence,scored,4
PURE_020,proposed_method,llm_expert_2,transition_quality,scored,4
PURE_020,proposed_method,llm_expert_2,contingent_responsiveness,scored,4
PURE_020,sparkme,llm_expert_2,local_coherence,scored,2
PURE_020,sparkme,llm_expert_2,transition_quality,scored,3
PURE_020,sparkme,llm_expert_2,contingent_responsiveness,scored,3
PURE_021,hashimoto,llm_expert_2,local_coherence,scored,3
PURE_021,hashimoto,llm_expert_2,transition_quality,scored,3
PURE_021,hashimoto,llm_expert_2,contingent_responsiveness,scored,3
PURE_021,llmrei-long,llm_expert_2,local_coherence,scored,3
PURE_021,llmrei-long,llm_expert_2,transition_quality,scored,2
PURE_021,llmrei-long,llm_expert_2,contingent_responsiveness,scored,3
PURE_021,proposed_method,llm_expert_2,local_coherence,scored,4
PURE_021,proposed_method,llm_expert_2,transition_quality,scored,4
PURE_021,proposed_method,llm_expert_2,contingent_responsiveness,scored,4
PURE_021,sparkme,llm_expert_2,local_coherence,scored,2
PURE_021,sparkme,llm_expert_2,transition_quality,scored,2
PURE_021,sparkme,llm_expert_2,contingent_responsiveness,scored,2
PURE_022,hashimoto,llm_expert_2,local_coherence,scored,3
PURE_022,hashimoto,llm_expert_2,transition_quality,scored,2
PURE_022,hashimoto,llm_expert_2,contingent_responsiveness,scored,3
PURE_022,llmrei-long,llm_expert_2,local_coherence,scored,3
PURE_022,llmrei-long,llm_expert_2,transition_quality,scored,3
PURE_022,llmrei-long,llm_expert_2,contingent_responsiveness,scored,3
PURE_022,proposed_method,llm_expert_2,local_coherence,scored,4
PURE_022,proposed_method,llm_expert_2,transition_quality,scored,4
PURE_022,proposed_method,llm_expert_2,contingent_responsiveness,scored,3
PURE_022,sparkme,llm_expert_2,local_coherence,scored,1
PURE_022,sparkme,llm_expert_2,transition_quality,scored,2
PURE_022,sparkme,llm_expert_2,contingent_responsiveness,scored,1
PURE_023,hashimoto,llm_expert_2,local_coherence,scored,2
PURE_023,hashimoto,llm_expert_2,transition_quality,scored,2
PURE_023,hashimoto,llm_expert_2,contingent_responsiveness,scored,3
PURE_023,llmrei-long,llm_expert_2,local_coherence,scored,3
PURE_023,llmrei-long,llm_expert_2,transition_quality,scored,3
PURE_023,llmrei-long,llm_expert_2,contingent_responsiveness,scored,3
PURE_023,proposed_method,llm_expert_2,local_coherence,scored,4
PURE_023,proposed_method,llm_expert_2,transition_quality,scored,4
PURE_023,proposed_method,llm_expert_2,contingent_responsiveness,scored,4
PURE_023,sparkme,llm_expert_2,local_coherence,scored,2
PURE_023,sparkme,llm_expert_2,transition_quality,scored,2
PURE_023,sparkme,llm_expert_2,contingent_responsiveness,scored,2
PURE_024,hashimoto,llm_expert_2,local_coherence,scored,1
PURE_024,hashimoto,llm_expert_2,transition_quality,scored,1
PURE_024,hashimoto,llm_expert_2,contingent_responsiveness,scored,1
PURE_024,llmrei-long,llm_expert_2,local_coherence,scored,3
PURE_024,llmrei-long,llm_expert_2,transition_quality,scored,3
PURE_024,llmrei-long,llm_expert_2,contingent_responsiveness,scored,3
PURE_024,proposed_method,llm_expert_2,local_coherence,scored,4
PURE_024,proposed_method,llm_expert_2,transition_quality,scored,4
PURE_024,proposed_method,llm_expert_2,contingent_responsiveness,scored,4
PURE_024,sparkme,llm_expert_2,local_coherence,scored,3
PURE_024,sparkme,llm_expert_2,transition_quality,scored,3
PURE_024,sparkme,llm_expert_2,contingent_responsiveness,scored,3
PURE_025,hashimoto,llm_expert_2,local_coherence,scored,2
PURE_025,hashimoto,llm_expert_2,transition_quality,scored,1
PURE_025,hashimoto,llm_expert_2,contingent_responsiveness,scored,2
PURE_025,llmrei-long,llm_expert_2,local_coherence,scored,3
PURE_025,llmrei-long,llm_expert_2,transition_quality,scored,3
PURE_025,llmrei-long,llm_expert_2,contingent_responsiveness,scored,3
PURE_025,proposed_method,llm_expert_2,local_coherence,scored,4
PURE_025,proposed_method,llm_expert_2,transition_quality,scored,3
PURE_025,proposed_method,llm_expert_2,contingent_responsiveness,scored,4
PURE_025,sparkme,llm_expert_2,local_coherence,scored,2
PURE_025,sparkme,llm_expert_2,transition_quality,scored,3
PURE_025,sparkme,llm_expert_2,contingent_responsiveness,scored,3
PURE_026,hashimoto,llm_expert_2,local_coherence,scored,1
PURE_026,hashimoto,llm_expert_2,transition_quality,scored,1
PURE_026,hashimoto,llm_expert_2,contingent_responsiveness,scored,1
PURE_026,llmrei-long,llm_expert_2,local_coherence,scored,4
PURE_026,llmrei-long,llm_expert_2,transition_quality,scored,3
PURE_026,llmrei-long,llm_expert_2,contingent_responsiveness,scored,4
PURE_026,proposed_method,llm_expert_2,local_coherence,scored,4
PURE_026,proposed_method,llm_expert_2,transition_quality,scored,4
PURE_026,proposed_method,llm_expert_2,contingent_responsiveness,scored,4
PURE_026,sparkme,llm_expert_2,local_coherence,scored,3
PURE_026,sparkme,llm_expert_2,transition_quality,scored,3
PURE_026,sparkme,llm_expert_2,contingent_responsiveness,scored,3
PURE_027,hashimoto,llm_expert_2,local_coherence,scored,1
PURE_027,hashimoto,llm_expert_2,transition_quality,scored,1
PURE_027,hashimoto,llm_expert_2,contingent_responsiveness,scored,1
PURE_027,llmrei-long,llm_expert_2,local_coherence,scored,3
PURE_027,llmrei-long,llm_expert_2,transition_quality,scored,4
PURE_027,llmrei-long,llm_expert_2,contingent_responsiveness,scored,3
PURE_027,proposed_method,llm_expert_2,local_coherence,scored,3
PURE_027,proposed_method,llm_expert_2,transition_quality,scored,3
PURE_027,proposed_method,llm_expert_2,contingent_responsiveness,scored,3
PURE_027,sparkme,llm_expert_2,local_coherence,scored,2
PURE_027,sparkme,llm_expert_2,transition_quality,scored,2
PURE_027,sparkme,llm_expert_2,contingent_responsiveness,scored,2
PURE_028,hashimoto,llm_expert_2,local_coherence,scored,2
PURE_028,hashimoto,llm_expert_2,transition_quality,scored,1
PURE_028,hashimoto,llm_expert_2,contingent_responsiveness,scored,1
PURE_028,llmrei-long,llm_expert_2,local_coherence,scored,3
PURE_028,llmrei-long,llm_expert_2,transition_quality,scored,3
PURE_028,llmrei-long,llm_expert_2,contingent_responsiveness,scored,3
PURE_028,proposed_method,llm_expert_2,local_coherence,scored,4
PURE_028,proposed_method,llm_expert_2,transition_quality,scored,4
PURE_028,proposed_method,llm_expert_2,contingent_responsiveness,scored,4
PURE_028,sparkme,llm_expert_2,local_coherence,scored,3
PURE_028,sparkme,llm_expert_2,transition_quality,scored,4
PURE_028,sparkme,llm_expert_2,contingent_responsiveness,scored,3
PURE_029,hashimoto,llm_expert_2,local_coherence,scored,3
PURE_029,hashimoto,llm_expert_2,transition_quality,scored,2
PURE_029,hashimoto,llm_expert_2,contingent_responsiveness,scored,2
PURE_029,llmrei-long,llm_expert_2,local_coherence,scored,3
PURE_029,llmrei-long,llm_expert_2,transition_quality,scored,3
PURE_029,llmrei-long,llm_expert_2,contingent_responsiveness,scored,3
PURE_029,proposed_method,llm_expert_2,local_coherence,scored,4
PURE_029,proposed_method,llm_expert_2,transition_quality,scored,4
PURE_029,proposed_method,llm_expert_2,contingent_responsiveness,scored,4
PURE_029,sparkme,llm_expert_2,local_coherence,scored,3
PURE_029,sparkme,llm_expert_2,transition_quality,scored,3
PURE_029,sparkme,llm_expert_2,contingent_responsiveness,scored,3
PURE_030,hashimoto,llm_expert_2,local_coherence,scored,2
PURE_030,hashimoto,llm_expert_2,transition_quality,scored,2
PURE_030,hashimoto,llm_expert_2,contingent_responsiveness,scored,2
PURE_030,llmrei-long,llm_expert_2,local_coherence,scored,3
PURE_030,llmrei-long,llm_expert_2,transition_quality,scored,3
PURE_030,llmrei-long,llm_expert_2,contingent_responsiveness,scored,3
PURE_030,proposed_method,llm_expert_2,local_coherence,scored,4
PURE_030,proposed_method,llm_expert_2,transition_quality,scored,3
PURE_030,proposed_method,llm_expert_2,contingent_responsiveness,scored,4
PURE_030,sparkme,llm_expert_2,local_coherence,scored,3
PURE_030,sparkme,llm_expert_2,transition_quality,scored,3
PURE_030,sparkme,llm_expert_2,contingent_responsiveness,scored,3
PURE_031,hashimoto,llm_expert_2,local_coherence,scored,3
PURE_031,hashimoto,llm_expert_2,transition_quality,scored,2
PURE_031,hashimoto,llm_expert_2,contingent_responsiveness,scored,3
PURE_031,llmrei-long,llm_expert_2,local_coherence,scored,3
PURE_031,llmrei-long,llm_expert_2,transition_quality,scored,3
PURE_031,llmrei-long,llm_expert_2,contingent_responsiveness,scored,3
PURE_031,proposed_method,llm_expert_2,local_coherence,scored,4
PURE_031,proposed_method,llm_expert_2,transition_quality,scored,4
PURE_031,proposed_method,llm_expert_2,contingent_responsiveness,scored,3
PURE_031,sparkme,llm_expert_2,local_coherence,scored,2
PURE_031,sparkme,llm_expert_2,transition_quality,scored,2
PURE_031,sparkme,llm_expert_2,contingent_responsiveness,scored,2
PURE_032,hashimoto,llm_expert_2,local_coherence,scored,3
PURE_032,hashimoto,llm_expert_2,transition_quality,scored,2
PURE_032,hashimoto,llm_expert_2,contingent_responsiveness,scored,2
PURE_032,llmrei-long,llm_expert_2,local_coherence,scored,3
PURE_032,llmrei-long,llm_expert_2,transition_quality,scored,2
PURE_032,llmrei-long,llm_expert_2,contingent_responsiveness,scored,3
PURE_032,proposed_method,llm_expert_2,local_coherence,scored,4
PURE_032,proposed_method,llm_expert_2,transition_quality,scored,4
PURE_032,proposed_method,llm_expert_2,contingent_responsiveness,scored,4
PURE_032,sparkme,llm_expert_2,local_coherence,scored,3
PURE_032,sparkme,llm_expert_2,transition_quality,scored,3
PURE_032,sparkme,llm_expert_2,contingent_responsiveness,scored,2
PURE_033,hashimoto,llm_expert_2,local_coherence,scored,2
PURE_033,hashimoto,llm_expert_2,transition_quality,scored,2
PURE_033,hashimoto,llm_expert_2,contingent_responsiveness,scored,2
PURE_033,llmrei-long,llm_expert_2,local_coherence,scored,3
PURE_033,llmrei-long,llm_expert_2,transition_quality,scored,3
PURE_033,llmrei-long,llm_expert_2,contingent_responsiveness,scored,3
PURE_033,proposed_method,llm_expert_2,local_coherence,scored,3
PURE_033,proposed_method,llm_expert_2,transition_quality,scored,3
PURE_033,proposed_method,llm_expert_2,contingent_responsiveness,scored,3
PURE_033,sparkme,llm_expert_2,local_coherence,scored,2
PURE_033,sparkme,llm_expert_2,transition_quality,scored,3
PURE_033,sparkme,llm_expert_2,contingent_responsiveness,scored,2
PURE_034,hashimoto,llm_expert_2,local_coherence,scored,1
PURE_034,hashimoto,llm_expert_2,transition_quality,scored,1
PURE_034,hashimoto,llm_expert_2,contingent_responsiveness,scored,1
PURE_034,llmrei-long,llm_expert_2,local_coherence,scored,3
PURE_034,llmrei-long,llm_expert_2,transition_quality,scored,3
PURE_034,llmrei-long,llm_expert_2,contingent_responsiveness,scored,3
PURE_034,proposed_method,llm_expert_2,local_coherence,scored,4
PURE_034,proposed_method,llm_expert_2,transition_quality,scored,3
PURE_034,proposed_method,llm_expert_2,contingent_responsiveness,scored,3
PURE_034,sparkme,llm_expert_2,local_coherence,scored,2
PURE_034,sparkme,llm_expert_2,transition_quality,scored,2
PURE_034,sparkme,llm_expert_2,contingent_responsiveness,scored,2
PURE_035,hashimoto,llm_expert_2,local_coherence,scored,2
PURE_035,hashimoto,llm_expert_2,transition_quality,scored,2
PURE_035,hashimoto,llm_expert_2,contingent_responsiveness,scored,3
PURE_035,llmrei-long,llm_expert_2,local_coherence,scored,3
PURE_035,llmrei-long,llm_expert_2,transition_quality,scored,3
PURE_035,llmrei-long,llm_expert_2,contingent_responsiveness,scored,3
PURE_035,proposed_method,llm_expert_2,local_coherence,scored,4
PURE_035,proposed_method,llm_expert_2,transition_quality,scored,3
PURE_035,proposed_method,llm_expert_2,contingent_responsiveness,scored,4
PURE_035,sparkme,llm_expert_2,local_coherence,scored,3
PURE_035,sparkme,llm_expert_2,transition_quality,scored,3
PURE_035,sparkme,llm_expert_2,contingent_responsiveness,scored,2
PURE_036,hashimoto,llm_expert_2,local_coherence,scored,2
PURE_036,hashimoto,llm_expert_2,transition_quality,scored,1
PURE_036,hashimoto,llm_expert_2,contingent_responsiveness,scored,2
PURE_036,llmrei-long,llm_expert_2,local_coherence,scored,3
PURE_036,llmrei-long,llm_expert_2,transition_quality,scored,3
PURE_036,llmrei-long,llm_expert_2,contingent_responsiveness,scored,3
PURE_036,proposed_method,llm_expert_2,local_coherence,scored,4
PURE_036,proposed_method,llm_expert_2,transition_quality,scored,4
PURE_036,proposed_method,llm_expert_2,contingent_responsiveness,scored,4
PURE_036,sparkme,llm_expert_2,local_coherence,scored,3
PURE_036,sparkme,llm_expert_2,transition_quality,scored,3
PURE_036,sparkme,llm_expert_2,contingent_responsiveness,scored,3
PURE_037,hashimoto,llm_expert_2,local_coherence,scored,2
PURE_037,hashimoto,llm_expert_2,transition_quality,scored,1
PURE_037,hashimoto,llm_expert_2,contingent_responsiveness,scored,2
PURE_037,llmrei-long,llm_expert_2,local_coherence,scored,3
PURE_037,llmrei-long,llm_expert_2,transition_quality,scored,3
PURE_037,llmrei-long,llm_expert_2,contingent_responsiveness,scored,3
PURE_037,proposed_method,llm_expert_2,local_coherence,scored,4
PURE_037,proposed_method,llm_expert_2,transition_quality,scored,3
PURE_037,proposed_method,llm_expert_2,contingent_responsiveness,scored,4
PURE_037,sparkme,llm_expert_2,local_coherence,scored,3
PURE_037,sparkme,llm_expert_2,transition_quality,scored,3
PURE_037,sparkme,llm_expert_2,contingent_responsiveness,scored,3
PURE_038,hashimoto,llm_expert_2,local_coherence,scored,1
PURE_038,hashimoto,llm_expert_2,transition_quality,scored,1
PURE_038,hashimoto,llm_expert_2,contingent_responsiveness,scored,1
PURE_038,llmrei-long,llm_expert_2,local_coherence,scored,3
PURE_038,llmrei-long,llm_expert_2,transition_quality,scored,2
PURE_038,llmrei-long,llm_expert_2,contingent_responsiveness,scored,3
PURE_038,proposed_method,llm_expert_2,local_coherence,scored,4
PURE_038,proposed_method,llm_expert_2,transition_quality,scored,3
PURE_038,proposed_method,llm_expert_2,contingent_responsiveness,scored,3
PURE_038,sparkme,llm_expert_2,local_coherence,scored,2
PURE_038,sparkme,llm_expert_2,transition_quality,scored,2
PURE_038,sparkme,llm_expert_2,contingent_responsiveness,scored,2
PURE_039,hashimoto,llm_expert_2,local_coherence,scored,3
PURE_039,hashimoto,llm_expert_2,transition_quality,scored,2
PURE_039,hashimoto,llm_expert_2,contingent_responsiveness,scored,3
PURE_039,llmrei-long,llm_expert_2,local_coherence,scored,3
PURE_039,llmrei-long,llm_expert_2,transition_quality,scored,3
PURE_039,llmrei-long,llm_expert_2,contingent_responsiveness,scored,3
PURE_039,proposed_method,llm_expert_2,local_coherence,scored,4
PURE_039,proposed_method,llm_expert_2,transition_quality,scored,4
PURE_039,proposed_method,llm_expert_2,contingent_responsiveness,scored,4
PURE_039,sparkme,llm_expert_2,local_coherence,scored,3
PURE_039,sparkme,llm_expert_2,transition_quality,scored,3
PURE_039,sparkme,llm_expert_2,contingent_responsiveness,scored,3
PURE_040,hashimoto,llm_expert_2,local_coherence,scored,3
PURE_040,hashimoto,llm_expert_2,transition_quality,scored,2
PURE_040,hashimoto,llm_expert_2,contingent_responsiveness,scored,3
PURE_040,llmrei-long,llm_expert_2,local_coherence,scored,3
PURE_040,llmrei-long,llm_expert_2,transition_quality,scored,3
PURE_040,llmrei-long,llm_expert_2,contingent_responsiveness,scored,3
PURE_040,proposed_method,llm_expert_2,local_coherence,scored,4
PURE_040,proposed_method,llm_expert_2,transition_quality,scored,3
PURE_040,proposed_method,llm_expert_2,contingent_responsiveness,scored,4
PURE_040,sparkme,llm_expert_2,local_coherence,scored,3
PURE_040,sparkme,llm_expert_2,transition_quality,scored,3
PURE_040,sparkme,llm_expert_2,contingent_responsiveness,scored,3
PURE_041,hashimoto,llm_expert_2,local_coherence,scored,3
PURE_041,hashimoto,llm_expert_2,transition_quality,scored,2
PURE_041,hashimoto,llm_expert_2,contingent_responsiveness,scored,3
PURE_041,llmrei-long,llm_expert_2,local_coherence,scored,3
PURE_041,llmrei-long,llm_expert_2,transition_quality,scored,3
PURE_041,llmrei-long,llm_expert_2,contingent_responsiveness,scored,3
PURE_041,proposed_method,llm_expert_2,local_coherence,scored,3
PURE_041,proposed_method,llm_expert_2,transition_quality,scored,3
PURE_041,proposed_method,llm_expert_2,contingent_responsiveness,scored,4
PURE_041,sparkme,llm_expert_2,local_coherence,scored,2
PURE_041,sparkme,llm_expert_2,transition_quality,scored,2
PURE_041,sparkme,llm_expert_2,contingent_responsiveness,scored,2
PURE_042,hashimoto,llm_expert_2,local_coherence,scored,3
PURE_042,hashimoto,llm_expert_2,transition_quality,scored,2
PURE_042,hashimoto,llm_expert_2,contingent_responsiveness,scored,3
PURE_042,llmrei-long,llm_expert_2,local_coherence,scored,3
PURE_042,llmrei-long,llm_expert_2,transition_quality,scored,3
PURE_042,llmrei-long,llm_expert_2,contingent_responsiveness,scored,3
PURE_042,proposed_method,llm_expert_2,local_coherence,scored,3
PURE_042,proposed_method,llm_expert_2,transition_quality,scored,3
PURE_042,proposed_method,llm_expert_2,contingent_responsiveness,scored,4
PURE_042,sparkme,llm_expert_2,local_coherence,scored,3
PURE_042,sparkme,llm_expert_2,transition_quality,scored,2
PURE_042,sparkme,llm_expert_2,contingent_responsiveness,scored,1
PURE_043,hashimoto,llm_expert_2,local_coherence,scored,2
PURE_043,hashimoto,llm_expert_2,transition_quality,scored,1
PURE_043,hashimoto,llm_expert_2,contingent_responsiveness,scored,1
PURE_043,llmrei-long,llm_expert_2,local_coherence,scored,3
PURE_043,llmrei-long,llm_expert_2,transition_quality,scored,3
PURE_043,llmrei-long,llm_expert_2,contingent_responsiveness,scored,4
PURE_043,proposed_method,llm_expert_2,local_coherence,scored,4
PURE_043,proposed_method,llm_expert_2,transition_quality,scored,3
PURE_043,proposed_method,llm_expert_2,contingent_responsiveness,scored,4
PURE_043,sparkme,llm_expert_2,local_coherence,scored,3
PURE_043,sparkme,llm_expert_2,transition_quality,scored,2
PURE_043,sparkme,llm_expert_2,contingent_responsiveness,scored,2
PURE_044,hashimoto,llm_expert_2,local_coherence,scored,3
PURE_044,hashimoto,llm_expert_2,transition_quality,scored,2
PURE_044,hashimoto,llm_expert_2,contingent_responsiveness,scored,2
PURE_044,llmrei-long,llm_expert_2,local_coherence,scored,3
PURE_044,llmrei-long,llm_expert_2,transition_quality,scored,3
PURE_044,llmrei-long,llm_expert_2,contingent_responsiveness,scored,3
PURE_044,proposed_method,llm_expert_2,local_coherence,scored,4
PURE_044,proposed_method,llm_expert_2,transition_quality,scored,3
PURE_044,proposed_method,llm_expert_2,contingent_responsiveness,scored,4
PURE_044,sparkme,llm_expert_2,local_coherence,scored,3
PURE_044,sparkme,llm_expert_2,transition_quality,scored,3
PURE_044,sparkme,llm_expert_2,contingent_responsiveness,scored,2
PURE_045,hashimoto,llm_expert_2,local_coherence,scored,3
PURE_045,hashimoto,llm_expert_2,transition_quality,scored,2
PURE_045,hashimoto,llm_expert_2,contingent_responsiveness,scored,2
PURE_045,llmrei-long,llm_expert_2,local_coherence,scored,3
PURE_045,llmrei-long,llm_expert_2,transition_quality,scored,3
PURE_045,llmrei-long,llm_expert_2,contingent_responsiveness,scored,3
PURE_045,proposed_method,llm_expert_2,local_coherence,scored,3
PURE_045,proposed_method,llm_expert_2,transition_quality,scored,3
PURE_045,proposed_method,llm_expert_2,contingent_responsiveness,scored,3
PURE_045,sparkme,llm_expert_2,local_coherence,scored,2
PURE_045,sparkme,llm_expert_2,transition_quality,scored,2
PURE_045,sparkme,llm_expert_2,contingent_responsiveness,scored,2
PURE_046,hashimoto,llm_expert_2,local_coherence,scored,2
PURE_046,hashimoto,llm_expert_2,transition_quality,scored,2
PURE_046,hashimoto,llm_expert_2,contingent_responsiveness,scored,2
PURE_046,llmrei-long,llm_expert_2,local_coherence,scored,3
PURE_046,llmrei-long,llm_expert_2,transition_quality,scored,3
PURE_046,llmrei-long,llm_expert_2,contingent_responsiveness,scored,3
PURE_046,proposed_method,llm_expert_2,local_coherence,scored,4
PURE_046,proposed_method,llm_expert_2,transition_quality,scored,3
PURE_046,proposed_method,llm_expert_2,contingent_responsiveness,scored,4
PURE_046,sparkme,llm_expert_2,local_coherence,scored,2
PURE_046,sparkme,llm_expert_2,transition_quality,scored,3
PURE_046,sparkme,llm_expert_2,contingent_responsiveness,scored,2
PURE_047,hashimoto,llm_expert_2,local_coherence,scored,1
PURE_047,hashimoto,llm_expert_2,transition_quality,scored,1
PURE_047,hashimoto,llm_expert_2,contingent_responsiveness,scored,1
PURE_047,llmrei-long,llm_expert_2,local_coherence,scored,3
PURE_047,llmrei-long,llm_expert_2,transition_quality,scored,3
PURE_047,llmrei-long,llm_expert_2,contingent_responsiveness,scored,3
PURE_047,proposed_method,llm_expert_2,local_coherence,scored,4
PURE_047,proposed_method,llm_expert_2,transition_quality,scored,4
PURE_047,proposed_method,llm_expert_2,contingent_responsiveness,scored,4
PURE_047,sparkme,llm_expert_2,local_coherence,scored,3
PURE_047,sparkme,llm_expert_2,transition_quality,scored,3
PURE_047,sparkme,llm_expert_2,contingent_responsiveness,scored,2
PURE_048,hashimoto,llm_expert_2,local_coherence,scored,3
PURE_048,hashimoto,llm_expert_2,transition_quality,scored,2
PURE_048,hashimoto,llm_expert_2,contingent_responsiveness,scored,3
PURE_048,llmrei-long,llm_expert_2,local_coherence,scored,3
PURE_048,llmrei-long,llm_expert_2,transition_quality,scored,3
PURE_048,llmrei-long,llm_expert_2,contingent_responsiveness,scored,3
PURE_048,proposed_method,llm_expert_2,local_coherence,scored,3
PURE_048,proposed_method,llm_expert_2,transition_quality,scored,4
PURE_048,proposed_method,llm_expert_2,contingent_responsiveness,scored,4
PURE_048,sparkme,llm_expert_2,local_coherence,scored,3
PURE_048,sparkme,llm_expert_2,transition_quality,scored,3
PURE_048,sparkme,llm_expert_2,contingent_responsiveness,scored,3
PURE_049,hashimoto,llm_expert_2,local_coherence,scored,1
PURE_049,hashimoto,llm_expert_2,transition_quality,scored,1
PURE_049,hashimoto,llm_expert_2,contingent_responsiveness,scored,1
PURE_049,llmrei-long,llm_expert_2,local_coherence,scored,3
PURE_049,llmrei-long,llm_expert_2,transition_quality,scored,3
PURE_049,llmrei-long,llm_expert_2,contingent_responsiveness,scored,3
PURE_049,proposed_method,llm_expert_2,local_coherence,scored,3
PURE_049,proposed_method,llm_expert_2,transition_quality,scored,3
PURE_049,proposed_method,llm_expert_2,contingent_responsiveness,scored,4
PURE_049,sparkme,llm_expert_2,local_coherence,scored,3
PURE_049,sparkme,llm_expert_2,transition_quality,scored,3
PURE_049,sparkme,llm_expert_2,contingent_responsiveness,scored,3
PURE_050,hashimoto,llm_expert_2,local_coherence,scored,1
PURE_050,hashimoto,llm_expert_2,transition_quality,scored,1
PURE_050,hashimoto,llm_expert_2,contingent_responsiveness,scored,1
PURE_050,llmrei-long,llm_expert_2,local_coherence,scored,4
PURE_050,llmrei-long,llm_expert_2,transition_quality,scored,3
PURE_050,llmrei-long,llm_expert_2,contingent_responsiveness,scored,3
PURE_050,proposed_method,llm_expert_2,local_coherence,scored,4
PURE_050,proposed_method,llm_expert_2,transition_quality,scored,3
PURE_050,proposed_method,llm_expert_2,contingent_responsiveness,scored,4
PURE_050,sparkme,llm_expert_2,local_coherence,scored,2
PURE_050,sparkme,llm_expert_2,transition_quality,scored,2
PURE_050,sparkme,llm_expert_2,contingent_responsiveness,scored,2
PURE_051,hashimoto,llm_expert_2,local_coherence,scored,1
PURE_051,hashimoto,llm_expert_2,transition_quality,scored,1
PURE_051,hashimoto,llm_expert_2,contingent_responsiveness,scored,1
PURE_051,llmrei-long,llm_expert_2,local_coherence,scored,4
PURE_051,llmrei-long,llm_expert_2,transition_quality,scored,3
PURE_051,llmrei-long,llm_expert_2,contingent_responsiveness,scored,3
PURE_051,proposed_method,llm_expert_2,local_coherence,scored,4
PURE_051,proposed_method,llm_expert_2,transition_quality,scored,4
PURE_051,proposed_method,llm_expert_2,contingent_responsiveness,scored,4
PURE_051,sparkme,llm_expert_2,local_coherence,scored,3
PURE_051,sparkme,llm_expert_2,transition_quality,scored,3
PURE_051,sparkme,llm_expert_2,contingent_responsiveness,scored,2
PURE_052,hashimoto,llm_expert_2,local_coherence,scored,3
PURE_052,hashimoto,llm_expert_2,transition_quality,scored,2
PURE_052,hashimoto,llm_expert_2,contingent_responsiveness,scored,2
PURE_052,llmrei-long,llm_expert_2,local_coherence,scored,4
PURE_052,llmrei-long,llm_expert_2,transition_quality,scored,3
PURE_052,llmrei-long,llm_expert_2,contingent_responsiveness,scored,3
PURE_052,proposed_method,llm_expert_2,local_coherence,scored,4
PURE_052,proposed_method,llm_expert_2,transition_quality,scored,3
PURE_052,proposed_method,llm_expert_2,contingent_responsiveness,scored,4
PURE_052,sparkme,llm_expert_2,local_coherence,scored,2
PURE_052,sparkme,llm_expert_2,transition_quality,scored,2
PURE_052,sparkme,llm_expert_2,contingent_responsiveness,scored,1
PURE_053,hashimoto,llm_expert_2,local_coherence,scored,2
PURE_053,hashimoto,llm_expert_2,transition_quality,scored,2
PURE_053,hashimoto,llm_expert_2,contingent_responsiveness,scored,2
PURE_053,llmrei-long,llm_expert_2,local_coherence,scored,3
PURE_053,llmrei-long,llm_expert_2,transition_quality,scored,3
PURE_053,llmrei-long,llm_expert_2,contingent_responsiveness,scored,3
PURE_053,proposed_method,llm_expert_2,local_coherence,scored,4
PURE_053,proposed_method,llm_expert_2,transition_quality,scored,3
PURE_053,proposed_method,llm_expert_2,contingent_responsiveness,scored,3
PURE_053,sparkme,llm_expert_2,local_coherence,scored,3
PURE_053,sparkme,llm_expert_2,transition_quality,scored,3
PURE_053,sparkme,llm_expert_2,contingent_responsiveness,scored,3
PURE_054,hashimoto,llm_expert_2,local_coherence,scored,2
PURE_054,hashimoto,llm_expert_2,transition_quality,scored,2
PURE_054,hashimoto,llm_expert_2,contingent_responsiveness,scored,2
PURE_054,llmrei-long,llm_expert_2,local_coherence,scored,3
PURE_054,llmrei-long,llm_expert_2,transition_quality,scored,3
PURE_054,llmrei-long,llm_expert_2,contingent_responsiveness,scored,4
PURE_054,proposed_method,llm_expert_2,local_coherence,scored,3
PURE_054,proposed_method,llm_expert_2,transition_quality,scored,3
PURE_054,proposed_method,llm_expert_2,contingent_responsiveness,scored,3
PURE_054,sparkme,llm_expert_2,local_coherence,scored,3
PURE_054,sparkme,llm_expert_2,transition_quality,scored,2
PURE_054,sparkme,llm_expert_2,contingent_responsiveness,scored,3
PURE_055,hashimoto,llm_expert_2,local_coherence,scored,3
PURE_055,hashimoto,llm_expert_2,transition_quality,scored,3
PURE_055,hashimoto,llm_expert_2,contingent_responsiveness,scored,3
PURE_055,llmrei-long,llm_expert_2,local_coherence,scored,3
PURE_055,llmrei-long,llm_expert_2,transition_quality,scored,3
PURE_055,llmrei-long,llm_expert_2,contingent_responsiveness,scored,3
PURE_055,proposed_method,llm_expert_2,local_coherence,scored,4
PURE_055,proposed_method,llm_expert_2,transition_quality,scored,3
PURE_055,proposed_method,llm_expert_2,contingent_responsiveness,scored,4
PURE_055,sparkme,llm_expert_2,local_coherence,scored,3
PURE_055,sparkme,llm_expert_2,transition_quality,scored,3
PURE_055,sparkme,llm_expert_2,contingent_responsiveness,scored,3
PURE_056,hashimoto,llm_expert_2,local_coherence,scored,3
PURE_056,hashimoto,llm_expert_2,transition_quality,scored,2
PURE_056,hashimoto,llm_expert_2,contingent_responsiveness,scored,2
PURE_056,llmrei-long,llm_expert_2,local_coherence,scored,4
PURE_056,llmrei-long,llm_expert_2,transition_quality,scored,3
PURE_056,llmrei-long,llm_expert_2,contingent_responsiveness,scored,4
PURE_056,proposed_method,llm_expert_2,local_coherence,scored,4
PURE_056,proposed_method,llm_expert_2,transition_quality,scored,3
PURE_056,proposed_method,llm_expert_2,contingent_responsiveness,scored,4
PURE_056,sparkme,llm_expert_2,local_coherence,scored,3
PURE_056,sparkme,llm_expert_2,transition_quality,scored,4
PURE_056,sparkme,llm_expert_2,contingent_responsiveness,scored,3
PURE_057,hashimoto,llm_expert_2,local_coherence,scored,3
PURE_057,hashimoto,llm_expert_2,transition_quality,scored,2
PURE_057,hashimoto,llm_expert_2,contingent_responsiveness,scored,3
PURE_057,llmrei-long,llm_expert_2,local_coherence,scored,3
PURE_057,llmrei-long,llm_expert_2,transition_quality,scored,3
PURE_057,llmrei-long,llm_expert_2,contingent_responsiveness,scored,3
PURE_057,proposed_method,llm_expert_2,local_coherence,scored,4
PURE_057,proposed_method,llm_expert_2,transition_quality,scored,4
PURE_057,proposed_method,llm_expert_2,contingent_responsiveness,scored,4
PURE_057,sparkme,llm_expert_2,local_coherence,scored,2
PURE_057,sparkme,llm_expert_2,transition_quality,scored,2
PURE_057,sparkme,llm_expert_2,contingent_responsiveness,scored,2
PURE_058,hashimoto,llm_expert_2,local_coherence,scored,3
PURE_058,hashimoto,llm_expert_2,transition_quality,scored,2
PURE_058,hashimoto,llm_expert_2,contingent_responsiveness,scored,3
PURE_058,llmrei-long,llm_expert_2,local_coherence,scored,4
PURE_058,llmrei-long,llm_expert_2,transition_quality,scored,3
PURE_058,llmrei-long,llm_expert_2,contingent_responsiveness,scored,3
PURE_058,proposed_method,llm_expert_2,local_coherence,scored,4
PURE_058,proposed_method,llm_expert_2,transition_quality,scored,4
PURE_058,proposed_method,llm_expert_2,contingent_responsiveness,scored,4
PURE_058,sparkme,llm_expert_2,local_coherence,scored,2
PURE_058,sparkme,llm_expert_2,transition_quality,scored,3
PURE_058,sparkme,llm_expert_2,contingent_responsiveness,scored,2
PURE_059,hashimoto,llm_expert_2,local_coherence,scored,2
PURE_059,hashimoto,llm_expert_2,transition_quality,scored,2
PURE_059,hashimoto,llm_expert_2,contingent_responsiveness,scored,2
PURE_059,llmrei-long,llm_expert_2,local_coherence,scored,3
PURE_059,llmrei-long,llm_expert_2,transition_quality,scored,3
PURE_059,llmrei-long,llm_expert_2,contingent_responsiveness,scored,4
PURE_059,proposed_method,llm_expert_2,local_coherence,scored,4
PURE_059,proposed_method,llm_expert_2,transition_quality,scored,3
PURE_059,proposed_method,llm_expert_2,contingent_responsiveness,scored,4
PURE_059,sparkme,llm_expert_2,local_coherence,scored,3
PURE_059,sparkme,llm_expert_2,transition_quality,scored,4
PURE_059,sparkme,llm_expert_2,contingent_responsiveness,scored,3
PURE_060,hashimoto,llm_expert_2,local_coherence,scored,3
PURE_060,hashimoto,llm_expert_2,transition_quality,scored,2
PURE_060,hashimoto,llm_expert_2,contingent_responsiveness,scored,3
PURE_060,llmrei-long,llm_expert_2,local_coherence,scored,2
PURE_060,llmrei-long,llm_expert_2,transition_quality,scored,2
PURE_060,llmrei-long,llm_expert_2,contingent_responsiveness,scored,2
PURE_060,proposed_method,llm_expert_2,local_coherence,scored,4
PURE_060,proposed_method,llm_expert_2,transition_quality,scored,4
PURE_060,proposed_method,llm_expert_2,contingent_responsiveness,scored,4
PURE_060,sparkme,llm_expert_2,local_coherence,scored,3
PURE_060,sparkme,llm_expert_2,transition_quality,scored,4
PURE_060,sparkme,llm_expert_2,contingent_responsiveness,scored,3
PURE_061,hashimoto,llm_expert_2,local_coherence,scored,2
PURE_061,hashimoto,llm_expert_2,transition_quality,scored,1
PURE_061,hashimoto,llm_expert_2,contingent_responsiveness,scored,2
PURE_061,llmrei-long,llm_expert_2,local_coherence,scored,4
PURE_061,llmrei-long,llm_expert_2,transition_quality,scored,3
PURE_061,llmrei-long,llm_expert_2,contingent_responsiveness,scored,3
PURE_061,proposed_method,llm_expert_2,local_coherence,scored,3
PURE_061,proposed_method,llm_expert_2,transition_quality,scored,3
PURE_061,proposed_method,llm_expert_2,contingent_responsiveness,scored,3
PURE_061,sparkme,llm_expert_2,local_coherence,scored,3
PURE_061,sparkme,llm_expert_2,transition_quality,scored,3
PURE_061,sparkme,llm_expert_2,contingent_responsiveness,scored,3
PURE_062,hashimoto,llm_expert_2,local_coherence,scored,2
PURE_062,hashimoto,llm_expert_2,transition_quality,scored,2
PURE_062,hashimoto,llm_expert_2,contingent_responsiveness,scored,2
PURE_062,llmrei-long,llm_expert_2,local_coherence,scored,3
PURE_062,llmrei-long,llm_expert_2,transition_quality,scored,3
PURE_062,llmrei-long,llm_expert_2,contingent_responsiveness,scored,3
PURE_062,proposed_method,llm_expert_2,local_coherence,scored,4
PURE_062,proposed_method,llm_expert_2,transition_quality,scored,3
PURE_062,proposed_method,llm_expert_2,contingent_responsiveness,scored,4
PURE_062,sparkme,llm_expert_2,local_coherence,scored,3
PURE_062,sparkme,llm_expert_2,transition_quality,scored,3
PURE_062,sparkme,llm_expert_2,contingent_responsiveness,scored,3
PURE_063,hashimoto,llm_expert_2,local_coherence,scored,2
PURE_063,hashimoto,llm_expert_2,transition_quality,scored,2
PURE_063,hashimoto,llm_expert_2,contingent_responsiveness,scored,2
PURE_063,llmrei-long,llm_expert_2,local_coherence,scored,3
PURE_063,llmrei-long,llm_expert_2,transition_quality,scored,3
PURE_063,llmrei-long,llm_expert_2,contingent_responsiveness,scored,4
PURE_063,proposed_method,llm_expert_2,local_coherence,scored,4
PURE_063,proposed_method,llm_expert_2,transition_quality,scored,3
PURE_063,proposed_method,llm_expert_2,contingent_responsiveness,scored,4
PURE_063,sparkme,llm_expert_2,local_coherence,scored,2
PURE_063,sparkme,llm_expert_2,transition_quality,scored,2
PURE_063,sparkme,llm_expert_2,contingent_responsiveness,scored,2
PURE_064,hashimoto,llm_expert_2,local_coherence,scored,3
PURE_064,hashimoto,llm_expert_2,transition_quality,scored,2
PURE_064,hashimoto,llm_expert_2,contingent_responsiveness,scored,3
PURE_064,llmrei-long,llm_expert_2,local_coherence,scored,3
PURE_064,llmrei-long,llm_expert_2,transition_quality,scored,3
PURE_064,llmrei-long,llm_expert_2,contingent_responsiveness,scored,3
PURE_064,proposed_method,llm_expert_2,local_coherence,scored,4
PURE_064,proposed_method,llm_expert_2,transition_quality,scored,3
PURE_064,proposed_method,llm_expert_2,contingent_responsiveness,scored,3
PURE_064,sparkme,llm_expert_2,local_coherence,scored,2
PURE_064,sparkme,llm_expert_2,transition_quality,scored,2
PURE_064,sparkme,llm_expert_2,contingent_responsiveness,scored,2
PURE_065,hashimoto,llm_expert_2,local_coherence,scored,2
PURE_065,hashimoto,llm_expert_2,transition_quality,scored,2
PURE_065,hashimoto,llm_expert_2,contingent_responsiveness,scored,2
PURE_065,llmrei-long,llm_expert_2,local_coherence,scored,4
PURE_065,llmrei-long,llm_expert_2,transition_quality,scored,3
PURE_065,llmrei-long,llm_expert_2,contingent_responsiveness,scored,3
PURE_065,proposed_method,llm_expert_2,local_coherence,scored,4
PURE_065,proposed_method,llm_expert_2,transition_quality,scored,4
PURE_065,proposed_method,llm_expert_2,contingent_responsiveness,scored,4
PURE_065,sparkme,llm_expert_2,local_coherence,scored,2
PURE_065,sparkme,llm_expert_2,transition_quality,scored,2
PURE_065,sparkme,llm_expert_2,contingent_responsiveness,scored,2
PURE_066,hashimoto,llm_expert_2,local_coherence,scored,3
PURE_066,hashimoto,llm_expert_2,transition_quality,scored,2
PURE_066,hashimoto,llm_expert_2,contingent_responsiveness,scored,3
PURE_066,llmrei-long,llm_expert_2,local_coherence,scored,4
PURE_066,llmrei-long,llm_expert_2,transition_quality,scored,3
PURE_066,llmrei-long,llm_expert_2,contingent_responsiveness,scored,3
PURE_066,proposed_method,llm_expert_2,local_coherence,scored,4
PURE_066,proposed_method,llm_expert_2,transition_quality,scored,4
PURE_066,proposed_method,llm_expert_2,contingent_responsiveness,scored,4
PURE_066,sparkme,llm_expert_2,local_coherence,scored,3
PURE_066,sparkme,llm_expert_2,transition_quality,scored,4
PURE_066,sparkme,llm_expert_2,contingent_responsiveness,scored,3
PURE_067,hashimoto,llm_expert_2,local_coherence,scored,3
PURE_067,hashimoto,llm_expert_2,transition_quality,scored,2
PURE_067,hashimoto,llm_expert_2,contingent_responsiveness,scored,2
PURE_067,llmrei-long,llm_expert_2,local_coherence,scored,4
PURE_067,llmrei-long,llm_expert_2,transition_quality,scored,3
PURE_067,llmrei-long,llm_expert_2,contingent_responsiveness,scored,3
PURE_067,proposed_method,llm_expert_2,local_coherence,scored,4
PURE_067,proposed_method,llm_expert_2,transition_quality,scored,3
PURE_067,proposed_method,llm_expert_2,contingent_responsiveness,scored,4
PURE_067,sparkme,llm_expert_2,local_coherence,scored,3
PURE_067,sparkme,llm_expert_2,transition_quality,scored,4
PURE_067,sparkme,llm_expert_2,contingent_responsiveness,scored,3
PURE_068,hashimoto,llm_expert_2,local_coherence,scored,3
PURE_068,hashimoto,llm_expert_2,transition_quality,scored,3
PURE_068,hashimoto,llm_expert_2,contingent_responsiveness,scored,3
PURE_068,llmrei-long,llm_expert_2,local_coherence,scored,3
PURE_068,llmrei-long,llm_expert_2,transition_quality,scored,3
PURE_068,llmrei-long,llm_expert_2,contingent_responsiveness,scored,3
PURE_068,proposed_method,llm_expert_2,local_coherence,scored,4
PURE_068,proposed_method,llm_expert_2,transition_quality,scored,4
PURE_068,proposed_method,llm_expert_2,contingent_responsiveness,scored,4
PURE_068,sparkme,llm_expert_2,local_coherence,scored,3
PURE_068,sparkme,llm_expert_2,transition_quality,scored,3
PURE_068,sparkme,llm_expert_2,contingent_responsiveness,scored,3
PURE_069,hashimoto,llm_expert_2,local_coherence,scored,2
PURE_069,hashimoto,llm_expert_2,transition_quality,scored,2
PURE_069,hashimoto,llm_expert_2,contingent_responsiveness,scored,2
PURE_069,llmrei-long,llm_expert_2,local_coherence,scored,2
PURE_069,llmrei-long,llm_expert_2,transition_quality,scored,2
PURE_069,llmrei-long,llm_expert_2,contingent_responsiveness,scored,2
PURE_069,proposed_method,llm_expert_2,local_coherence,scored,4
PURE_069,proposed_method,llm_expert_2,transition_quality,scored,3
PURE_069,proposed_method,llm_expert_2,contingent_responsiveness,scored,3
PURE_069,sparkme,llm_expert_2,local_coherence,scored,3
PURE_069,sparkme,llm_expert_2,transition_quality,scored,3
PURE_069,sparkme,llm_expert_2,contingent_responsiveness,scored,3
