method_id,minimum_depth,n_cases,mean_case_fraction,ci95_low,ci95_high
hashimoto,1,69,1.0,1.0,1.0
hashimoto,2,69,0.33108080908780413,0.29444302462453303,0.3695081200952052
hashimoto,3,69,0.09078924475470591,0.06858548681318904,0.1135401614793822
hashimoto,4,69,0.033330330895496675,0.02185285392417409,0.04589300277527196
hashimoto,5,69,0.01803946256788046,0.010142074282864661,0.02682573993197328
hashimoto,6,69,0.01349919474458024,0.0068838524352630845,0.020903515031800376
hashimoto,7,69,0.008605780475745324,0.003993785200854363,0.013778444676925827
hashimoto,8,69,0.005773205535145448,0.0018719806763285022,0.01030802188203273
hashimoto,9,69,0.0027538818636478634,0.00046750818139317435,0.005744293844980344
hashimoto,10,69,0.001991105357164263,0.0,0.004570791527313266
hashimoto,11,69,0.0014336917562724014,0.0,0.0038335670874240302
hashimoto,12,69,0.0014336917562724014,0.0,0.0038335670874240302
hashimoto,13,69,0.0014336917562724014,0.0,0.0038335670874240302
hashimoto,14,69,0.00046750818139317435,0.0,0.001402524544179523
hashimoto,15,69,0.00046750818139317435,0.0,0.001402524544179523
hashimoto,16,69,0.00046750818139317435,0.0,0.001402524544179523
hashimoto,17,69,0.0,0.0,0.0
hashimoto,18,69,0.0,0.0,0.0
llmrei-long,1,69,1.0,1.0,1.0
llmrei-long,2,69,0.28220912244626456,0.25507529400057954,0.3092337098544226
llmrei-long,3,69,0.08687745797575101,0.07079634921914114,0.10424402318988006
llmrei-long,4,69,0.03465878273459774,0.023947822675671932,0.046506304974705086
llmrei-long,5,69,0.014826038700554533,0.008734872769490615,0.021406777424810453
llmrei-long,6,69,0.010084788910776375,0.005148582506992117,0.015448715855939014
llmrei-long,7,69,0.005434129374533314,0.0016376580449806995,0.009848928293983511
llmrei-long,8,69,0.004521109010712035,0.000966183574879227,0.008732802982566684
llmrei-long,9,69,0.002830287754673388,0.0,0.006558496114261709
llmrei-long,10,69,0.0012339844570468388,0.0,0.0030980886368409993
llmrei-long,11,69,0.0,0.0,0.0
llmrei-long,12,69,0.0,0.0,0.0
llmrei-long,13,69,0.0,0.0,0.0
llmrei-long,14,69,0.0,0.0,0.0
llmrei-long,15,69,0.0,0.0,0.0
llmrei-long,16,69,0.0,0.0,0.0
llmrei-long,17,69,0.0,0.0,0.0
llmrei-long,18,69,0.0,0.0,0.0
sparkme,1,69,1.0,1.0,1.0
sparkme,2,69,0.4721012682335244,0.4543696625877502,0.4899866514159075
sparkme,3,69,0.16100355210181663,0.14757326668038,0.17474537209440782
sparkme,4,69,0.06615359183414928,0.05589434476421174,0.07658039103531242
sparkme,5,69,0.03587886347491909,0.028979094474945746,0.04309999244814323
sparkme,6,69,0.021077008004490822,0.01614953882288873,0.026180320703043623
sparkme,7,69,0.012560383710293662,0.00910547561545698,0.01626707591260968
sparkme,8,69,0.0073197181170918295,0.00500483896243475,0.009781056322078433
sparkme,9,69,0.004846985292700592,0.002995560995701299,0.006881010180203295
sparkme,10,69,0.0025723972596228147,0.0012058745910442173,0.004125610243851621
sparkme,11,69,0.0015296744784627004,0.0004102813027298153,0.0029056346525041005
sparkme,12,69,0.0015296744784627004,0.0004102813027298153,0.0029056346525041005
sparkme,13,69,0.0008747878313095705,0.0,0.0020498759629194413
sparkme,14,69,0.0008747878313095705,0.0,0.0020498759629194413
sparkme,15,69,0.00039169604386995695,0.0,0.0011750881316098707
sparkme,16,69,0.00039169604386995695,0.0,0.0011750881316098707
sparkme,17,69,0.0,0.0,0.0
sparkme,18,69,0.0,0.0,0.0
proposed_method,1,69,1.0,1.0,1.0
proposed_method,2,69,0.47549258089838925,0.4580693266335808,0.49283387331908163
proposed_method,3,69,0.2023759526048659,0.18996143304170454,0.2150685400904829
proposed_method,4,69,0.09153380482690865,0.08222920756415074,0.10108472042277183
proposed_method,5,69,0.05242421690165227,0.0456433504103173,0.059711873690721805
proposed_method,6,69,0.030986330850562318,0.02585706224899511,0.03626149627016665
proposed_method,7,69,0.01992718162807642,0.015759462097234802,0.02418996296900718
proposed_method,8,69,0.01224767100386189,0.00917784837697031,0.015539212566613069
proposed_method,9,69,0.007971789097677283,0.005595302743457772,0.010548753321049894
proposed_method,10,69,0.00454620159112879,0.0028775020184505134,0.006374777949778582
proposed_method,11,69,0.0038527648146052056,0.0022884687893594924,0.005522164880608484
proposed_method,12,69,0.0025760164427137406,0.0013460560298229635,0.003908391812016303
proposed_method,13,69,0.0017193229948984426,0.00065359477124183,0.0029234812886507256
proposed_method,14,69,0.0007016333103289625,0.0,0.0015873015873015873
proposed_method,15,69,0.00025879917184265007,0.0,0.0007763975155279503
proposed_method,16,69,0.00025879917184265007,0.0,0.0007763975155279503
proposed_method,17,69,0.00025879917184265007,0.0,0.0007763975155279503
proposed_method,18,69,0.00025879917184265007,0.0,0.0007763975155279503
