threshold,method_id,n_cases,median,q1,q3,min,max
0.45,hashimoto,69,17.0,8.0,22.0,4,41
0.45,llmrei-long,69,23.0,18.0,31.0,8,69
0.45,sparkme,69,74.0,61.0,89.0,40,118
0.45,proposed_method,69,88.0,71.0,103.0,38,164
0.5,hashimoto,69,14.0,7.0,19.0,4,31
0.5,llmrei-long,69,20.0,15.0,25.0,8,57
0.5,sparkme,69,55.0,47.0,68.0,32,93
0.5,proposed_method,69,65.0,56.0,79.0,29,124
0.55,hashimoto,69,12.0,6.0,15.0,3,25
0.55,llmrei-long,69,16.0,12.0,21.0,5,41
0.55,sparkme,69,40.0,35.0,48.0,20,72
0.55,proposed_method,69,47.0,41.0,55.0,19,93
