conversation_id,source_types,repo_name_count,developer_prompt_count,solution_anchor_turn,artifact_context_confirmed_count,artifact_context_unclear_count,later_unit_count,lsri_count,eeo_yes_count,eeo_uncertain_count,eeo_no_count,revised_count,extended_count,no_uptake_count,insufficient_evidence_count
0007ffc11dbc84a8f73f,issue,1,8,A0001,1,0,4,2,2,0,0,2,0,0,0
001f107956e7f8a6fbb3,pr,1,3,A0002,1,0,1,0,0,0,0,0,0,0,0
00449030132a09b93e19,issue,1,4,A0001,1,0,2,2,2,0,0,0,2,0,0
0051cf02b9b3fc45c730,issue,1,3,A0001,1,0,1,0,0,0,0,0,0,0,0
007918a67b74a9a256d6,issue,1,4,A0001,1,0,1,1,1,0,0,0,1,0,0
00e20dd71794679f0520,pr,1,6,A0001,0,1,5,1,1,0,0,0,1,0,0
01869f77ba66147c5d34,issue,1,2,A0001,0,1,6,1,1,0,0,0,1,0,0
02eab8423d2973a53f8f,issue,1,2,A0001,1,0,1,1,1,0,0,0,0,1,0
032f7e9e8e605fd955e7,issue,1,11,A0006,1,0,1,0,0,0,0,0,0,0,0
03b4b96b6fdf0c2bc302,pr,1,3,A0001,1,0,1,0,0,0,0,0,0,0,0
04386dde535a46be29ad,issue,1,9,A0001,0,1,10,6,4,0,2,4,1,1,0
047b3f6eeb868590fe5d,issue,1,16,A0001,0,1,58,14,13,0,1,6,5,3,0
051c6eea1bcd43734389,issue,1,8,A0001,0,1,3,0,0,0,0,0,0,0,0
05967ca49c7209b02578,issue,1,3,A0001,1,0,3,0,0,0,0,0,0,0,0
05e27f2cc5c81fd2246a,issue,1,2,A0001,1,0,1,0,0,0,0,0,0,0,0
0617079993d094e34868,issue,1,3,A0001,1,0,3,0,0,0,0,0,0,0,0
0722065ecf002cc7146f,issue,1,2,A0001,2,0,2,2,2,0,0,2,0,0,0
0841308473611bbdd8db,pr,1,10,A0002,0,1,18,18,17,0,1,18,0,0,0
0ac5729e7ab8ae3867c0,issue,1,40,A0001,0,1,71,62,28,27,7,33,26,3,0
0ae61631ce6b0e02d70a,issue,1,11,A0001,0,1,7,3,2,0,1,3,0,0,0
0c738103399514a71085,issue,1,2,A0001,0,1,1,0,0,0,0,0,0,0,0
0c78958e3723030e963a,issue,1,6,A0001,1,0,6,4,3,0,1,0,3,1,0
0d638b0ad29fc29dd835,pr,1,3,A0001,1,0,2,1,1,0,0,0,1,0,0
0e2fa1b6eba751be6398,issue,1,4,A0001,1,0,2,0,0,0,0,0,0,0,0
0e839f780feabf718946,pr,1,2,A0001,1,0,2,1,1,0,0,0,1,0,0
0ec3091cd5247de51ef1,pr,1,2,A0001,1,0,3,0,0,0,0,0,0,0,0
0f074ea8c51f958d22f5,pr,1,9,A0002,0,1,18,17,6,11,0,0,13,4,0
0fd309bef43d9892b13f,issue,1,5,A0001,1,0,4,2,2,0,0,2,0,0,0
10a8a8f3b7accd8e4f44,issue,1,5,A0001,1,0,2,1,1,0,0,0,1,0,0
10d7c5c7e6751d0bcd60,pr,1,22,A0001,0,1,12,11,11,0,0,2,8,1,0
111c5f4a47f7734216f1,issue,1,3,A0001,1,0,5,4,4,0,0,4,0,0,0
11f1341d468699ff7618,pr,1,3,A0001,1,0,1,0,0,0,0,0,0,0,0
11f70aff177ff0e710cf,issue,1,2,A0001,1,0,1,0,0,0,0,0,0,0,0
11fecdedd5717ebc5a59,issue,1,3,A0001,1,0,3,2,1,1,0,0,1,1,0
1285167570fa26b30bb6,issue,1,4,A0002,0,1,27,21,13,8,0,2,0,19,0
13671c633236bc45468c,issue,1,3,A0001,2,0,11,10,10,0,0,0,8,2,0
149f622542fc4f57b8d4,pr,1,26,A0005,1,0,21,13,5,5,3,4,7,2,0
1536c29644b9dd3e269f,pr,1,49,A0001,0,1,110,102,8,50,44,20,73,9,0
156391b3bd04072c0b6a,issue,1,5,A0004,1,0,1,0,0,0,0,0,0,0,0
16a353545b629009f867,issue,1,2,A0001,1,0,2,1,1,0,0,0,1,0,0
173910edbd2e84b8caa3,pr,1,2,A0001,0,1,1,0,0,0,0,0,0,0,0
17656fcf1b4cd32a9f23,issue,1,2,A0001,1,0,1,0,0,0,0,0,0,0,0
1913751e5530dff602b6,issue,1,3,A0001,0,4,3,1,0,0,1,0,1,0,0
191b473f6a6c91308cad,issue,1,9,A0001,0,1,6,1,1,0,0,1,0,0,0
19cd9c498b5d8e7c1692,issue,1,4,A0001,1,0,2,1,1,0,0,1,0,0,0
19ff0e523033fa84e43a,issue,1,2,A0001,0,1,2,0,0,0,0,0,0,0,0
1a1f7bedf2a6e1781d9d,issue,1,3,A0001,1,0,2,0,0,0,0,0,0,0,0
1a2acb7f465e4c717781,issue,1,5,A0001,1,0,7,0,0,0,0,0,0,0,0
1a6edce142523d14079a,issue,1,3,A0001,0,1,2,0,0,0,0,0,0,0,0
1ac0ad13e0ab8dcf8395,issue,1,2,A0001,1,0,1,0,0,0,0,0,0,0,0
1ac5293f872b6bfced2a,issue,1,2,A0001,1,0,1,0,0,0,0,0,0,0,0
1b20940ccf281e7387c6,pr,1,13,A0001,1,0,5,3,3,0,0,2,0,1,0
1b328e477024290d9586,issue,1,2,A0001,0,1,1,0,0,0,0,0,0,0,0
1b6f36e762c1869f9bdd,pr,1,4,A0001,1,0,4,3,3,0,0,1,2,0,0
1bb5d176518e8ce64d7b,issue,1,9,A0001,0,1,8,6,3,0,3,0,6,0,0
1bc3c757b78eda9039fe,issue,1,4,A0001,1,0,4,2,2,0,0,1,1,0,0
1bcd223ce20071c28853,pr,1,3,A0002,1,0,1,0,0,0,0,0,0,0,0
1db4846347fa32fbb40d,pr,1,4,A0002,2,0,1,1,1,0,0,1,0,0,0
1e74be9dee90fa574574,issue,1,12,A0010,0,1,1,1,1,0,0,0,0,1,0
1f181eb23140fd7ce988,issue,1,7,A0001,1,0,13,9,9,0,0,5,4,0,0
1fa48e5377eb50784691,issue,1,22,A0001,1,0,31,24,7,16,1,14,10,0,0
1fcf1bc1e4a34864b81b,issue,1,13,A0010,1,0,2,0,0,0,0,0,0,0,0
200187186abe53c7da97,pr,1,7,A0001,1,0,2,0,0,0,0,0,0,0,0
2166a94b22e778184354,pr,1,10,A0004,1,0,2,1,1,0,0,0,1,0,0
21ba400033f940736da7,issue,1,2,A0001,1,0,1,0,0,0,0,0,0,0,0
21dcaa82687c03b17d8e,issue,1,2,A0001,1,0,1,0,0,0,0,0,0,0,0
22bb188296d6896363b3,issue,1,12,A0005,1,0,12,3,3,0,0,3,0,0,0
23ef58b3bc3423fdf5ef,issue,1,3,A0001,0,1,2,0,0,0,0,0,0,0,0
24069ad3c347aca2d3bd,issue,1,15,A0005,1,0,4,2,2,0,0,0,2,0,0
24881325fec0cdd36c81,issue,1,19,A0001,0,1,39,37,30,6,1,24,10,3,0
24e33a6c1f8d00b47b9b,pr,1,2,A0001,1,0,4,1,1,0,0,0,1,0,0
250e8625e5d0c519c310,issue,1,2,A0001,1,0,2,0,0,0,0,0,0,0,0
260dc52805551545de8f,pr,1,2,A0001,0,1,2,0,0,0,0,0,0,0,0
27008585aa431df24fd6,issue,1,10,A0001,1,0,6,4,4,0,0,1,2,1,0
2789df3f4bec1762982d,issue,1,3,A0001,1,0,3,2,2,0,0,0,2,0,0
290c3b6dce5e1c6e7102,pr,1,20,A0001,0,1,22,19,16,0,3,5,13,1,0
29304bac4a08a622d2d9,pr,1,4,A0001,1,0,1,0,0,0,0,0,0,0,0
294cadc2180b9d36a9de,issue,1,3,A0002,1,0,1,0,0,0,0,0,0,0,0
2a016c430f829bba1be0,issue,1,3,A0001,1,0,2,1,1,0,0,0,1,0,0
2a9ba57c4873b43badd2,issue,1,6,A0001,0,1,7,7,2,5,0,5,2,0,0
2a9d5a5011cc763c1458,issue,1,2,A0001,1,0,1,0,0,0,0,0,0,0,0
2ab312293d7e488a7607,issue,1,2,A0001,0,1,3,3,3,0,0,2,1,0,0
2b94ebf834e8eaacef2f,issue,1,4,A0001,0,1,3,0,0,0,0,0,0,0,0
2ba0351753850cdf66ec,issue,1,3,A0001,1,0,1,0,0,0,0,0,0,0,0
2d2e7667e40b0a3010b3,pr,1,51,A0001,1,0,52,34,1,24,9,13,19,2,0
2d3a8a612611a78d9f0a,pr,1,6,A0001,0,1,14,8,8,0,0,1,7,0,0
2d65ecaedcde31172e16,issue,1,5,A0004,0,1,1,1,1,0,0,0,0,1,0
2da7172aed2ca03988ee,issue,1,4,A0002,0,1,1,1,1,0,0,1,0,0,0
2dbeace61dd4097e0585,issue,1,2,A0001,1,0,2,2,2,0,0,0,2,0,0
2def73be2f933a87ba81,pr,1,5,A0001,1,0,5,2,2,0,0,0,2,0,0
2e7bc647917b3a76826a,issue,1,2,A0001,1,0,4,3,3,0,0,3,0,0,0
2f16ef1916f258d99df2,pr,1,2,A0001,1,0,1,0,0,0,0,0,0,0,0
2fcde0b7cc28538d5e08,issue,1,27,A0003,1,0,25,23,23,0,0,0,23,0,0
2fe15de034436eb519f9,pr,2,2,A0001,1,1,2,0,0,0,0,0,0,0,0
2fe6a173fc52150b5cbd,pr,1,2,A0001,1,0,1,0,0,0,0,0,0,0,0
2febe91686384eb45c9a,issue,1,2,A0001,1,0,1,0,0,0,0,0,0,0,0
301ab770bd93992332f8,issue,1,7,A0001,0,1,10,1,0,1,0,1,0,0,0
306a8fa31a8e922ba406,issue,1,9,A0001,1,0,4,1,1,0,0,0,1,0,0
307d32c6ba878c9c46fa,pr,1,6,A0005,0,1,2,0,0,0,0,0,0,0,0
327f806a4d829ab212fd,issue,1,14,A0002,0,1,8,3,2,0,1,1,0,2,0
3286ecfef699146c3ed8,pr,1,19,A0001,0,1,15,5,2,0,3,5,0,0,0
331a4d428f65dc2809ed,issue,1,3,A0002,0,2,1,1,1,0,0,0,1,0,0
33f4e9d81fbf0935b014,pr,1,5,A0001,0,1,1,0,0,0,0,0,0,0,0
34a476a2b5f6e2060169,pr,1,3,A0001,1,0,1,0,0,0,0,0,0,0,0
34c82ac71ca879277fef,pr,1,7,A0001,0,1,15,15,13,0,2,7,3,5,0
34cb2b63f7ce963ba769,issue,1,3,A0001,1,0,2,2,2,0,0,0,2,0,0
35b56ba3bcd6ad9549c8,issue,1,10,A0001,0,1,36,35,0,33,2,10,16,9,0
369cff7d040242e2db36,issue,1,2,A0001,1,0,2,0,0,0,0,0,0,0,0
3778fee3fbd2ed2c739a,issue,1,4,A0002,0,1,1,0,0,0,0,0,0,0,0
379e45c5198f61af0137,issue,1,6,A0001,0,1,2,1,0,0,1,1,0,0,0
39992440139aadc9bfc4,issue,1,4,A0001,1,0,3,2,2,0,0,0,2,0,0
39db3aef8087e241b10e,pr,1,8,A0001,1,0,17,8,0,8,0,4,4,0,0
3af4aecd23bc5c12e8cc,issue,1,2,A0001,1,0,1,0,0,0,0,0,0,0,0
3b1272e8f135ef8ef896,issue,1,10,A0001,1,0,4,3,3,0,0,1,2,0,0
3b5144fb4129f2c3be8d,issue,1,41,A0037,0,1,2,0,0,0,0,0,0,0,0
3c40ee9119e0565f0d57,issue,1,12,A0001,0,4,29,16,2,5,9,0,5,11,0
3c8d8d2bf6392529b607,issue,1,3,A0001,1,0,5,1,1,0,0,0,1,0,0
3ca1e0b66182531189f1,issue,1,11,A0001,0,1,12,5,3,0,2,0,3,2,0
3ceac7c8caa7618e0578,issue,1,3,A0001,0,1,1,0,0,0,0,0,0,0,0
3db5e2b3396b2f44baf6,pr,1,2,A0001,0,1,1,0,0,0,0,0,0,0,0
3e013a2b279aa7c73787,pr,1,5,A0001,1,0,5,0,0,0,0,0,0,0,0
3e3cd1cd2b766adfa568,issue,1,2,A0001,1,0,1,0,0,0,0,0,0,0,0
3eca57e20c11ab2603c1,pr,1,3,A0001,0,1,2,1,0,1,0,1,0,0,0
3ed9779393c05de52a7b,issue,1,3,A0001,1,0,3,0,0,0,0,0,0,0,0
40357b8f524e11b9cd04,issue,1,4,A0001,1,0,3,2,2,0,0,1,1,0,0
409d3ab59576fd704757,issue,1,4,A0001,0,1,1,0,0,0,0,0,0,0,0
413c4585b4660a7dae05,pr,1,2,A0001,1,0,1,1,1,0,0,0,1,0,0
4188803e0b4aceb7ad47,issue,1,4,A0002,1,0,1,0,0,0,0,0,0,0,0
41f0bca4461a0b39855f,issue,1,11,A0007,1,0,1,0,0,0,0,0,0,0,0
42df4a9a6388d580aa09,pr,1,4,A0001,1,0,3,0,0,0,0,0,0,0,0
43bf6891ede6281a0a67,pr,1,5,A0002,1,0,3,0,0,0,0,0,0,0,0
43c6a1e26985abb8f33c,issue,1,4,A0001,2,0,1,0,0,0,0,0,0,0,0
4469c77251105c287d87,pr,1,13,A0002,0,1,11,8,5,0,3,4,4,0,0
44c7b7374bde37a95324,issue,1,4,A0001,0,1,6,2,1,0,1,2,0,0,0
44daa4e9d8a452713f97,issue,1,2,A0001,0,1,1,1,1,0,0,1,0,0,0
45a139c9a2b7a08592a8,issue,1,2,A0001,0,1,2,2,2,0,0,0,2,0,0
4631a8440dc54f43ba61,issue,1,2,A0001,1,0,3,2,2,0,0,0,2,0,0
470483512f746f1cfcca,issue,1,2,A0001,1,0,1,0,0,0,0,0,0,0,0
47ce33bb5a06eaf6f690,issue,1,6,A0001,1,0,5,4,3,1,0,2,2,0,0
4812b4e28aa4a423cc3b,pr,1,4,A0001,0,1,6,5,3,0,2,5,0,0,0
483cfc85a7ab774c7810,issue,1,5,A0001,0,1,3,2,2,0,0,0,2,0,0
488c525b5db9e3489003,issue,1,24,A0001,0,1,54,37,14,17,6,19,1,17,0
49a5c920fe6f3831a144,issue,1,5,A0001,0,1,3,0,0,0,0,0,0,0,0
49c8dc3fddd9966e9ad3,issue,1,4,A0001,1,0,2,0,0,0,0,0,0,0,0
4a5ddd309835956c62d3,issue,1,2,A0001,1,0,2,0,0,0,0,0,0,0,0
4ae2a25ef56e69a68566,issue,1,3,A0001,1,0,2,0,0,0,0,0,0,0,0
4afd25e1cbc38615f13e,pr,1,7,A0002,1,0,2,1,1,0,0,1,0,0,0
4b095494f64513b46f84,issue,1,12,A0001,1,0,10,10,10,0,0,2,1,0,7
4b4628540ba28601139c,issue,1,2,A0001,2,0,2,1,1,0,0,1,0,0,0
4be1056e0e085dc3219a,issue,1,14,A0001,1,0,27,27,5,1,21,23,2,2,0
4c4a57705556446793c8,pr,1,3,A0001,1,0,2,0,0,0,0,0,0,0,0
4c573c4bf9557102e8c6,issue,1,4,A0001,1,0,21,7,5,0,2,0,0,7,0
4d1e985832514db2e801,issue,1,5,A0002,1,0,1,0,0,0,0,0,0,0,0
4d897213d0ba7676c143,pr,1,2,A0001,1,0,2,0,0,0,0,0,0,0,0
4d9d62a69a172c0a7557,issue,1,2,A0001,1,0,3,2,2,0,0,1,1,0,0
4e996b26a3f2ed4d2624,pr,1,5,A0001,1,0,4,0,0,0,0,0,0,0,0
4ebf682a012ba80f5270,pr,1,2,A0001,1,0,1,1,1,0,0,1,0,0,0
4ef1190e73ca22207b2a,issue,1,9,A0001,0,1,2,0,0,0,0,0,0,0,0
4efee51d66221e461ebe,issue,1,2,A0001,1,0,3,3,3,0,0,1,2,0,0
4f3e1e623c99c18435bb,issue,1,5,A0001,1,0,2,1,1,0,0,0,1,0,0
4f6d42dceec4fdfb7e7c,issue,1,5,A0001,1,0,2,0,0,0,0,0,0,0,0
5103d92ecbf695b7156a,issue,1,2,A0001,0,1,3,2,2,0,0,1,1,0,0
511be7a4f87c50deb5ee,issue,1,5,A0001,1,0,9,7,7,0,0,4,1,2,0
51c94d0ed8d0e2709d7d,issue,1,11,A0009,1,0,1,0,0,0,0,0,0,0,0
5210ac38b16e0067985d,issue,1,2,A0001,1,0,3,0,0,0,0,0,0,0,0
52b42302d35daffbb06c,issue,1,8,A0002,1,0,6,2,2,0,0,2,0,0,0
5446bbf27042d90ad1c8,issue,1,4,A0002,0,1,2,0,0,0,0,0,0,0,0
545e1f4de9ce76dc3dcc,issue,1,3,A0001,0,1,3,0,0,0,0,0,0,0,0
549969d27af68b8df37e,issue,1,2,A0001,1,0,3,0,0,0,0,0,0,0,0
54af0a1c76d0d381f868,pr,1,2,A0001,0,1,2,1,1,0,0,0,1,0,0
54bae6090d74ee4556b5,issue,1,3,A0001,1,0,5,3,3,0,0,3,0,0,0
555d52472a8c1dc50a87,issue,1,17,A0001,1,0,13,11,9,2,0,1,5,5,0
567f08da2c6d5c3ff63b,issue,1,6,A0001,0,1,2,1,1,0,0,1,0,0,0
5703135deb6a8e98971d,issue,1,6,A0001,1,0,9,2,1,0,1,0,2,0,0
576355516bb5b8efb8a8,issue,1,10,A0007,0,1,2,1,1,0,0,0,1,0,0
577175b2c3023af4d195,issue,1,2,A0001,1,0,1,0,0,0,0,0,0,0,0
584c3ff4ec38f51c1766,issue,1,20,A0004,0,1,21,7,1,4,2,5,1,1,0
5891ad56a864b84c156f,issue,1,9,A0002,1,0,3,1,1,0,0,0,1,0,0
58f0ef17bb35cb5ca12d,issue,1,8,A0001,1,0,4,0,0,0,0,0,0,0,0
598c1942295b7dce012a,issue,1,2,A0001,1,0,3,1,1,0,0,0,1,0,0
59b0118748ee9df8939d,pr,1,3,A0001,1,0,2,0,0,0,0,0,0,0,0
59cbf9da09218b19e22c,pr,1,4,A0001,0,1,3,0,0,0,0,0,0,0,0
5a4ef69a846f0e6b6b9e,issue,1,4,A0001,1,0,6,4,4,0,0,2,2,0,0
5ad054d3b7e243121992,pr,1,13,A0001,0,1,33,18,6,0,12,13,5,0,0
5c4a5a793c4276a1a280,issue,1,2,A0001,1,0,1,0,0,0,0,0,0,0,0
5d78bb6e4b385aada140,pr,1,2,A0001,1,0,1,0,0,0,0,0,0,0,0
5d810e1108a0885142a4,issue,1,3,A0001,1,0,2,1,1,0,0,0,1,0,0
5e7678c51c1d20e20f89,issue,1,9,A0001,0,1,29,11,3,0,8,7,3,1,0
5ebb8049b90505bc6d5d,issue,1,4,A0001,0,1,2,0,0,0,0,0,0,0,0
5f0cbf8256fd51b37f3a,issue,1,8,A0001,1,0,9,7,7,0,0,4,2,1,0
5f0db3f091c4efd4002c,issue,1,5,A0001,1,0,3,2,2,0,0,0,0,2,0
5f129410a9537a772f3e,pr,1,2,A0001,1,0,1,1,1,0,0,1,0,0,0
5f37640c36b1af0e1c2a,issue;pr,1,6,A0002,1,1,7,0,0,0,0,0,0,0,0
605849a40abb19aa0671,pr,1,2,A0001,1,0,1,0,0,0,0,0,0,0,0
61ad5317543fbf8a0f65,issue,1,4,A0001,0,1,3,1,1,0,0,0,0,1,0
61e15e66c99adca707b5,issue,1,43,A0002,1,0,64,27,7,10,10,14,6,7,0
6239d001227e2a61d834,pr,1,30,A0001,0,1,81,58,51,6,1,26,12,20,0
624aeda0758bef995c87,pr,1,2,A0001,1,1,1,0,0,0,0,0,0,0,0
625f8b90e43a4dd9c607,pr,1,2,A0001,0,1,1,0,0,0,0,0,0,0,0
62ee8efc33d10d48d815,pr,1,2,A0001,1,0,1,0,0,0,0,0,0,0,0
630a972a82b8ee6e32c3,issue,1,2,A0001,1,0,1,0,0,0,0,0,0,0,0
630ba0ac2e912095e039,issue,1,3,A0001,1,0,3,0,0,0,0,0,0,0,0
6319a9f77f49b5855910,issue,1,2,A0001,1,0,1,0,0,0,0,0,0,0,0
646128410c1007adc9c9,pr,1,8,A0001,0,1,7,0,0,0,0,0,0,0,0
64c249fa6d020306f50a,issue,1,4,A0003,1,0,1,0,0,0,0,0,0,0,0
6627f8e0b42d323b8065,pr,1,3,A0001,1,0,3,2,2,0,0,2,0,0,0
6680d19a417118614b13,issue,1,11,A0002,1,0,6,1,1,0,0,0,0,1,0
6717bcd415a10cf91d01,pr,1,5,A0001,0,1,11,10,10,0,0,9,1,0,0
671f9673202b9c2b2cac,issue,1,7,A0002,1,0,1,1,1,0,0,0,1,0,0
6795f565762c121400b3,issue,1,11,A0001,1,0,12,5,4,0,1,5,0,0,0
679faeb258df902d6eb2,pr,1,4,A0002,1,0,7,6,6,0,0,5,1,0,0
67af94f5dc11a0cca81f,pr,1,6,A0001,0,1,5,0,0,0,0,0,0,0,0
67ca4453172f6f02d451,issue,1,8,A0001,1,0,4,1,1,0,0,0,1,0,0
684c8d4f7c360bade3cf,issue,1,109,A0001,1,0,140,83,17,8,58,59,20,4,0
68ebd8ccf7ccaa8d6542,issue,1,3,A0001,1,0,2,0,0,0,0,0,0,0,0
698741a6a04bbaa455ef,issue,1,8,A0001,0,1,14,11,11,0,0,2,7,2,0
6a22df7ce14e010b728a,issue,1,5,A0001,0,1,10,5,5,0,0,3,0,2,0
6a874aaaa2a377eab8a2,issue,1,10,A0005,1,0,44,29,27,2,0,5,2,22,0
6abec96e953b9100f393,pr,1,3,A0001,0,1,2,1,1,0,0,0,1,0,0
6c09d4e9a37b72cb5327,pr,1,2,A0001,1,0,2,1,1,0,0,1,0,0,0
6c21306ce0326386772c,issue,1,2,A0001,1,0,4,2,2,0,0,2,0,0,0
6cacbafcbf6e5388837e,issue,1,3,A0001,1,0,9,7,0,7,0,0,7,0,0
6cb30e2ccebe730ee6fc,pr,1,4,A0003,0,1,2,0,0,0,0,0,0,0,0
6d02ee339c4a9209ba82,issue,1,6,A0005,1,0,2,0,0,0,0,0,0,0,0
6da7d6cd4634b642df5c,issue,1,6,A0001,2,0,1,0,0,0,0,0,0,0,0
6e3accd18f6598775b47,issue,1,3,A0001,0,1,2,0,0,0,0,0,0,0,0
6ee3358c4456be03bd20,issue,1,3,A0001,0,1,2,0,0,0,0,0,0,0,0
6f30169aa7be8b92a827,issue,1,2,A0001,1,0,2,1,1,0,0,0,1,0,0
6f491a49440390e04753,issue,1,3,A0001,1,0,1,1,1,0,0,0,1,0,0
6f7ed705d3ce11108ded,issue,1,2,A0001,1,0,1,1,0,0,1,1,0,0,0
70035d85edb77d5c9d96,pr,1,2,A0001,1,0,2,0,0,0,0,0,0,0,0
70662a15bbc76873120e,issue,1,4,A0001,0,1,1,0,0,0,0,0,0,0,0
70be34ed25f54dd06e03,issue,1,3,A0001,1,0,2,1,1,0,0,0,1,0,0
7201b6f85ddde2848b3b,issue,1,5,A0001,0,1,2,0,0,0,0,0,0,0,0
7296401257412dacdce9,issue,1,12,A0001,0,1,18,14,0,11,3,8,6,0,0
73101f50f785ee5d4593,issue,1,4,A0001,1,0,5,3,3,0,0,0,1,2,0
732823d25c39a364623d,pr,1,10,A0002,0,2,7,6,6,0,0,1,5,0,0
73419535762793a82822,pr,1,8,A0002,1,0,5,2,2,0,0,2,0,0,0
738ceb383a74448985a4,issue,1,4,A0001,1,0,3,0,0,0,0,0,0,0,0
738d67f16e62b55e2bd5,pr,1,4,A0001,1,0,2,1,1,0,0,0,1,0,0
7490c486b89f631a4948,issue,1,17,A0001,0,1,14,9,5,2,2,7,1,1,0
74c8022626e80f4a3737,pr,1,8,A0001,1,0,7,3,3,0,0,3,0,0,0
75138c8bb0ae86a50eb1,pr,1,18,A0002,0,1,26,22,17,0,5,18,4,0,0
75cf8f2dcc06469d5edd,issue,1,17,A0001,1,0,16,12,2,5,5,3,9,0,0
75fa1afbda41a91b7e1e,issue,1,28,A0001,0,1,52,49,14,7,28,31,14,4,0
763392461bdee4391757,pr,1,2,A0001,1,0,1,0,0,0,0,0,0,0,0
76bd21da00f0e59e5fd8,issue,1,4,A0001,1,0,7,4,1,3,0,3,0,1,0
76e0ba82e715edb66a2e,pr,1,14,A0009,0,1,9,3,2,0,1,1,2,0,0
76eeaaeb56cfa0ecdeeb,pr,1,3,A0001,0,1,2,0,0,0,0,0,0,0,0
77053fbbf0fee9d1163f,issue,1,3,A0001,1,0,2,0,0,0,0,0,0,0,0
787f7e5cb71df36c02c6,pr,1,2,A0001,0,1,1,0,0,0,0,0,0,0,0
78da656a91a2d76e4c4d,pr,1,5,A0002,0,1,2,0,0,0,0,0,0,0,0
793d66ca5908aa05193f,pr,1,9,A0001,0,1,7,5,3,0,2,2,3,0,0
7a436d59ba1a8149d716,issue,1,7,A0001,0,4,5,2,1,0,1,1,0,1,0
7a656c01adbe7c9e29a3,issue,1,2,A0001,0,1,1,0,0,0,0,0,0,0,0
7ab0478044789a4fe945,issue,1,8,A0001,2,0,9,6,5,1,0,5,1,0,0
7ac3b85bf77cb4ed8cc5,pr,1,3,A0001,1,0,2,0,0,0,0,0,0,0,0
7b8a99f2f0ee959414d8,issue,1,3,A0001,1,0,1,0,0,0,0,0,0,0,0
7bee3dd9defd48548728,issue,1,4,A0001,0,1,4,4,4,0,0,3,1,0,0
7bf86632a8ed6a4bd32b,issue,1,2,A0001,1,0,1,0,0,0,0,0,0,0,0
7c4affaaf2e3992f86c0,issue,1,2,A0001,2,0,2,0,0,0,0,0,0,0,0
7cf2cd1d3e983d0990de,issue,1,3,A0001,1,0,4,3,3,0,0,2,1,0,0
7cf2e4268e9f7c2593df,issue,1,5,A0001,1,0,5,4,3,0,1,4,0,0,0
7d23f2851347627c5f9f,issue;pr,1,5,A0004,3,1,1,0,0,0,0,0,0,0,0
7e51ac037bcec6ec29cf,issue,1,14,A0001,1,0,17,6,4,0,2,5,1,0,0
7e60e509102d220bfff2,issue,1,2,A0001,0,1,2,0,0,0,0,0,0,0,0
7e647d45b1c18c69a6c8,pr,1,7,A0001,1,0,2,1,1,0,0,1,0,0,0
7ee86b722a303967249e,pr,1,6,A0004,1,0,0,0,0,0,0,0,0,0,0
7ef0dccaa52ba5c712de,issue,1,14,A0001,0,1,22,10,2,2,6,8,1,1,0
7f40a1ea218df13b7da4,pr,1,5,A0002,0,1,1,0,0,0,0,0,0,0,0
7fb76e49a145db5bff84,pr,1,3,A0001,0,1,2,0,0,0,0,0,0,0,0
8105eb7998cbab2930f5,pr,1,6,A0001,1,0,2,0,0,0,0,0,0,0,0
815cad5bc59d65a805c8,pr,2,4,A0001,0,2,0,0,0,0,0,0,0,0,0
8198b7c24fbefedfedb6,issue,1,4,A0001,0,3,0,0,0,0,0,0,0,0,0
81bbc7b531e2109b4f03,issue,1,8,A0001,0,1,4,2,2,0,0,2,0,0,0
8215deef3dcff15ff3c7,issue,1,2,A0001,0,1,2,1,1,0,0,1,0,0,0
8255977a2bc0c6eb917d,pr,1,7,A0001,0,1,8,8,6,0,2,7,1,0,0
82a2750b54c6b963d887,issue,1,6,A0001,1,0,11,7,5,2,0,4,3,0,0
82e2047d8cb6ec52c7c3,issue;pr,1,15,A0001,2,0,15,10,7,2,1,5,5,0,0
83054a69e66bfa60a27e,pr,1,3,A0001,1,0,1,0,0,0,0,0,0,0,0
8334243a57817f9bbd60,pr,1,2,A0001,0,1,1,0,0,0,0,0,0,0,0
83361abb20d68b7ebcc4,issue,1,2,A0001,1,0,1,1,1,0,0,1,0,0,0
83cac62490c61ea5f8f4,pr,1,7,A0002,0,1,2,1,1,0,0,1,0,0,0
83ecbe1ce6ce119e8f8a,pr,1,3,A0002,0,1,1,0,0,0,0,0,0,0,0
84ad4cb2f899e62930ae,issue,1,13,A0001,1,0,23,18,18,0,0,4,12,2,0
84f5fe422047bd315fe3,issue,1,3,A0001,1,0,2,1,1,0,0,0,0,1,0
85f4b80cec879790d740,issue,1,3,A0001,1,0,5,4,4,0,0,0,4,0,0
86848cf53653d4eb7aa8,pr,1,9,A0001,0,1,8,7,7,0,0,6,1,0,0
86dac555cdad156981cc,issue,1,4,A0002,1,0,2,0,0,0,0,0,0,0,0
86e6f65753fbfc0ebfa5,pr,1,3,A0001,0,1,5,1,1,0,0,1,0,0,0
8874c7c7a0e02f8f3f42,pr,1,14,A0001,0,1,26,23,22,1,0,19,4,0,0
88aa35fb6c65577e8d15,pr,1,6,A0001,0,1,2,0,0,0,0,0,0,0,0
88dbd7d0ce40728f6dec,pr,1,2,A0001,1,0,2,0,0,0,0,0,0,0,0
890b840d623bf900cf71,issue,1,9,A0001,0,1,3,1,1,0,0,0,0,1,0
891b2899464924a7e8f5,issue,1,4,A0001,0,2,3,0,0,0,0,0,0,0,0
89b5067df75e870c8adc,pr,1,2,A0001,0,1,2,2,2,0,0,1,1,0,0
89b934c37a0fd19ed163,pr,1,5,A0003,1,0,5,0,0,0,0,0,0,0,0
8af60737becf2ab96d1a,pr,1,21,A0001,1,0,14,8,8,0,0,3,4,1,0
8bb23a8917b78680ef01,issue,1,25,A0001,0,1,63,58,44,7,7,21,30,7,0
8cd3e91663c91cbc99fb,issue,1,3,A0001,1,0,1,0,0,0,0,0,0,0,0
8de1ec72910e43872d1c,pr,1,3,A0001,3,0,5,0,0,0,0,0,0,0,0
8e0b2e8dc3febec230fb,pr,1,3,A0002,1,0,1,0,0,0,0,0,0,0,0
8f4614ae7efd35359ab5,issue,1,5,A0001,1,0,4,0,0,0,0,0,0,0,0
8fddd10991fccf1901f7,issue,1,2,A0001,1,0,1,1,1,0,0,1,0,0,0
90adfdfd06fd4eac995d,issue,1,14,A0001,1,0,10,8,8,0,0,5,3,0,0
90e23a1c815855d00560,pr,1,2,A0001,1,0,1,0,0,0,0,0,0,0,0
90fe1268edd7455c844a,issue,1,13,A0001,0,1,26,21,0,21,0,4,6,11,0
918a38f25dccf925bc46,issue,1,46,A0001,0,1,81,54,0,16,38,25,16,13,0
920e3ab3704e2baa474a,pr,1,10,A0001,1,0,18,7,5,2,0,3,3,1,0
9371133243ba3c2339f3,issue,1,4,A0001,1,0,1,0,0,0,0,0,0,0,0
94e057a04794079e7303,issue,1,24,A0001,0,2,26,22,0,6,16,11,11,0,0
952f64788082f5685e08,issue,1,2,A0001,0,1,1,1,1,0,0,0,0,1,0
95db1033d54523f28848,issue,1,3,A0001,1,0,2,0,0,0,0,0,0,0,0
968cec8f5c58ad69fbbd,issue,1,15,A0004,0,1,4,2,1,0,1,2,0,0,0
9691e2b484ac699dd0e6,issue,1,5,A0001,2,0,4,0,0,0,0,0,0,0,0
97a774bb936f8d6c6dfc,issue,1,2,A0001,1,0,3,0,0,0,0,0,0,0,0
97c1cd1e2b8fbdba8658,issue,1,11,A0003,0,1,8,3,3,0,0,0,2,1,0
97cddf14503eb4d8f3da,issue,1,2,A0001,1,0,1,0,0,0,0,0,0,0,0
97d21d440f9d7541db40,issue,1,4,A0002,1,0,1,0,0,0,0,0,0,0,0
97e642f0e218065159e2,pr,1,3,A0001,1,0,3,0,0,0,0,0,0,0,0
981dfc8eb92635ad4b5b,issue,1,3,A0001,1,0,2,0,0,0,0,0,0,0,0
983dbd6b9c487de635d1,pr,1,3,A0001,1,0,2,0,0,0,0,0,0,0,0
99458f301d145e3a9517,issue,1,5,A0001,1,0,7,4,4,0,0,3,1,0,0
9a0b20cb79d51e61f4e5,issue,1,2,A0001,0,1,1,0,0,0,0,0,0,0,0
9a8e3d940ae75449225f,issue,1,3,A0001,0,1,2,2,2,0,0,0,2,0,0
9ae56f1f662580d90641,pr,1,6,A0001,0,1,6,3,3,0,0,2,0,1,0
9ba641aade1cd7f1c587,issue,1,3,A0001,1,0,2,0,0,0,0,0,0,0,0
9bd8538163374e852340,pr,1,4,A0002,0,1,2,0,0,0,0,0,0,0,0
9cc285699e3f0a32e0f7,issue,1,2,A0001,0,2,1,1,1,0,0,1,0,0,0
9dec916859e82eca2a74,pr,1,2,A0001,0,1,3,1,1,0,0,0,1,0,0
9e1d673bd29cec1e844e,issue,1,2,A0001,1,0,2,0,0,0,0,0,0,0,0
9f5542e42847c92bd807,pr,1,8,A0001,1,0,7,7,7,0,0,5,2,0,0
9fd05d6293123a2698e1,issue,1,8,A0001,1,0,5,3,2,0,1,3,0,0,0
9fdd7d97a72b6aa26b41,issue,1,2,A0001,1,0,3,1,1,0,0,0,1,0,0
a033f4cfdbbcf1553e80,pr,1,2,A0001,1,0,1,0,0,0,0,0,0,0,0
a0a0460bd4b2796b788b,issue,1,3,A0001,1,0,2,1,1,0,0,0,1,0,0
a0dc77bcca84aa0ae208,pr,1,2,A0001,0,1,2,0,0,0,0,0,0,0,0
a17e4395c61924766569,pr,1,5,A0003,0,1,5,0,0,0,0,0,0,0,0
a18134025f5a56824273,pr,1,4,A0001,0,1,6,1,1,0,0,1,0,0,0
a2001760132226d07f3b,issue,1,2,A0001,1,0,2,1,1,0,0,0,1,0,0
a3d4c89219974a11776c,pr,1,2,A0001,0,1,1,0,0,0,0,0,0,0,0
a3e2f28ac5bf651c65ca,issue,1,2,A0001,0,1,1,0,0,0,0,0,0,0,0
a47e577d4d87dd341cbc,pr,1,2,A0001,0,1,1,0,0,0,0,0,0,0,0
a4b69d0a84471ca34fe6,issue,1,3,A0002,0,1,1,1,1,0,0,1,0,0,0
a5f0fc9f2b9f916448b8,pr,1,2,A0001,1,0,2,1,1,0,0,0,1,0,0
a62a726993938a918452,issue,1,5,A0002,1,0,4,1,1,0,0,0,1,0,0
a68f9ac86887781a5097,issue,1,3,A0001,0,1,5,1,1,0,0,1,0,0,0
a74abc83958ea128db5c,issue,1,5,A0001,1,0,4,2,2,0,0,1,1,0,0
a7733ce6decc27adff3b,pr,1,4,A0001,1,0,3,1,1,0,0,0,1,0,0
a78233db3c6e5177e4fa,issue,1,4,A0003,0,1,1,0,0,0,0,0,0,0,0
a7b287358c62f63b595f,issue,1,5,A0001,1,0,1,0,0,0,0,0,0,0,0
a867f8ea55d7d5c76958,issue,1,2,A0001,1,0,2,0,0,0,0,0,0,0,0
a8d921d5840ddbec401a,pr,1,5,A0001,1,0,1,0,0,0,0,0,0,0,0
a92d4b82feff08f44b8a,pr,1,5,A0001,1,0,5,3,0,0,3,3,0,0,0
a9533c54f7d397841c7c,pr,1,2,A0001,1,0,0,0,0,0,0,0,0,0,0
aa26942ad786369a7469,issue,1,3,A0001,1,0,1,0,0,0,0,0,0,0,0
aaeaaa0604dc2f6e59f6,pr,1,9,A0002,1,0,7,4,4,0,0,1,3,0,0
ab4c5bd6a9a62a365ca0,issue,1,2,A0001,0,1,1,0,0,0,0,0,0,0,0
ab4caed2479122593bab,issue,1,2,A0001,1,0,1,0,0,0,0,0,0,0,0
ab9fa24ee83388e03cb8,pr,1,8,A0001,0,1,3,1,1,0,0,0,0,1,0
aba12ee1df2c0cf38351,issue,1,10,A0001,0,1,9,9,0,4,5,4,5,0,0
abb7e8cbdb2676cfb93f,issue,1,6,A0001,1,0,14,6,3,3,0,5,1,0,0
ac5bfcdbdc169baacaf7,issue,1,11,A0004,2,0,9,9,5,0,4,6,1,2,0
ad3e9e82d347cc83f3f2,pr,1,27,A0002,0,1,69,61,47,5,9,45,16,0,0
adae788a6d78c4ba3258,issue,1,4,A0001,0,1,8,1,1,0,0,1,0,0,0
aeaf711c2adabd77dd5c,issue,1,3,A0001,0,1,11,7,0,6,1,0,1,6,0
af0dad7796a1f4db2141,pr,1,3,A0001,0,2,2,0,0,0,0,0,0,0,0
af4333f5996813e559e9,issue,1,8,A0005,1,0,1,0,0,0,0,0,0,0,0
afb45836fb0c78df499a,pr,1,4,A0003,1,0,4,0,0,0,0,0,0,0,0
b15fa22b0735da49bed0,issue,1,30,A0001,0,1,93,87,43,17,27,47,35,5,0
b1a953918844538b95c6,issue,1,5,A0003,0,1,11,2,2,0,0,0,1,1,0
b1bb36a03abbace067b9,issue,1,2,A0001,1,0,4,1,1,0,0,1,0,0,0
b286b60d9c399b00ba04,issue,1,4,A0001,1,0,2,0,0,0,0,0,0,0,0
b2f6b79847809e3f262d,issue,1,2,A0001,1,0,1,0,0,0,0,0,0,0,0
b2fa6ce5469ed0680279,issue,1,2,A0001,1,0,3,0,0,0,0,0,0,0,0
b31bbc437e8bc9810a28,pr,1,3,A0002,1,0,1,1,1,0,0,1,0,0,0
b40a309cbc04e3156dd1,pr,1,8,A0001,0,1,11,11,2,3,6,6,5,0,0
b44cacb0eb296789744c,issue,1,3,A0001,1,0,2,0,0,0,0,0,0,0,0
b48838ef30ee53cd9ebe,issue,1,3,A0001,1,0,2,0,0,0,0,0,0,0,0
b48e6f1cb96412e29264,issue,1,12,A0001,0,1,10,5,4,0,1,3,2,0,0
b49a0c97c866d6ba68c1,issue,1,5,A0001,0,1,1,0,0,0,0,0,0,0,0
b50aaa80eac79065bed0,issue,1,20,A0001,0,1,24,19,16,0,3,6,4,9,0
b5ff88db59148d529029,issue,1,41,A0001,0,1,49,31,23,0,8,22,9,0,0
b61e91f1a0ea811255a9,pr,1,4,A0001,0,1,2,0,0,0,0,0,0,0,0
b6291cbd0bdd962acdb1,issue,1,8,A0001,0,1,9,8,1,6,1,2,6,0,0
b66b10c07bff0c08a8e1,issue,1,4,A0002,1,0,2,1,0,0,1,1,0,0,0
b6e557e80f42c8a97cb3,issue,1,13,A0003,3,0,13,12,10,0,2,10,0,2,0
b6fffce2a70b13689c2e,issue,1,3,A0002,0,1,2,0,0,0,0,0,0,0,0
b73df56b724672647e0b,issue,1,6,A0001,0,1,1,0,0,0,0,0,0,0,0
b78d746c43daee2983f3,issue,1,3,A0001,0,1,2,0,0,0,0,0,0,0,0
b7c2e48f7b5559de57bc,pr,1,3,A0001,0,1,3,2,1,0,1,1,1,0,0
b809a8bc028c8d27a7ab,issue,1,6,A0001,1,0,1,0,0,0,0,0,0,0,0
b88d8841003fb2bbf8bd,issue,1,2,A0001,0,1,1,0,0,0,0,0,0,0,0
b96282f5ae4f2db96bd4,issue,1,8,A0001,1,0,14,0,0,0,0,0,0,0,0
b9dd7ccd9d2295ade194,issue,1,16,A0015,1,0,1,0,0,0,0,0,0,0,0
ba28c04e380360361d81,issue,1,2,A0001,0,1,2,1,1,0,0,0,1,0,0
ba5ce8d026520ccd7455,pr,1,2,A0001,1,0,1,0,0,0,0,0,0,0,0
ba6b4ba6da3132451d28,issue,1,4,A0002,1,0,2,0,0,0,0,0,0,0,0
bb10eace12b5d22a15db,issue,1,2,A0001,0,1,1,0,0,0,0,0,0,0,0
bb28307433fd8b4e43a9,pr,1,2,A0001,0,1,3,0,0,0,0,0,0,0,0
bb7415be83c1b2c94f12,issue,1,3,A0001,1,0,3,1,1,0,0,0,1,0,0
bbd83112c2c54ac851c1,pr,1,2,A0001,1,0,2,0,0,0,0,0,0,0,0
bc843f425b680bdc9b86,issue,1,17,A0001,0,1,33,14,4,10,0,3,0,11,0
bc944dedcf5f82faf87b,pr,1,3,A0001,1,0,1,0,0,0,0,0,0,0,0
bcac04b184642a243295,issue,1,2,A0001,0,1,1,0,0,0,0,0,0,0,0
bcc0ea9ab25bf758c7ea,pr,1,2,A0001,0,1,1,0,0,0,0,0,0,0,0
bd855511a6596c13b81d,issue,1,5,A0001,1,0,0,0,0,0,0,0,0,0,0
bdb87fe36710663e2016,issue,1,3,A0001,1,0,1,0,0,0,0,0,0,0,0
be4ebc5b657a8ce3964c,pr,1,8,A0002,0,1,3,0,0,0,0,0,0,0,0
bea88be2369c1101cb2e,issue,1,6,A0001,0,1,7,0,0,0,0,0,0,0,0
beba47daaf3e68c107e7,pr,1,6,A0002,0,1,5,2,1,0,1,2,0,0,0
bfbc33bf59faff6b15f1,pr,1,2,A0001,0,1,1,0,0,0,0,0,0,0,0
c06e995d301e082978ec,pr,1,8,A0004,0,1,1,0,0,0,0,0,0,0,0
c15c54733432104688af,issue,1,4,A0002,0,1,2,2,0,0,2,0,0,2,0
c17feca35621701886a2,issue,1,2,A0001,0,1,1,0,0,0,0,0,0,0,0
c1b62a54a071f592359b,pr,1,4,A0001,0,2,5,4,1,3,0,2,0,2,0
c1bfc9bba88d99ec9eec,pr,1,7,A0001,0,1,9,7,7,0,0,6,1,0,0
c21eab82ee40d9e2bc6f,issue,1,2,A0001,0,1,0,0,0,0,0,0,0,0,0
c24706afa8c29ad5282e,pr,1,5,A0002,1,0,5,4,4,0,0,0,3,1,0
c256af8fe82d4a1a996b,issue,1,3,A0001,0,1,3,1,1,0,0,0,1,0,0
c271b6ca9d58a550c94d,issue,1,8,A0001,1,0,5,1,1,0,0,0,1,0,0
c3538a18105e1774fdaf,pr,1,2,A0001,0,1,1,0,0,0,0,0,0,0,0
c4541d8ad0c6aa297db8,pr,1,4,A0001,0,1,1,0,0,0,0,0,0,0,0
c4a81203a9488129edbb,issue,1,5,A0002,1,0,1,0,0,0,0,0,0,0,0
c4ff2d9de721b0611432,pr,1,2,A0001,0,1,4,0,0,0,0,0,0,0,0
c50b5a32d1b14f26e23d,issue,1,3,A0001,0,1,3,2,2,0,0,0,2,0,0
c51360be5d1da8d210a0,issue,1,4,A0001,1,0,1,0,0,0,0,0,0,0,0
c57d7a047a8d0a1ceb52,pr,1,8,A0007,0,1,2,0,0,0,0,0,0,0,0
c5e9767c2e5343427470,issue,1,3,A0001,1,0,7,5,3,0,2,5,0,0,0
c61950c16389eaf8b961,pr,1,5,A0003,0,1,3,2,0,0,2,1,1,0,0
c75b5d3d969ad3b3fca2,pr,1,2,A0001,1,0,1,0,0,0,0,0,0,0,0
c7cc12ab7b264ffc9ca9,issue,1,2,A0001,0,2,1,0,0,0,0,0,0,0,0
c84663ed0e4fe2bb9499,issue,1,6,A0001,0,1,5,0,0,0,0,0,0,0,0
c8ca0b54d28724398e68,issue,1,2,A0001,1,0,1,0,0,0,0,0,0,0,0
c8cd4ead7ae6538b63b3,issue,1,2,A0001,0,1,1,0,0,0,0,0,0,0,0
c92bf968692f1f21344b,pr,1,2,A0001,1,0,1,0,0,0,0,0,0,0,0
c9623dc0dc254320d9ac,pr,1,4,A0001,1,0,3,0,0,0,0,0,0,0,0
ca28ddafcd5e62b3c900,issue,1,3,A0001,1,0,6,5,0,5,0,4,1,0,0
ca7cb6170f3ef0d29453,issue,1,6,A0001,1,0,4,0,0,0,0,0,0,0,0
cb0914e6fba372469b24,issue,1,10,A0001,2,0,8,8,8,0,0,7,1,0,0
cb3a5eacd9d0fb4a8b13,issue,1,5,A0001,1,0,6,4,4,0,0,1,2,1,0
cb8b3bcbc53d53cfc7fe,issue,1,6,A0002,1,0,3,1,1,0,0,0,1,0,0
cbdb6278c717a6a46431,pr,1,2,A0001,1,0,1,0,0,0,0,0,0,0,0
cc1d2c59d383ad7c82ce,issue,1,51,A0001,0,1,68,43,25,2,16,21,16,6,0
cc1dc78f5cd06d8e3c58,issue,1,9,A0001,1,0,4,2,2,0,0,0,2,0,0
cc641ee500ad4644f0bf,issue,1,2,A0001,0,1,1,0,0,0,0,0,0,0,0
cc93a1f2fcec68ed11b0,pr,1,3,A0001,0,1,4,0,0,0,0,0,0,0,0
cc98bf55b651e0e1f190,issue,1,3,A0001,0,1,1,1,1,0,0,0,1,0,0
cccbee85629c6c0451a7,issue,1,6,A0001,2,0,6,6,1,0,5,5,0,1,0
cd49893f07c9e955c58a,issue,1,3,A0002,1,0,1,0,0,0,0,0,0,0,0
cd9ae377781cc18df2e9,issue,1,2,A0001,0,1,2,1,0,1,0,0,1,0,0
ce375634c3bb52dd3c75,pr,1,22,A0001,1,0,10,7,6,0,1,0,6,1,0
ce92f72dffd4bff125f9,pr,1,2,A0001,0,1,1,0,0,0,0,0,0,0,0
cedcb129b88e64b6f397,pr,1,3,A0002,0,1,0,0,0,0,0,0,0,0,0
d1223775b0457f71c225,pr,1,6,A0001,0,1,7,5,3,0,2,4,1,0,0
d14c419ba07d91fa7efe,issue,1,4,A0001,0,1,2,0,0,0,0,0,0,0,0
d1d2bf62b34acef1ec13,issue,1,29,A0001,1,0,64,45,40,2,3,12,32,1,0
d1fa240537f59148cf2f,pr,1,2,A0001,0,1,4,1,1,0,0,0,1,0,0
d22a1a1d6aad48e1210b,issue,1,3,A0001,0,1,4,3,3,0,0,3,0,0,0
d27649502a68c71ffb20,issue,1,5,A0001,1,0,7,5,5,0,0,3,0,2,0
d32a1e568426ee0b83de,issue,1,5,A0001,2,0,6,2,2,0,0,0,2,0,0
d33d297e9dd71a5e4c87,issue,1,11,A0001,0,1,4,0,0,0,0,0,0,0,0
d3ad38cc4876927df650,pr,1,8,A0004,0,1,3,2,2,0,0,1,1,0,0
d3e55c702fac1f6ad918,issue,1,2,A0001,0,1,1,1,1,0,0,0,1,0,0
d3f096e5a4668211bc49,pr,1,6,A0003,0,1,3,0,0,0,0,0,0,0,0
d423a1963a481d8568b9,issue,1,2,A0001,4,0,1,0,0,0,0,0,0,0,0
d4ab0a4bb14a4f2dbf77,issue,1,3,A0001,1,0,2,0,0,0,0,0,0,0,0
d4f7746f75b8b3717ea0,pr,1,10,A0002,1,0,3,0,0,0,0,0,0,0,0
d61c929090e312298c8c,issue,1,2,A0001,1,0,2,0,0,0,0,0,0,0,0
d674f4ee54736e27ea23,issue,1,13,A0002,1,0,6,2,2,0,0,1,0,1,0
d77b003ebfbbe813170e,issue,1,11,A0001,1,0,18,13,11,0,2,7,3,3,0
d80c5f8ad4d4275841d0,issue,1,9,A0001,1,0,10,7,4,0,3,6,1,0,0
d8a5c4f0d3bd323cecdb,issue,1,2,A0001,0,1,1,1,1,0,0,0,1,0,0
d964d37922038ad7fdc0,pr,1,2,A0001,0,1,3,2,2,0,0,0,2,0,0
d9aee8b0633999e0bcbc,issue,1,4,A0001,1,0,8,5,5,0,0,3,2,0,0
da7050665d1c9d0d5185,issue,1,3,A0001,1,0,1,0,0,0,0,0,0,0,0
db62b8f6cd016460f661,issue,1,3,A0001,1,0,1,0,0,0,0,0,0,0,0
dbabf0000e0074344046,issue,1,2,A0001,1,0,3,3,3,0,0,2,1,0,0
dbc3e99bdb13e7c00e36,pr,1,7,A0006,1,0,1,0,0,0,0,0,0,0,0
dbc74fed1f7087df9066,issue,1,12,A0004,0,1,3,0,0,0,0,0,0,0,0
dbf132849b97ef6c707e,pr,1,4,A0001,1,0,4,0,0,0,0,0,0,0,0
dc2166a86080dbd40e17,issue,1,2,A0001,1,0,0,0,0,0,0,0,0,0,0
dc2abff1c4f21834c42c,pr,1,2,A0001,1,0,11,11,11,0,0,9,1,1,0
dc5b30a72a9bbe173049,issue,1,2,A0001,0,1,2,0,0,0,0,0,0,0,0
dd0323a00d233c85db08,pr,1,5,A0001,1,0,8,8,5,0,3,4,4,0,0
dd1cbaef89237f836f2b,issue,1,21,A0009,0,1,7,5,2,0,3,2,1,2,0
ddf3769a0ec33025cd64,issue,1,2,A0001,1,0,1,0,0,0,0,0,0,0,0
def19ddfe73f615527f1,issue,1,4,A0001,0,1,5,3,3,0,0,1,2,0,0
df363320d72f9bbe18f7,issue,1,2,A0001,0,1,1,0,0,0,0,0,0,0,0
dfc7b754a54914a5a9aa,pr,1,5,A0002,1,0,3,1,1,0,0,1,0,0,0
e0445047eb6e55547383,issue,1,4,A0001,1,0,5,2,2,0,0,1,1,0,0
e0f23732be841724577c,issue,1,22,A0002,1,0,50,41,15,6,20,14,20,7,0
e21166523bee842e5034,issue,1,7,A0001,2,0,5,1,1,0,0,0,1,0,0
e212bd359afb6b9eec0a,pr,1,3,A0001,1,0,2,0,0,0,0,0,0,0,0
e2cba02c50c80c4f688b,issue,1,2,A0001,0,1,7,2,2,0,0,0,2,0,0
e32e4ec6c9c48d570484,issue,1,2,A0001,1,0,2,0,0,0,0,0,0,0,0
e3547e09e77340f4d68c,issue,1,3,A0002,0,1,3,0,0,0,0,0,0,0,0
e3face36764fb8d2b6a9,issue,1,4,A0001,1,0,5,4,2,0,2,4,0,0,0
e4148ad8d4895eb3dfc5,pr,1,6,A0002,1,0,1,0,0,0,0,0,0,0,0
e502adb3a0c4840e34a1,pr,1,2,A0001,0,1,1,1,1,0,0,0,1,0,0
e5fcb4063eaf891b88e9,issue,1,25,A0001,0,1,86,50,16,3,31,29,7,14,0
e6ab29cbe53b8d62022a,issue,1,6,A0001,1,0,2,2,2,0,0,1,1,0,0
e79865c5f70a05dffe2c,issue,1,9,A0001,0,1,43,19,4,4,11,15,1,3,0
e81dfdf1b7907154089f,issue,1,4,A0001,1,0,1,0,0,0,0,0,0,0,0
e861763c0bd0f8ba8877,issue,1,14,A0002,0,1,8,5,5,0,0,3,2,0,0
e90f05959c3e3999b75f,issue,1,4,A0001,1,1,3,2,2,0,0,0,1,1,0
e96ddc08250b422cc2c3,issue,1,3,A0001,1,1,5,5,5,0,0,5,0,0,0
ea6a480ebbd4ac1f6e61,issue,1,18,A0001,1,0,32,28,19,3,6,14,3,11,0
eb2aaa0608257d0484ab,issue,1,3,A0001,0,1,5,2,2,0,0,0,2,0,0
eb43a5d3111085d30840,issue,1,3,A0001,1,0,2,1,1,0,0,1,0,0,0
eb5ff855b5b7feb6967d,pr,1,2,A0001,1,0,2,0,0,0,0,0,0,0,0
eba3ca057cce9baa014b,issue,1,4,A0001,1,0,4,3,3,0,0,0,3,0,0
ebf2f631c3e710a7d3d4,issue,1,3,A0001,1,0,2,2,2,0,0,2,0,0,0
ec0cab9155e3a90903f4,issue,1,2,A0001,1,0,6,2,2,0,0,1,1,0,0
ec349e251498415a1837,issue,1,2,A0001,1,0,4,2,2,0,0,0,2,0,0
ec773db89ad510813f8b,pr,1,2,A0001,1,0,1,0,0,0,0,0,0,0,0
ed2ee0549e029dca1caa,issue,1,8,A0001,0,1,8,0,0,0,0,0,0,0,0
ed35f00c8f88b659c817,pr,1,2,A0001,1,0,4,0,0,0,0,0,0,0,0
ed6edfa9fa8c2f509e37,issue,1,3,A0001,0,1,6,4,4,0,0,1,2,1,0
eeba158d9f614597fdd7,issue,1,3,A0001,1,0,2,0,0,0,0,0,0,0,0
eee1c01cc750f16307e8,pr,1,2,A0001,1,0,5,1,1,0,0,0,1,0,0
ef7777e939fcf5e807d5,issue,1,3,A0002,1,0,1,1,1,0,0,0,1,0,0
ef95c4aa5aabb28ea0ed,pr,1,2,A0001,1,0,2,0,0,0,0,0,0,0,0
efe3e767696f965e61cc,pr,1,38,A0001,1,0,47,27,13,0,14,11,12,4,0
effe5b5ca20a95ef5710,issue,1,7,A0001,0,1,7,3,3,0,0,0,1,2,0
f1eacef856a94eb474e4,issue,1,5,A0001,0,1,1,0,0,0,0,0,0,0,0
f29a6efc23c200064fe4,issue,1,4,A0001,1,0,5,4,2,0,2,3,1,0,0
f30ef02581a9058735b3,issue,1,4,A0001,1,0,2,0,0,0,0,0,0,0,0
f3e94e744c2bb8e5ba32,pr,1,3,A0001,1,0,2,2,1,0,1,0,0,0,2
f450697dc15c48babb2b,pr,1,6,A0001,1,0,5,4,0,4,0,4,0,0,0
f466b6271f127ada7a9b,pr,1,6,A0001,1,0,2,0,0,0,0,0,0,0,0
f51d5805bae4513e4c9b,pr,1,6,A0001,1,0,1,0,0,0,0,0,0,0,0
f524abc5d562106a1d39,issue,1,10,A0002,0,1,2,0,0,0,0,0,0,0,0
f71492185f37dae66820,pr,1,5,A0001,1,0,7,7,7,0,0,3,4,0,0
f71a44c61639043e8302,issue,1,91,A0001,1,0,144,60,45,0,15,32,10,18,0
f72b4cff2b538732173e,issue,1,2,A0001,0,1,1,0,0,0,0,0,0,0,0
f72c43a758a0efc19c16,pr,1,5,A0002,1,0,1,0,0,0,0,0,0,0,0
f770418b0d7a5010ad7c,issue,1,2,A0001,0,1,2,0,0,0,0,0,0,0,0
f995e0d94c543f760fae,issue,1,2,A0001,1,0,2,1,1,0,0,0,1,0,0
f9c94ea2d275b1cd07bc,pr,1,3,A0001,1,0,1,1,1,0,0,0,1,0,0
fb0810d601422f87766d,issue,1,5,A0001,0,2,1,0,0,0,0,0,0,0,0
fbdfff87d14c6ae5d925,pr,1,2,A0001,1,0,1,0,0,0,0,0,0,0,0
fc086697f738ec4ad138,issue,1,10,A0002,1,0,5,2,2,0,0,1,1,0,0
fcdf2e4cc359be9bac4f,issue,1,5,A0001,0,2,4,3,3,0,0,1,2,0,0
fd028f4532b80f9f6ff7,issue,1,18,A0001,1,0,32,25,20,0,5,13,11,1,0
fd063beeb68f7483d00f,pr,1,10,A0001,0,1,4,4,4,0,0,3,1,0,0
fd47264de7bbf69ad523,issue,1,10,A0001,1,0,7,4,4,0,0,1,3,0,0
fd7bb20428099b02ae8f,issue,1,4,A0001,2,0,2,1,1,0,0,0,1,0,0
fd86554be356d8704b0c,pr,1,3,A0001,1,0,1,0,0,0,0,0,0,0,0
fdb741678ba57c387551,pr,1,16,A0001,1,0,17,0,0,0,0,0,0,0,0
ff0682a0b1647b74e819,issue,1,2,A0001,0,1,1,0,0,0,0,0,0,0,0
ffd79ad81bcba9c9296f,issue,1,2,A0001,1,0,2,2,2,0,0,1,0,1,0
ffe6d74567e8bd668dcb,pr,1,3,A0001,1,0,2,1,1,0,0,0,1,0,0
