case_id,method_id,source_status,completed_turns,prepare_status,reason
PURE_002,hashimoto,method_finished,11,ready,Transcript validated successfully
PURE_002,llmrei-long,method_finished,16,ready,Transcript validated successfully
PURE_002,sparkme,method_finished,51,ready,Transcript validated successfully
PURE_002,proposed_method,method_finished,47,ready,Transcript validated successfully
PURE_004,hashimoto,method_finished,3,ready,Transcript validated successfully
PURE_004,llmrei-long,method_finished,21,ready,Transcript validated successfully
PURE_004,sparkme,method_finished,36,ready,Transcript validated successfully
PURE_004,proposed_method,method_finished,27,ready,Transcript validated successfully
PURE_024,hashimoto,method_finished,1,ready,Transcript validated successfully
PURE_024,llmrei-long,method_finished,19,ready,Transcript validated successfully
PURE_024,sparkme,method_finished,38,ready,Transcript validated successfully
PURE_024,proposed_method,method_finished,46,ready,Transcript validated successfully
PURE_057,hashimoto,method_finished,7,ready,Transcript validated successfully
PURE_057,llmrei-long,method_finished,11,ready,Transcript validated successfully
PURE_057,sparkme,method_finished,43,ready,Transcript validated successfully
PURE_057,proposed_method,method_finished,50,ready,Transcript validated successfully
PURE_069,hashimoto,method_finished,4,ready,Transcript validated successfully
PURE_069,llmrei-long,method_finished,6,ready,Transcript validated successfully
PURE_069,sparkme,method_finished,38,ready,Transcript validated successfully
PURE_069,proposed_method,method_finished,58,ready,Transcript validated successfully
