requirement_id,evaluation_scope,is_core,scenario_id,setup,action,expected_observation
SC-001,context_only,false,SCEN-SC-001-01,Qheadache is installed and launched as a desktop application on a single computer with no other game platform or companion app open.,The player starts Qheadache from the computer's application launcher.,"Qheadache opens directly as a self-contained puzzle game window and can be played without requiring another product, launcher, or companion service."
SC-002,context_only,false,SCEN-SC-002-02,A fresh Qheadache session is available with an easy introductory puzzle and a standard puzzle available from the main menu.,"A young beginner selects the introductory puzzle, and an adult player selects a standard puzzle in separate sessions.","Both players can understand the on-screen puzzle board and begin play successfully, with the beginner able to engage with the easier puzzle and the adult able to use the full game interface without age-specific barriers."
SC-003,context_only,false,SCEN-SC-003-03,Qheadache is open at the main puzzle screen with a visible board containing movable blocks and an obvious goal layout.,The player starts a new puzzle and attempts to move blocks around the board.,"The game displays a graphical board and allows block-moving puzzle interaction, with visible block positions changing according to the puzzle rules."
SC-004,context_only,false,SCEN-SC-004-04,Qheadache is installed on a computer that has no network connection available and no external service accounts configured.,The player launches the game and begins a normal puzzle session offline.,"The puzzle loads and can be played normally without any network login, cloud dependency, or external service prompt."
ST-001,context_only,false,SCEN-ST-001-05,"A product owner or sponsor is reviewing Qheadache release planning, scope boundaries, and a proposed priority change list.",The sponsor approves the planned scope and decides whether a requested feature should move up in priority.,"The scope and priority change decision is finalized by the sponsor, and the approved direction is reflected in the release plan or project decision record."
ST-002,context_only,false,SCEN-ST-002-06,"The development team has access to the Qheadache puzzle logic, board behavior, and tracking feature backlog.",A defect is found in board movement or progress tracking and is assigned to the team for correction.,"The team updates the game implementation to correct the issue, including the board logic or tracking behavior, and the fix can be delivered in a new build."
ST-003,context_only,false,SCEN-ST-003-07,"A tester has a completed build of Qheadache with access to gameplay, result tracking, and saved progress behavior.","The tester plays multiple puzzle sessions, including a full solve, an abandoned game, and a resumed saved game.","The tester can verify that puzzles are solvable, gameplay behaves fairly, tracking records the correct outcomes, and saved results are preserved and restored correctly."
FR-001,required,true,SCEN-FR-001-08,Qheadache is on the main menu with no active puzzle session running.,The player chooses the option to launch a new puzzle.,A new puzzle session starts and the puzzle board appears in a ready-to-play state.
FR-002,required,true,SCEN-FR-002-09,The player is in an active puzzle session with moves already made on the board.,"The player either solves the puzzle, selects the give-up option, or closes the game.","The current puzzle session ends and the game transitions away from the active board to the appropriate completion, abandonment, or exit state."
FR-003,required,true,SCEN-FR-003-10,The player has just completed a level by reaching the solved puzzle state.,The game records the completed level at the end of the session.,The completed level progress is saved so the result remains available after the session ends.
FR-004,required,true,SCEN-FR-004-11,The player is in the middle of a puzzle and the game detects a safe opportunity to persist the current state without disrupting play.,A safe save point occurs during normal gameplay.,The current puzzle progress is saved during play and the board remains usable without interruption or loss of the ongoing session.
FR-005,required,true,SCEN-FR-005-12,The player is partway through a puzzle and has not yet solved it.,The player closes Qheadache in the middle of the puzzle and later opens the game again.,The game preserves as much of the current puzzle state as possible and allows the player to continue later from the retained progress.
FR-006,required,true,SCEN-FR-006-13,The player has a puzzle session in progress and the game is unexpectedly interrupted or closed suddenly.,The game is restarted after the interruption.,The last known safe puzzle state is restored instead of loading a corrupted or partially updated board.
FR-007,required,true,SCEN-FR-007-14,The player is in an active puzzle session with a block arrangement that makes a specific move impossible under the puzzle rules.,"The player attempts the invalid move, such as moving a block into an occupied or blocked space.","The game refuses the move, shows immediate clear feedback explaining why it is not allowed, and keeps the player in the current session."
FR-008,required,true,SCEN-FR-008-15,The player has an active puzzle board with a known current state and saved progress already established.,The player performs an invalid move attempt that the rules do not permit.,"The board state remains unchanged, no progress is lost, and the game continues from the same puzzle position after the rejected move."
FR-009,required,true,SCEN-FR-009-16,A puzzle is in progress and the player has already made at least one valid move.,The player clicks the Undo control immediately after the most recent move.,"The last move is reversed, the board returns to the previous valid state, and the player's move count reflects the undone move without any penalty or loss of progress."
FR-010,required,true,SCEN-FR-010-17,A puzzle is currently active and the player has made several moves.,The player selects Restart from the in-game controls and confirms the restart if prompted.,"The active puzzle resets to its initial starting layout, the move count for the current attempt returns to the start, and the player is not penalized for restarting."
FR-011,required,true,SCEN-FR-011-18,A puzzle is active and the board is visible without any hint currently displayed.,The player requests a hint using the in-game Hint control.,"A subtle hint is shown on demand, such as a highlighted piece or suggested move, and no hint appears unless the player explicitly requests it."
FR-012,required,true,SCEN-FR-012-19,A board transition or move animation is already in progress after the player initiated a valid action.,The player rapidly clicks additional tiles or presses move inputs before the current action finishes processing.,"Only the first input is processed; the extra inputs are ignored, no input queue is formed, and the board ends in a single predictable state corresponding to the accepted action."
FR-013,required,true,SCEN-FR-013-20,The player is on an active puzzle board and the interface is responsive.,The player performs rapid repeated clicks on the same valid move target or alternating valid inputs during a short interval.,"The board state remains stable and predictable, with no duplicated moves, skipped states, or corrupted layout, and the final board reflects only the legitimate processed inputs."
FR-014,required,true,SCEN-FR-014-21,The player has an active session with an ongoing puzzle and the game has access to session tracking data.,The player continues playing until the puzzle is completed.,"The system records the session details, current puzzle state, completion time, move count, and score, and these values are available for later progress or stats display."
FR-015,required,true,SCEN-FR-015-22,The player has completed at least one puzzle or has previously attempted a puzzle that ended without completion.,The player opens the Progress or Stats area and views the history section.,"A history of completed puzzles or attempts is shown, including past results or attempt records rather than only the current active session."
FR-016,required,true,SCEN-FR-016-23,The player has one or more completed puzzles and an active session with recorded move and time data.,The player opens the simple progress view from the game interface.,"The view shows puzzles completed, the current time on the active puzzle, moves made, and best results when available in a clear, concise layout."
FR-017,required,true,SCEN-FR-017-24,The game is running and the player is at the main menu or in-game interface.,The player opens the dedicated Progress or Stats menu area.,A progress/statistics screen is displayed that provides access to the player's progress information and summary statistics.
FR-018,required,true,SCEN-FR-018-25,The player is viewing the Progress or Stats area and export functionality is available.,The player selects the Export Stats option.,The system exports the player's stats from the same Progress or Stats area and presents the export result without leaving the statistics context.
FR-019,required,true,SCEN-FR-019-26,The player is in the stats export flow with no optional detail settings selected.,The player exports stats using the default export option.,"The exported file contains basic stats only, such as completion and play summary information, without additional detailed session records."
FR-020,required,true,SCEN-FR-020-27,The Progress or Stats area includes an optional detailed export setting and the player can choose whether to include session records.,The player enables the option to include detailed session records and exports stats.,"The exported stats file includes the additional session records when the feature is supported; if detailed export is not supported, the option is not offered or is clearly unavailable."
FR-021,required,true,SCEN-FR-021-28,The player has just completed a stats export from the Progress or Stats area.,The export operation finishes successfully.,A clear confirmation message appears stating that the export succeeded and includes the file name or file location of the exported stats.
FR-022,required,true,SCEN-FR-022-29,The player is in the Progress or Stats area with progress data available.,The player selects the overall progress view from the available statistics options.,The system displays a selectable overall progress view summarizing the player's progress rather than only showing a single recent session.
FR-023,required,true,SCEN-FR-023-30,The Progress or Stats area supports a summarized view with expandable details.,The player clicks the progress item or detail toggle to reveal more information.,"Additional progress details become visible behind the extra click, while the initial view remains concise until the player expands it."
FR-024,required,true,SCEN-FR-024-31,"The player has completed at least one puzzle session and the game has already recorded previous scores, completion times, and move counts for that profile.",The player opens the progress or challenge history view and replays a previously completed challenge.,"The game shows the recorded score, time, and progress history for completed challenges, and the replayed challenge can be started again with the prior results available for comparison."
FR-025,required,true,SCEN-FR-025-32,The game is installed on a device that has no active internet connection and no network access is available.,"The player launches the game, completes a puzzle, and exits the session normally.","The game starts and runs offline, the completed progress is saved locally on the device, and the player can reopen the game later and see the saved progress without needing internet access."
FR-026,required,true,SCEN-FR-026-33,"The game installer is available on a clean computer with no additional runtime services, companion apps, or background game services installed.",The player installs the game and launches it from the installed shortcut or application entry.,"The game installs successfully using the provided installer alone, launches without requiring extra services to be configured, and opens to the main menu or starting screen."
FR-027,required,true,SCEN-FR-027-34,A new player is starting the game for the first time and has no prior gameplay experience or saved progress.,The player begins the first tutorial or first challenge and follows the on-screen instructions and visual hints.,"The game presents simple beginner instructions, clear visual guidance, and an easier first level or challenge that helps the player understand how to play without being overwhelmed."
FR-028,required,true,SCEN-FR-028-35,The player has already completed several earlier challenges and is continuing through the game in the same profile.,The player starts the next available challenge after several successful completions.,"The new challenge is noticeably more difficult than earlier ones, for example by increasing puzzle complexity, reducing hints, or introducing additional constraints as the player progresses."
FR-029,required,true,SCEN-FR-029-36,The player has reached a more advanced stage of play where detailed performance tracking is relevant.,The player opens the active puzzle screen during an advanced challenge.,"Time elapsed, move count, and score are displayed prominently and are easy to notice while playing, making performance feedback more visible for experienced players."
FR-030,required,true,SCEN-FR-030-37,The player is in the middle of a puzzle session and the game is closed unexpectedly or interrupted before the session ends.,The player relaunches the game after the abrupt exit or interruption.,"The game offers an easy way to continue from the interrupted session, such as a resume option or automatic return to the last active puzzle state."
FR-031,required,true,SCEN-FR-031-38,The player is actively playing a puzzle and reaches a valid safe state that can be preserved by the game.,"The application exits suddenly, such as from a crash, device restart, or forced close immediately after the safe state is captured.","After relaunch, the game restores the most recently captured safe state rather than an older state, lost progress is minimized, and the player resumes from the latest preserved point."
FR-032,required,true,SCEN-FR-032-39,"A saved game file or saved result exists but is partially damaged, unreadable, or otherwise cannot be parsed correctly.",The player launches the game and the system attempts to load the corrupted save data.,"The game detects the unreadable save data, shows a non-blocking recovery message or falls back to recovery handling, and continues running so the rest of the application remains usable."
FR-033,required,true,SCEN-FR-033-40,The game has detected corrupted save data during startup or when loading a previous session.,The player chooses the option to start a new session instead of restoring the corrupted save.,"The game starts a fresh session successfully, does not require the damaged save to be repaired first, and allows the player to continue playing normally."
FR-034,required,true,SCEN-FR-034-41,"No save error, recovery event, or other actual problem is occurring during normal play.",The player navigates menus and plays a normal challenge without triggering any failure conditions.,"No warning, toast, popup, or other cue is shown during normal play; subtle cues appear only when a real save failure or recovery event occurs."
FR-035,required,true,SCEN-FR-035-42,The game is running with internet access available and update checking is enabled as an optional feature.,The player reaches the main menu or chooses the update check option from a settings or menu screen.,"The game performs an update check without interrupting gameplay, and the player can continue using the application normally while the check occurs or after it completes."
FR-036,required,true,SCEN-FR-036-43,An important update is available and the player has just finished a puzzle or returned to a menu screen.,The game detects the update while the player is at a natural pause point rather than during active play.,"An update prompt appears only at the end of a game or in a menu context, not in the middle of play, and the prompt is presented in an unobtrusive way."
FR-037,required,true,SCEN-FR-037-44,An update prompt is currently visible to the player after an important update has been detected.,"The player chooses the dismiss, later, or close option on the update prompt.","The prompt closes immediately, the player returns to the game or menu without disruption, and gameplay can continue normally."
FR-038,required,true,SCEN-FR-038-45,The player has completed one or more sessions and wants to keep a local copy of their statistics.,The player chooses the local stats export option and selects a save location on the device.,"The game creates a readable local export file containing the player's stats, and the file can be opened, kept, or shared outside the game without requiring a network connection."
FR-039,required,true,SCEN-FR-039-46,"The player is on the game's main menu with update checking and stats export features available, and no account has been created or signed in.",The player opens the update check screen and starts a stats export from the progress or results view.,"The system completes both actions without asking the player to register, sign in, or provide account credentials."
FR-040,required,true,SCEN-FR-040-47,"The player has selected an export of gameplay statistics, and the export destination or service is unavailable so the export cannot complete normally.",The player confirms stats export.,"A plain-language message explains that the export failed, and it clearly states whether the statistics were saved somewhere else, such as a local file or temporary location."
FR-041,required,true,SCEN-FR-041-48,The player has opened the game's update check option while the device is offline or the update server is unreachable.,The player requests an update check.,"The system shows no disruptive error dialog, reports the connection issue in a quiet manner, and offers a simple option to try again later."
FR-042,required,true,SCEN-FR-042-49,The player is in an active game session or browsing the main menu while an update check or stats export is about to be attempted.,The update check fails to connect or the stats export fails to complete.,"The game remains open and playable, the current session is not interrupted or closed, and the player can continue using the app normally."
FR-043,required,false,SCEN-FR-043-50,The player launches the game on a supported desktop platform and begins a normal play session.,"The player navigates menus, starts a match, finishes a level, and returns to the main screen.","The experience remains smooth and lightweight, with no persistent pop-ups, forced sign-in prompts, or repeated interruptions that break the flow of play."
FR-044,required,false,SCEN-FR-044-51,The player has accumulated progress across multiple sessions and opens the progress or summary view.,The player selects the overall progress screen.,"Progress is presented in a simple lightweight format, such as brief totals or a compact summary, without dense charts, cluttered dashboards, or long blocks of explanatory text."
FR-045,required,true,SCEN-FR-045-52,The player has completed at least one full game and can access restart or challenge options from the results or menu screen.,The player starts a replayable challenge from the completed-game flow.,"The game presents a clear challenge that can be played again with meaningful objective or progression feedback, making the replay feel purposeful rather than identical and empty."
BR-001,required,false,SCEN-BR-001-53,"The sponsor has not announced any change to platform support, and the product is being evaluated for the first version release.",A project stakeholder reviews the release scope for supported devices.,Mobile support is not included in the first-version scope and is treated as out of scope unless the sponsor explicitly approves it later.
BR-002,required,false,SCEN-BR-002-54,The player is using the first version of the game on a supported desktop system.,The player looks for automatic update behavior after launching the game.,"The game does not silently install updates in the background, and any update-related behavior is limited to non-automatic checking unless the sponsor later changes the rule."
BR-003,required,false,SCEN-BR-003-55,The game is installed as the first version on a desktop device with no network connection available.,The player starts the game and accesses normal gameplay and progress features.,"The game launches and remains playable without requiring a network connection, account creation, or third-party service access."
BR-004,required,false,SCEN-BR-004-56,The player has completed gameplay and the system is preparing to save progress or statistics.,The system stores the player's progress and any exportable stats.,"Only minimal save data is retained, and no personal information is collected unless there is a clearly justified reason for it."
BR-005,required,false,SCEN-BR-005-57,"The player has recent progress that has not yet been saved, and the next save operation must choose between preserving progress and reducing file size.",The game performs a save after recent play activity.,"The system preserves the current game state and recent progress first, even if that results in a slightly larger save file."
BR-006,required,false,SCEN-BR-006-58,The first version of the game is installed and a player account or online protection service is not part of the product design.,The player starts the game and moves through normal menus and gameplay.,"The game does not require heavy account security steps, online identity verification, or third-party protection services to play."
BR-007,required,false,SCEN-BR-007-59,A saved game file has been damaged or partially corrupted before the game starts.,The player launches the game and the system attempts to load the corrupted save.,"The system detects the corrupted data with a basic integrity check, recovers cleanly by ignoring or replacing the bad save, and does not crash or display nonsensical progress."
BR-008,required,false,SCEN-BR-008-60,"The system has detected a save file that appears tampered with, and the response would not affect honest players negatively.",The player opens the affected save file or starts the game with that save present.,"The system marks the save as unreliable in a limited, non-disruptive way only when that can be done safely, while avoiding unnecessary penalties or problems for legitimate players."
BR-009,required,false,SCEN-BR-009-61,"A player has a local save that the game can open, but one section appears inconsistent after recovery, while the rest of the save contains valid recent progress.",The player starts the game and opens that save file.,"The game keeps the valid progress, resets only the affected stats or corrupted section, and shows a plain-language message explaining what was fixed or reset."
BR-010,required,false,SCEN-BR-010-62,The player has completed several recent puzzles and the latest session data is still within the normal recent-history window.,The game performs its automatic storage management during or after saving.,"The player's recent puzzle results, current streak, and other meaningful recent progress remain unchanged in the save."
BR-011,required,false,SCEN-BR-011-63,"The player has a long puzzle history with older completed sessions that are no longer needed in full detail, along with recorded totals and best results.",The game performs save maintenance that reduces storage usage.,"Older detailed records are replaced with a summary, while overall totals, completion counts, and best results remain intact."
BR-012,required,false,SCEN-BR-012-64,The player's save storage is getting close to its limit but is still usable.,The player continues playing and creates new progress that triggers save monitoring.,"A warning appears before the save reaches a critical problem, giving the player advance notice that storage is getting tight."
BR-013,required,false,SCEN-BR-013-65,The save contains both very old detailed puzzle history and newer recent progress from the current play session.,The game needs to reduce save size to free storage space.,"The oldest detailed history is trimmed or summarized first, while recent progress and current-session data are preserved in full."
BR-014,required,false,SCEN-BR-014-66,"The player's save file has reached the storage limit, but the game can still preserve essential state by reducing older detail.",The player finishes a puzzle and the game attempts to save the new result.,"The game completes the save as safely as possible, preserves essential progress, and informs the player that older detailed records were condensed."
BR-015,required,false,SCEN-BR-015-67,"A local save contains signs of obvious tampering, and checking it would not interfere with normal play or corrupt valid data.",The player opens the save file in the game.,"The game detects the tampering, flags the save as suspicious, and responds without disrupting honest player progress in unaffected saves."
BR-016,required,false,SCEN-BR-016-68,"The player is in the middle of a move, animation, or puzzle transition that is already being processed.",The player taps or clicks the same action button repeatedly in rapid succession.,Only the first valid input is accepted; extra rapid inputs are ignored until the current action finishes.
BR-017,required,false,SCEN-BR-017-69,A save failure or recovery event occurs during normal gameplay.,The game handles the failure or recovery and returns control to the player.,"The player receives a small non-blocking cue, such as a brief banner or toast, and can continue playing without being forced into a full-screen interruption."
BR-018,required,false,SCEN-BR-018-70,"The player is playing normally and the game has either just saved successfully or is between puzzles, with no immediate decision required.",The game needs to notify the player about save-related status or storage reduction.,"The game uses a subtle notification during normal play; if the player must approve or acknowledge condensed data, a modal dialog is shown instead."
BR-019,required,false,SCEN-BR-019-71,A save status problem has already been shown to the player and the underlying problem remains unresolved.,The player continues navigating menus or returns to the puzzle screen without fixing the issue.,The game does not repeat the same warning unnecessarily; it only reminds the player again if the problem is still present and relevant.
DI-001,required,false,SCEN-DI-001-72,The game is installed on the player's device with local storage available and no cloud sync requirement enabled.,The player completes a puzzle and exits to trigger saving.,The player's progress is written to local storage on the device and is available again when the game is reopened on that same device.
DI-002,required,false,SCEN-DI-002-73,The player has selected the export stats option and the export feature is available in the current build.,The player exports puzzle statistics to a local file.,The system creates a readable local stats file that can be opened and inspected by a person or standard file viewer without special tooling.
DI-003,required,false,SCEN-DI-003-74,Update checks are enabled in the game's settings and network access is available.,The player opens the game or selects the update-check option.,"The game sends an update-check communication and shows the result of that check to the player; when update checks are disabled, no such communication occurs."
QR-001,required,false,SCEN-QR-001-75,A new player launches the game for the first time on a typical device with no prior configuration.,The player starts a puzzle without reading a manual or completing a setup wizard.,"The main controls, puzzle state, and basic navigation are immediately understandable, with minimal or no setup required before play begins."
QR-002,required,false,SCEN-QR-002-76,A player completes a puzzle round in Qheadache and returns to the results screen.,The player finishes the challenge with a recorded time and move count.,"The results screen clearly shows the player's performance using understandable metrics such as completion time, moves used, and success status."
QR-003,required,false,SCEN-QR-003-77,The Qheadache game package is prepared for distribution on a typical consumer device.,"A player downloads, installs, and launches the game from the distributed package.","The game installs and starts without requiring heavy dependencies or a large setup process, and the distributed package remains easy to share and store."
QR-004,required,false,SCEN-QR-004-78,A player has completed at least one puzzle challenge and has access to the main menu.,The player finishes a round and is offered the option to replay or start a new challenge.,The game presents an engaging completion experience with a clear replay option and a satisfying prompt that encourages the player to try another challenge.
QR-005,required,false,SCEN-QR-005-79,A player is actively playing a puzzle and the game is configured to save results at the end of the round.,The player completes the puzzle and the system writes the result to storage while transitioning back to the menu.,"The result is saved successfully, the gameplay flow continues without freezing or crashing, and the player returns to a usable game state."
QR-006,required,false,SCEN-QR-006-80,A young beginner opens the game for the first time on a small screen device.,The player views the main menu and starts a puzzle.,"The interface uses simple labels, large readable controls, and an uncluttered layout so the child can identify the main actions without confusion."
QR-007,required,false,SCEN-QR-007-81,"The game contains an active puzzle board, timing is running, and player progress information is stored between sessions.","The player makes several moves, pauses the game, and then resumes from the saved state.","Board moves, timer updates, and stored player progress all remain consistent before and after pause/resume, with no broken interactions or incorrect state changes."
QR-008,required,false,SCEN-QR-008-82,The application contains a large collection of stored puzzle records and recent results.,"The player opens the high scores, past results, or puzzle history screen from the main menu.","The screen opens promptly, remains responsive while browsing the records, and the application does not become noticeably slow or memory-heavy."
QR-009,required,false,SCEN-QR-009-83,A puzzle board is displayed and a player has selected a single movable piece.,The player rapidly clicks or taps the same piece twice during one move attempt.,"Only one move is registered, the board state remains predictable, and the piece does not jump, duplicate, or apply the action twice."
QR-010,required,false,SCEN-QR-010-84,A player is actively solving a puzzle and has made an incorrect move.,The player makes a mistake and then attempts to continue solving the challenge.,"The game preserves the challenge by not auto-solving or removing difficulty, while still giving the player a fair way to recover, continue, or try again without unnecessary frustration."
QR-011,required,false,SCEN-QR-011-85,The Qheadache game is installed and running on a standard device with normal user interaction.,"The player navigates through the menu, starts a puzzle, and completes a round.","The application remains straightforward to use and behaves reliably throughout the session, without introducing complicated steps, unstable behavior, or confusing interactions."
QR-012,required,false,SCEN-QR-012-86,The system has saved multiple puzzle records and determines that compression or indexing may reduce storage size without affecting reliability.,The application saves a new result using the storage approach selected for that data set.,"The saved data remains compact while the record can still be read back correctly later, and no corruption or loss of result information is introduced."
QR-013,required,false,SCEN-QR-013-87,"The game library contains multiple puzzle packs, but the player needs only one specific puzzle set to begin a session.",The player selects a single puzzle mode or level from the menu.,"Only the needed puzzle data is loaded for the chosen mode, the rest of the library is not loaded into view unnecessarily, and the game starts without a full-library delay."
QR-014,required,false,SCEN-QR-014-88,"The player is in the middle of solving a puzzle and optional non-gameplay features are available, such as reminders or feature prompts.",A prompt for a non-essential feature becomes available while the puzzle is active.,"The prompt appears subtly and does not block gameplay, obscure the board, or demand immediate attention away from the puzzle."
EX-001,required,false,SCEN-EX-001-89,The game is loading saved sessions and one save file on disk contains corrupted data.,The player opens the saved game list or resumes a session that includes the corrupted file.,"The corrupted save is skipped or quarantined, the player is not blocked from entering the game, and the remaining valid saves continue to work normally."
EX-002,required,false,SCEN-EX-002-90,"The application contains saved results, and one result entry cannot be decoded or read correctly.",The player opens the results history or score summary screen that includes the unreadable entry.,"The unreadable result is handled without stopping the application, the rest of the results remain accessible, and the player can continue using the game normally."
EX-003,required,false,SCEN-EX-003-91,"The player has an active game in progress with unsaved movement since the last confirmed checkpoint, and the game is running normally on the current device.","The game is abruptly closed or the device loses power during play, then the player relaunches the game.","On restart, the game restores the most recent safe saved state rather than a partially completed move sequence, and the player can continue from the last confirmed position without corruption or missing progress."
EX-004,required,false,SCEN-EX-004-92,"The game is open on the main menu or in an active session, and the network connection to the update service is unavailable.",The system attempts to check for updates while the player keeps the game open.,"The update check fails without interrupting gameplay, no blocking error dialog appears, and the player remains able to start or continue playing normally."
EX-005,required,false,SCEN-EX-005-93,"The player has completed a game session and chooses to export statistics, while the export destination is unavailable or rejects the write request.",The player initiates the stats export action.,"The game shows a clear message that the statistics export could not be completed, and the application remains responsive so the player can continue using the game normally."
EX-006,required,false,SCEN-EX-006-94,The player is in the middle of an active game and the storage location for saving progress is nearly full or cannot accept additional save data.,"The game attempts to save progress after a move, checkpoint, or session change.","The game warns the player that storage is limited, preserves the essential progress that can still be saved, and does not discard the entire game state or crash."
EX-007,required,false,SCEN-EX-007-95,"The player has an existing saved session, then switches to another session or leaves the game unopened for an extended period before returning.",The player reopens the game and selects the prior session to continue.,"The game loads cleanly into the correct session without losing the player's place, and the board or state resumes from the last known location instead of resetting or opening the wrong session."
UN-001,unresolved,false,SCEN-UN-001-96,"The game is being evaluated for supported platforms, with no mobile-specific version or controls currently committed.",A player attempts to access the game on a mobile device.,"The system does not claim mobile support as a released feature; if mobile access is unavailable, the game presents a clear unsupported-platform outcome rather than an inconsistent or partially working mobile experience."
UN-002,unresolved,false,SCEN-UN-002-97,"The first version of the game is installed on a player device, and automatic updates are not enabled as a defined release feature.",The player launches the game and waits for the system to look for updates without manually requesting it.,"The game remains playable without relying on automatic update behavior, and no mandatory update flow interrupts access unless a future sponsor decision explicitly adds that capability."
UN-003,unresolved,false,SCEN-UN-003-98,"The game is configured with standard save behavior, and no adaptive autosave timing policy has been finalized.","The player performs normal gameplay for an extended period, including short and long pauses between moves.","The game continues using its defined save behavior without exposing a contradictory adaptive-autosave promise, and progress remains protected according to the currently available save mechanism."
UN-004,unresolved,false,SCEN-UN-004-99,"The game stores progress data on a device where available storage is being consumed by other files, and no final storage threshold has been specified.",The player continues playing until a save operation is attempted under constrained storage conditions.,"When storage pressure occurs, the game behaves defensively by warning the player and preserving progress as much as possible, without relying on any undocumented fixed capacity limit."
UN-005,unresolved,false,SCEN-UN-005-100,"The player has completed gameplay and opens the statistics export feature, while the product has not yet decided whether to include detailed session records.",The player requests a stats export and examines the exported content.,The export contains only the currently defined statistics fields and does not present detailed session records as a guaranteed part of the output unless that capability is later approved.
