case_id,method_id,scope,N,O,R,S,satisfied,partial,unsatisfied,varying,R5,S5,P5,observability_rate,agreement_rate,full_agreement_rate
PURE_002,llmrei-long,all_evaluable,26,16,13,10,7,3,0,3,3,3,3,0.6153846153846154,0.7692307692307693,1.0
PURE_004,llmrei-long,all_evaluable,40,9,0,0,0,0,0,0,0,0,0,0.225,,
PURE_024,llmrei-long,all_evaluable,33,20,13,9,5,4,0,4,3,1,0,0.6060606060606061,0.6923076923076923,0.3333333333333333
PURE_057,llmrei-long,all_evaluable,21,21,16,7,6,0,1,9,6,3,3,1.0,0.4375,0.5
PURE_069,llmrei-long,all_evaluable,9,8,8,7,7,0,0,1,0,0,0,0.8888888888888888,0.875,
PURE_002,hashimoto,all_evaluable,52,32,28,22,11,10,1,6,0,0,0,0.6153846153846154,0.7857142857142857,
PURE_004,hashimoto,all_evaluable,18,10,8,4,1,3,0,4,0,0,0,0.5555555555555556,0.5,
PURE_024,hashimoto,all_evaluable,11,11,11,10,6,4,0,1,5,5,5,1.0,0.9090909090909091,1.0
PURE_057,hashimoto,all_evaluable,38,21,11,8,1,6,1,3,1,1,0,0.5526315789473685,0.7272727272727273,1.0
PURE_069,hashimoto,all_evaluable,25,19,14,12,11,1,0,2,10,8,7,0.76,0.8571428571428571,0.8
PURE_002,sparkme,all_evaluable,105,67,44,28,13,9,6,16,14,6,3,0.638095238095238,0.6363636363636364,0.42857142857142855
PURE_004,sparkme,all_evaluable,88,49,39,27,9,17,1,12,5,3,0,0.5568181818181818,0.6923076923076923,0.6
PURE_024,sparkme,all_evaluable,121,25,16,13,3,8,2,3,0,0,0,0.2066115702479339,0.8125,
PURE_057,sparkme,all_evaluable,119,28,17,15,4,11,0,2,0,0,0,0.23529411764705882,0.8823529411764706,
PURE_069,sparkme,all_evaluable,74,35,30,23,14,6,3,7,19,14,11,0.47297297297297297,0.7666666666666667,0.7368421052631579
PURE_002,proposed_method,all_evaluable,135,29,17,15,6,9,0,2,3,2,1,0.21481481481481482,0.8823529411764706,0.6666666666666666
PURE_004,proposed_method,all_evaluable,46,36,30,25,10,14,1,5,10,9,2,0.782608695652174,0.8333333333333334,0.9
PURE_024,proposed_method,all_evaluable,99,42,22,14,2,9,3,8,6,1,1,0.42424242424242425,0.6363636363636364,0.16666666666666666
PURE_057,proposed_method,all_evaluable,103,52,25,15,3,11,1,10,3,2,0,0.5048543689320388,0.6,0.6666666666666666
PURE_069,proposed_method,all_evaluable,138,91,77,50,18,27,5,27,32,17,10,0.6594202898550725,0.6493506493506493,0.53125
PURE_002,llmrei-long,behavioral,26,16,13,10,7,3,0,3,3,3,3,0.6153846153846154,0.7692307692307693,1.0
PURE_004,llmrei-long,behavioral,32,9,0,0,0,0,0,0,0,0,0,0.28125,,
PURE_024,llmrei-long,behavioral,29,19,12,8,5,3,0,4,3,1,0,0.6551724137931034,0.6666666666666666,0.3333333333333333
PURE_057,llmrei-long,behavioral,19,19,15,7,6,0,1,8,5,3,3,1.0,0.4666666666666667,0.6
PURE_069,llmrei-long,behavioral,9,8,8,7,7,0,0,1,0,0,0,0.8888888888888888,0.875,
PURE_002,hashimoto,behavioral,51,32,28,22,11,10,1,6,0,0,0,0.6274509803921569,0.7857142857142857,
PURE_004,hashimoto,behavioral,18,10,8,4,1,3,0,4,0,0,0,0.5555555555555556,0.5,
PURE_024,hashimoto,behavioral,11,11,11,10,6,4,0,1,5,5,5,1.0,0.9090909090909091,1.0
PURE_057,hashimoto,behavioral,34,19,10,7,0,6,1,3,1,1,0,0.5588235294117647,0.7,1.0
PURE_069,hashimoto,behavioral,25,19,14,12,11,1,0,2,10,8,7,0.76,0.8571428571428571,0.8
PURE_002,sparkme,behavioral,88,55,32,21,10,6,5,11,12,4,2,0.625,0.65625,0.3333333333333333
PURE_004,sparkme,behavioral,69,37,29,18,6,11,1,11,4,2,0,0.5362318840579711,0.6206896551724138,0.5
PURE_024,sparkme,behavioral,103,23,16,13,3,8,2,3,0,0,0,0.22330097087378642,0.8125,
PURE_057,sparkme,behavioral,92,24,15,14,4,10,0,1,0,0,0,0.2608695652173913,0.9333333333333333,
PURE_069,sparkme,behavioral,53,23,20,16,11,4,1,4,12,10,9,0.4339622641509434,0.8,0.8333333333333334
PURE_002,proposed_method,behavioral,115,23,14,13,6,7,0,1,3,2,1,0.2,0.9285714285714286,0.6666666666666666
PURE_004,proposed_method,behavioral,35,28,23,20,9,10,1,3,6,6,1,0.8,0.8695652173913043,1.0
PURE_024,proposed_method,behavioral,82,36,19,12,2,7,3,7,6,1,1,0.43902439024390244,0.631578947368421,0.16666666666666666
PURE_057,proposed_method,behavioral,91,47,22,12,3,8,1,10,3,2,0,0.5164835164835165,0.5454545454545454,0.6666666666666666
PURE_069,proposed_method,behavioral,120,79,65,44,18,22,4,21,30,17,10,0.6583333333333333,0.676923076923077,0.5666666666666667
PURE_002,llmrei-long,functional,21,16,13,10,7,3,0,3,3,3,3,0.7619047619047619,0.7692307692307693,1.0
PURE_004,llmrei-long,functional,25,7,0,0,0,0,0,0,0,0,0,0.28,,
PURE_024,llmrei-long,functional,23,17,12,8,5,3,0,4,3,1,0,0.7391304347826086,0.6666666666666666,0.3333333333333333
PURE_057,llmrei-long,functional,18,18,14,7,6,0,1,7,5,3,3,1.0,0.5,0.6
PURE_069,llmrei-long,functional,9,8,8,7,7,0,0,1,0,0,0,0.8888888888888888,0.875,
PURE_002,hashimoto,functional,17,14,13,11,5,6,0,2,0,0,0,0.8235294117647058,0.8461538461538461,
PURE_004,hashimoto,functional,17,10,8,4,1,3,0,4,0,0,0,0.5882352941176471,0.5,
PURE_024,hashimoto,functional,10,10,10,9,6,3,0,1,5,5,5,1.0,0.9,1.0
PURE_057,hashimoto,functional,31,16,8,5,0,4,1,3,1,1,0,0.5161290322580645,0.625,1.0
PURE_069,hashimoto,functional,23,18,13,12,11,1,0,1,9,8,7,0.782608695652174,0.9230769230769231,0.8888888888888888
PURE_002,sparkme,functional,71,48,28,19,10,4,5,9,10,4,2,0.676056338028169,0.6785714285714286,0.4
PURE_004,sparkme,functional,43,29,24,15,5,10,0,9,3,1,0,0.6744186046511628,0.625,0.3333333333333333
PURE_024,sparkme,functional,87,19,14,11,2,7,2,3,0,0,0,0.21839080459770116,0.7857142857142857,
PURE_057,sparkme,functional,79,22,15,14,4,10,0,1,0,0,0,0.27848101265822783,0.9333333333333333,
PURE_069,sparkme,functional,36,16,14,13,11,1,1,1,10,10,9,0.4444444444444444,0.9285714285714286,1.0
PURE_002,proposed_method,functional,89,17,10,9,5,4,0,1,3,2,1,0.19101123595505617,0.9,0.6666666666666666
PURE_004,proposed_method,functional,27,24,20,18,7,10,1,2,6,6,1,0.8888888888888888,0.9,1.0
PURE_024,proposed_method,functional,62,29,16,9,2,7,0,7,6,1,1,0.46774193548387094,0.5625,0.16666666666666666
PURE_057,proposed_method,functional,63,36,20,10,3,6,1,10,3,2,0,0.5714285714285714,0.5,0.6666666666666666
PURE_069,proposed_method,functional,98,62,51,35,14,19,2,16,19,10,6,0.6326530612244898,0.6862745098039216,0.5263157894736842
PURE_002,llmrei-long,boundary,5,0,0,0,0,0,0,0,0,0,0,0.0,,
PURE_004,llmrei-long,boundary,7,2,0,0,0,0,0,0,0,0,0,0.2857142857142857,,
PURE_024,llmrei-long,boundary,6,2,0,0,0,0,0,0,0,0,0,0.3333333333333333,,
PURE_057,llmrei-long,boundary,1,1,1,0,0,0,0,1,0,0,0,1.0,0.0,
PURE_069,llmrei-long,boundary,0,0,0,0,0,0,0,0,0,0,0,,,
PURE_002,hashimoto,boundary,34,18,15,11,6,4,1,4,0,0,0,0.5294117647058824,0.7333333333333333,
PURE_004,hashimoto,boundary,1,0,0,0,0,0,0,0,0,0,0,0.0,,
PURE_024,hashimoto,boundary,1,1,1,1,0,1,0,0,0,0,0,1.0,1.0,
PURE_057,hashimoto,boundary,3,3,2,2,0,2,0,0,0,0,0,1.0,1.0,
PURE_069,hashimoto,boundary,2,1,1,0,0,0,0,1,1,0,0,0.5,0.0,0.0
PURE_002,sparkme,boundary,17,7,4,2,0,2,0,2,2,0,0,0.4117647058823529,0.5,0.0
PURE_004,sparkme,boundary,26,8,5,3,1,1,1,2,1,1,0,0.3076923076923077,0.6,1.0
PURE_024,sparkme,boundary,16,4,2,2,1,1,0,0,0,0,0,0.25,1.0,
PURE_057,sparkme,boundary,13,2,0,0,0,0,0,0,0,0,0,0.15384615384615385,,
PURE_069,sparkme,boundary,17,7,6,3,0,3,0,3,2,0,0,0.4117647058823529,0.5,0.0
PURE_002,proposed_method,boundary,26,6,4,4,1,3,0,0,0,0,0,0.23076923076923078,1.0,
PURE_004,proposed_method,boundary,8,4,3,2,2,0,0,1,0,0,0,0.5,0.6666666666666666,
PURE_024,proposed_method,boundary,20,7,3,3,0,0,3,0,0,0,0,0.35,1.0,
PURE_057,proposed_method,boundary,28,11,2,2,0,2,0,0,0,0,0,0.39285714285714285,1.0,
PURE_069,proposed_method,boundary,22,17,14,9,4,3,2,5,11,7,4,0.7727272727272727,0.6428571428571429,0.6363636363636364
