method_id,scope,N,O,R,S,satisfied,partial,unsatisfied,varying,R5,S5,P5,observability_rate,agreement_rate,full_agreement_rate
llmrei-long,all_evaluable,129,74,50,33,25,7,1,17,12,7,6,0.5736434108527132,0.66,0.5833333333333334
hashimoto,all_evaluable,144,93,72,56,30,24,2,16,16,14,12,0.6458333333333334,0.7777777777777778,0.875
sparkme,all_evaluable,507,204,146,106,43,51,12,40,38,23,14,0.40236686390532544,0.726027397260274,0.6052631578947368
proposed_method,all_evaluable,521,250,171,119,39,70,10,52,54,31,14,0.4798464491362764,0.695906432748538,0.5740740740740741
llmrei-long,behavioral,115,71,48,32,25,6,1,16,11,7,6,0.6173913043478261,0.6666666666666666,0.6363636363636364
hashimoto,behavioral,139,91,71,55,29,24,2,16,16,14,12,0.6546762589928058,0.7746478873239436,0.875
sparkme,behavioral,405,162,112,82,34,39,9,30,28,16,11,0.4,0.7321428571428571,0.5714285714285714
proposed_method,behavioral,443,213,143,101,38,54,9,42,48,28,13,0.48081264108352145,0.7062937062937062,0.5833333333333334
llmrei-long,functional,96,66,47,32,25,6,1,15,11,7,6,0.6875,0.6808510638297872,0.6363636363636364
hashimoto,functional,98,68,52,41,23,17,1,11,15,14,12,0.6938775510204082,0.7884615384615384,0.9333333333333333
sparkme,functional,316,134,95,72,32,32,8,23,23,15,11,0.4240506329113924,0.7578947368421053,0.6521739130434783
proposed_method,functional,339,168,117,81,31,46,4,36,37,21,9,0.49557522123893805,0.6923076923076923,0.5675675675675675
llmrei-long,boundary,19,5,1,0,0,0,0,1,0,0,0,0.2631578947368421,0.0,
hashimoto,boundary,41,23,19,14,6,7,1,5,1,0,0,0.5609756097560976,0.7368421052631579,0.0
sparkme,boundary,89,28,17,10,2,7,1,7,5,1,0,0.3146067415730337,0.5882352941176471,0.2
proposed_method,boundary,104,45,26,20,7,8,5,6,11,7,4,0.4326923076923077,0.7692307692307693,0.6363636363636364
