case_id,method_id,threshold,breadth
PURE_001,hashimoto,0.45,31
PURE_001,llmrei-long,0.45,69
PURE_001,sparkme,0.45,100
PURE_001,proposed_method,0.45,107
PURE_002,hashimoto,0.45,34
PURE_002,llmrei-long,0.45,31
PURE_002,sparkme,0.45,90
PURE_002,proposed_method,0.45,104
PURE_003,hashimoto,0.45,28
PURE_003,llmrei-long,0.45,46
PURE_003,sparkme,0.45,85
PURE_003,proposed_method,0.45,118
PURE_004,hashimoto,0.45,14
PURE_004,llmrei-long,0.45,22
PURE_004,sparkme,0.45,51
PURE_004,proposed_method,0.45,45
PURE_005,hashimoto,0.45,6
PURE_005,llmrei-long,0.45,26
PURE_005,sparkme,0.45,90
PURE_005,proposed_method,0.45,95
PURE_006,hashimoto,0.45,22
PURE_006,llmrei-long,0.45,20
PURE_006,sparkme,0.45,73
PURE_006,proposed_method,0.45,98
PURE_007,hashimoto,0.45,22
PURE_007,llmrei-long,0.45,11
PURE_007,sparkme,0.45,64
PURE_007,proposed_method,0.45,79
PURE_008,hashimoto,0.45,39
PURE_008,llmrei-long,0.45,9
PURE_008,sparkme,0.45,76
PURE_008,proposed_method,0.45,83
PURE_009,hashimoto,0.45,11
PURE_009,llmrei-long,0.45,8
PURE_009,sparkme,0.45,59
PURE_009,proposed_method,0.45,63
PURE_010,hashimoto,0.45,8
PURE_010,llmrei-long,0.45,19
PURE_010,sparkme,0.45,50
PURE_010,proposed_method,0.45,68
PURE_011,hashimoto,0.45,27
PURE_011,llmrei-long,0.45,18
PURE_011,sparkme,0.45,62
PURE_011,proposed_method,0.45,70
PURE_012,hashimoto,0.45,8
PURE_012,llmrei-long,0.45,15
PURE_012,sparkme,0.45,76
PURE_012,proposed_method,0.45,77
PURE_013,hashimoto,0.45,18
PURE_013,llmrei-long,0.45,33
PURE_013,sparkme,0.45,56
PURE_013,proposed_method,0.45,66
PURE_014,hashimoto,0.45,41
PURE_014,llmrei-long,0.45,25
PURE_014,sparkme,0.45,78
PURE_014,proposed_method,0.45,84
PURE_015,hashimoto,0.45,20
PURE_015,llmrei-long,0.45,35
PURE_015,sparkme,0.45,106
PURE_015,proposed_method,0.45,130
PURE_016,hashimoto,0.45,21
PURE_016,llmrei-long,0.45,23
PURE_016,sparkme,0.45,81
PURE_016,proposed_method,0.45,108
PURE_017,hashimoto,0.45,17
PURE_017,llmrei-long,0.45,18
PURE_017,sparkme,0.45,74
PURE_017,proposed_method,0.45,81
PURE_018,hashimoto,0.45,31
PURE_018,llmrei-long,0.45,26
PURE_018,sparkme,0.45,59
PURE_018,proposed_method,0.45,128
PURE_019,hashimoto,0.45,6
PURE_019,llmrei-long,0.45,17
PURE_019,sparkme,0.45,79
PURE_019,proposed_method,0.45,79
PURE_020,hashimoto,0.45,8
PURE_020,llmrei-long,0.45,18
PURE_020,sparkme,0.45,69
PURE_020,proposed_method,0.45,77
PURE_021,hashimoto,0.45,19
PURE_021,llmrei-long,0.45,9
PURE_021,sparkme,0.45,51
PURE_021,proposed_method,0.45,48
PURE_022,hashimoto,0.45,20
PURE_022,llmrei-long,0.45,32
PURE_022,sparkme,0.45,76
PURE_022,proposed_method,0.45,58
PURE_023,hashimoto,0.45,16
PURE_023,llmrei-long,0.45,31
PURE_023,sparkme,0.45,86
PURE_023,proposed_method,0.45,132
PURE_024,hashimoto,0.45,11
PURE_024,llmrei-long,0.45,25
PURE_024,sparkme,0.45,89
PURE_024,proposed_method,0.45,114
PURE_025,hashimoto,0.45,6
PURE_025,llmrei-long,0.45,25
PURE_025,sparkme,0.45,76
PURE_025,proposed_method,0.45,69
PURE_026,hashimoto,0.45,7
PURE_026,llmrei-long,0.45,29
PURE_026,sparkme,0.45,92
PURE_026,proposed_method,0.45,92
PURE_027,hashimoto,0.45,7
PURE_027,llmrei-long,0.45,31
PURE_027,sparkme,0.45,61
PURE_027,proposed_method,0.45,111
PURE_028,hashimoto,0.45,5
PURE_028,llmrei-long,0.45,11
PURE_028,sparkme,0.45,52
PURE_028,proposed_method,0.45,88
PURE_029,hashimoto,0.45,23
PURE_029,llmrei-long,0.45,26
PURE_029,sparkme,0.45,67
PURE_029,proposed_method,0.45,70
PURE_030,hashimoto,0.45,16
PURE_030,llmrei-long,0.45,20
PURE_030,sparkme,0.45,69
PURE_030,proposed_method,0.45,63
PURE_031,hashimoto,0.45,18
PURE_031,llmrei-long,0.45,42
PURE_031,sparkme,0.45,60
PURE_031,proposed_method,0.45,88
PURE_032,hashimoto,0.45,22
PURE_032,llmrei-long,0.45,19
PURE_032,sparkme,0.45,93
PURE_032,proposed_method,0.45,79
PURE_033,hashimoto,0.45,8
PURE_033,llmrei-long,0.45,19
PURE_033,sparkme,0.45,49
PURE_033,proposed_method,0.45,62
PURE_034,hashimoto,0.45,9
PURE_034,llmrei-long,0.45,34
PURE_034,sparkme,0.45,59
PURE_034,proposed_method,0.45,88
PURE_035,hashimoto,0.45,21
PURE_035,llmrei-long,0.45,12
PURE_035,sparkme,0.45,76
PURE_035,proposed_method,0.45,86
PURE_036,hashimoto,0.45,15
PURE_036,llmrei-long,0.45,19
PURE_036,sparkme,0.45,69
PURE_036,proposed_method,0.45,69
PURE_037,hashimoto,0.45,8
PURE_037,llmrei-long,0.45,16
PURE_037,sparkme,0.45,63
PURE_037,proposed_method,0.45,96
PURE_038,hashimoto,0.45,6
PURE_038,llmrei-long,0.45,22
PURE_038,sparkme,0.45,51
PURE_038,proposed_method,0.45,77
PURE_039,hashimoto,0.45,17
PURE_039,llmrei-long,0.45,10
PURE_039,sparkme,0.45,42
PURE_039,proposed_method,0.45,95
PURE_040,hashimoto,0.45,7
PURE_040,llmrei-long,0.45,21
PURE_040,sparkme,0.45,71
PURE_040,proposed_method,0.45,81
PURE_041,hashimoto,0.45,30
PURE_041,llmrei-long,0.45,32
PURE_041,sparkme,0.45,95
PURE_041,proposed_method,0.45,140
PURE_042,hashimoto,0.45,31
PURE_042,llmrei-long,0.45,26
PURE_042,sparkme,0.45,47
PURE_042,proposed_method,0.45,92
PURE_043,hashimoto,0.45,4
PURE_043,llmrei-long,0.45,19
PURE_043,sparkme,0.45,77
PURE_043,proposed_method,0.45,96
PURE_044,hashimoto,0.45,19
PURE_044,llmrei-long,0.45,43
PURE_044,sparkme,0.45,118
PURE_044,proposed_method,0.45,123
PURE_045,hashimoto,0.45,28
PURE_045,llmrei-long,0.45,36
PURE_045,sparkme,0.45,61
PURE_045,proposed_method,0.45,65
PURE_046,hashimoto,0.45,12
PURE_046,llmrei-long,0.45,29
PURE_046,sparkme,0.45,56
PURE_046,proposed_method,0.45,51
PURE_047,hashimoto,0.45,6
PURE_047,llmrei-long,0.45,18
PURE_047,sparkme,0.45,79
PURE_047,proposed_method,0.45,87
PURE_048,hashimoto,0.45,30
PURE_048,llmrei-long,0.45,29
PURE_048,sparkme,0.45,64
PURE_048,proposed_method,0.45,74
PURE_049,hashimoto,0.45,7
PURE_049,llmrei-long,0.45,21
PURE_049,sparkme,0.45,94
PURE_049,proposed_method,0.45,90
PURE_050,hashimoto,0.45,7
PURE_050,llmrei-long,0.45,23
PURE_050,sparkme,0.45,81
PURE_050,proposed_method,0.45,77
PURE_051,hashimoto,0.45,5
PURE_051,llmrei-long,0.45,25
PURE_051,sparkme,0.45,68
PURE_051,proposed_method,0.45,71
PURE_052,hashimoto,0.45,18
PURE_052,llmrei-long,0.45,15
PURE_052,sparkme,0.45,100
PURE_052,proposed_method,0.45,109
PURE_053,hashimoto,0.45,19
PURE_053,llmrei-long,0.45,31
PURE_053,sparkme,0.45,101
PURE_053,proposed_method,0.45,108
PURE_054,hashimoto,0.45,20
PURE_054,llmrei-long,0.45,39
PURE_054,sparkme,0.45,56
PURE_054,proposed_method,0.45,99
PURE_055,hashimoto,0.45,25
PURE_055,llmrei-long,0.45,24
PURE_055,sparkme,0.45,116
PURE_055,proposed_method,0.45,112
PURE_056,hashimoto,0.45,26
PURE_056,llmrei-long,0.45,24
PURE_056,sparkme,0.45,61
PURE_056,proposed_method,0.45,95
PURE_057,hashimoto,0.45,20
PURE_057,llmrei-long,0.45,12
PURE_057,sparkme,0.45,97
PURE_057,proposed_method,0.45,103
PURE_058,hashimoto,0.45,16
PURE_058,llmrei-long,0.45,33
PURE_058,sparkme,0.45,65
PURE_058,proposed_method,0.45,94
PURE_059,hashimoto,0.45,8
PURE_059,llmrei-long,0.45,17
PURE_059,sparkme,0.45,40
PURE_059,proposed_method,0.45,38
PURE_060,hashimoto,0.45,12
PURE_060,llmrei-long,0.45,11
PURE_060,sparkme,0.45,52
PURE_060,proposed_method,0.45,68
PURE_061,hashimoto,0.45,10
PURE_061,llmrei-long,0.45,16
PURE_061,sparkme,0.45,90
PURE_061,proposed_method,0.45,101
PURE_062,hashimoto,0.45,21
PURE_062,llmrei-long,0.45,39
PURE_062,sparkme,0.45,86
PURE_062,proposed_method,0.45,79
PURE_063,hashimoto,0.45,18
PURE_063,llmrei-long,0.45,23
PURE_063,sparkme,0.45,108
PURE_063,proposed_method,0.45,107
PURE_064,hashimoto,0.45,26
PURE_064,llmrei-long,0.45,21
PURE_064,sparkme,0.45,70
PURE_064,proposed_method,0.45,81
PURE_065,hashimoto,0.45,10
PURE_065,llmrei-long,0.45,44
PURE_065,sparkme,0.45,100
PURE_065,proposed_method,0.45,114
PURE_066,hashimoto,0.45,19
PURE_066,llmrei-long,0.45,38
PURE_066,sparkme,0.45,76
PURE_066,proposed_method,0.45,99
PURE_067,hashimoto,0.45,15
PURE_067,llmrei-long,0.45,16
PURE_067,sparkme,0.45,61
PURE_067,proposed_method,0.45,64
PURE_068,hashimoto,0.45,27
PURE_068,llmrei-long,0.45,48
PURE_068,sparkme,0.45,80
PURE_068,proposed_method,0.45,164
PURE_069,hashimoto,0.45,13
PURE_069,llmrei-long,0.45,12
PURE_069,sparkme,0.45,93
PURE_069,proposed_method,0.45,102
PURE_001,hashimoto,0.5,25
PURE_001,llmrei-long,0.5,57
PURE_001,sparkme,0.5,81
PURE_001,proposed_method,0.5,81
PURE_002,hashimoto,0.5,29
PURE_002,llmrei-long,0.5,23
PURE_002,sparkme,0.5,72
PURE_002,proposed_method,0.5,80
PURE_003,hashimoto,0.5,24
PURE_003,llmrei-long,0.5,37
PURE_003,sparkme,0.5,68
PURE_003,proposed_method,0.5,92
PURE_004,hashimoto,0.5,11
PURE_004,llmrei-long,0.5,20
PURE_004,sparkme,0.5,39
PURE_004,proposed_method,0.5,35
PURE_005,hashimoto,0.5,5
PURE_005,llmrei-long,0.5,25
PURE_005,sparkme,0.5,70
PURE_005,proposed_method,0.5,72
PURE_006,hashimoto,0.5,19
PURE_006,llmrei-long,0.5,20
PURE_006,sparkme,0.5,56
PURE_006,proposed_method,0.5,74
PURE_007,hashimoto,0.5,19
PURE_007,llmrei-long,0.5,9
PURE_007,sparkme,0.5,53
PURE_007,proposed_method,0.5,60
PURE_008,hashimoto,0.5,28
PURE_008,llmrei-long,0.5,9
PURE_008,sparkme,0.5,58
PURE_008,proposed_method,0.5,64
PURE_009,hashimoto,0.5,11
PURE_009,llmrei-long,0.5,8
PURE_009,sparkme,0.5,45
PURE_009,proposed_method,0.5,55
PURE_010,hashimoto,0.5,6
PURE_010,llmrei-long,0.5,15
PURE_010,sparkme,0.5,37
PURE_010,proposed_method,0.5,51
PURE_011,hashimoto,0.5,23
PURE_011,llmrei-long,0.5,13
PURE_011,sparkme,0.5,46
PURE_011,proposed_method,0.5,58
PURE_012,hashimoto,0.5,6
PURE_012,llmrei-long,0.5,11
PURE_012,sparkme,0.5,57
PURE_012,proposed_method,0.5,56
PURE_013,hashimoto,0.5,16
PURE_013,llmrei-long,0.5,23
PURE_013,sparkme,0.5,45
PURE_013,proposed_method,0.5,52
PURE_014,hashimoto,0.5,31
PURE_014,llmrei-long,0.5,22
PURE_014,sparkme,0.5,56
PURE_014,proposed_method,0.5,65
PURE_015,hashimoto,0.5,19
PURE_015,llmrei-long,0.5,29
PURE_015,sparkme,0.5,76
PURE_015,proposed_method,0.5,95
PURE_016,hashimoto,0.5,19
PURE_016,llmrei-long,0.5,16
PURE_016,sparkme,0.5,62
PURE_016,proposed_method,0.5,83
PURE_017,hashimoto,0.5,14
PURE_017,llmrei-long,0.5,16
PURE_017,sparkme,0.5,57
PURE_017,proposed_method,0.5,59
PURE_018,hashimoto,0.5,26
PURE_018,llmrei-long,0.5,23
PURE_018,sparkme,0.5,43
PURE_018,proposed_method,0.5,90
PURE_019,hashimoto,0.5,6
PURE_019,llmrei-long,0.5,16
PURE_019,sparkme,0.5,61
PURE_019,proposed_method,0.5,62
PURE_020,hashimoto,0.5,7
PURE_020,llmrei-long,0.5,15
PURE_020,sparkme,0.5,52
PURE_020,proposed_method,0.5,58
PURE_021,hashimoto,0.5,16
PURE_021,llmrei-long,0.5,9
PURE_021,sparkme,0.5,38
PURE_021,proposed_method,0.5,32
PURE_022,hashimoto,0.5,17
PURE_022,llmrei-long,0.5,25
PURE_022,sparkme,0.5,55
PURE_022,proposed_method,0.5,52
PURE_023,hashimoto,0.5,14
PURE_023,llmrei-long,0.5,24
PURE_023,sparkme,0.5,66
PURE_023,proposed_method,0.5,99
PURE_024,hashimoto,0.5,11
PURE_024,llmrei-long,0.5,20
PURE_024,sparkme,0.5,69
PURE_024,proposed_method,0.5,90
PURE_025,hashimoto,0.5,6
PURE_025,llmrei-long,0.5,21
PURE_025,sparkme,0.5,61
PURE_025,proposed_method,0.5,55
PURE_026,hashimoto,0.5,5
PURE_026,llmrei-long,0.5,24
PURE_026,sparkme,0.5,70
PURE_026,proposed_method,0.5,72
PURE_027,hashimoto,0.5,6
PURE_027,llmrei-long,0.5,26
PURE_027,sparkme,0.5,47
PURE_027,proposed_method,0.5,85
PURE_028,hashimoto,0.5,4
PURE_028,llmrei-long,0.5,9
PURE_028,sparkme,0.5,38
PURE_028,proposed_method,0.5,65
PURE_029,hashimoto,0.5,18
PURE_029,llmrei-long,0.5,23
PURE_029,sparkme,0.5,50
PURE_029,proposed_method,0.5,46
PURE_030,hashimoto,0.5,12
PURE_030,llmrei-long,0.5,16
PURE_030,sparkme,0.5,54
PURE_030,proposed_method,0.5,54
PURE_031,hashimoto,0.5,17
PURE_031,llmrei-long,0.5,29
PURE_031,sparkme,0.5,37
PURE_031,proposed_method,0.5,68
PURE_032,hashimoto,0.5,19
PURE_032,llmrei-long,0.5,19
PURE_032,sparkme,0.5,71
PURE_032,proposed_method,0.5,65
PURE_033,hashimoto,0.5,7
PURE_033,llmrei-long,0.5,18
PURE_033,sparkme,0.5,39
PURE_033,proposed_method,0.5,53
PURE_034,hashimoto,0.5,6
PURE_034,llmrei-long,0.5,28
PURE_034,sparkme,0.5,48
PURE_034,proposed_method,0.5,70
PURE_035,hashimoto,0.5,15
PURE_035,llmrei-long,0.5,9
PURE_035,sparkme,0.5,55
PURE_035,proposed_method,0.5,60
PURE_036,hashimoto,0.5,12
PURE_036,llmrei-long,0.5,19
PURE_036,sparkme,0.5,54
PURE_036,proposed_method,0.5,52
PURE_037,hashimoto,0.5,7
PURE_037,llmrei-long,0.5,12
PURE_037,sparkme,0.5,51
PURE_037,proposed_method,0.5,70
PURE_038,hashimoto,0.5,5
PURE_038,llmrei-long,0.5,19
PURE_038,sparkme,0.5,38
PURE_038,proposed_method,0.5,62
PURE_039,hashimoto,0.5,15
PURE_039,llmrei-long,0.5,10
PURE_039,sparkme,0.5,36
PURE_039,proposed_method,0.5,76
PURE_040,hashimoto,0.5,7
PURE_040,llmrei-long,0.5,17
PURE_040,sparkme,0.5,53
PURE_040,proposed_method,0.5,66
PURE_041,hashimoto,0.5,24
PURE_041,llmrei-long,0.5,26
PURE_041,sparkme,0.5,68
PURE_041,proposed_method,0.5,101
PURE_042,hashimoto,0.5,24
PURE_042,llmrei-long,0.5,22
PURE_042,sparkme,0.5,42
PURE_042,proposed_method,0.5,63
PURE_043,hashimoto,0.5,4
PURE_043,llmrei-long,0.5,16
PURE_043,sparkme,0.5,54
PURE_043,proposed_method,0.5,74
PURE_044,hashimoto,0.5,14
PURE_044,llmrei-long,0.5,40
PURE_044,sparkme,0.5,93
PURE_044,proposed_method,0.5,98
PURE_045,hashimoto,0.5,24
PURE_045,llmrei-long,0.5,31
PURE_045,sparkme,0.5,51
PURE_045,proposed_method,0.5,56
PURE_046,hashimoto,0.5,10
PURE_046,llmrei-long,0.5,25
PURE_046,sparkme,0.5,43
PURE_046,proposed_method,0.5,39
PURE_047,hashimoto,0.5,6
PURE_047,llmrei-long,0.5,15
PURE_047,sparkme,0.5,56
PURE_047,proposed_method,0.5,60
PURE_048,hashimoto,0.5,24
PURE_048,llmrei-long,0.5,26
PURE_048,sparkme,0.5,48
PURE_048,proposed_method,0.5,60
PURE_049,hashimoto,0.5,6
PURE_049,llmrei-long,0.5,18
PURE_049,sparkme,0.5,70
PURE_049,proposed_method,0.5,67
PURE_050,hashimoto,0.5,5
PURE_050,llmrei-long,0.5,17
PURE_050,sparkme,0.5,61
PURE_050,proposed_method,0.5,55
PURE_051,hashimoto,0.5,5
PURE_051,llmrei-long,0.5,22
PURE_051,sparkme,0.5,55
PURE_051,proposed_method,0.5,57
PURE_052,hashimoto,0.5,15
PURE_052,llmrei-long,0.5,15
PURE_052,sparkme,0.5,81
PURE_052,proposed_method,0.5,79
PURE_053,hashimoto,0.5,16
PURE_053,llmrei-long,0.5,30
PURE_053,sparkme,0.5,74
PURE_053,proposed_method,0.5,80
PURE_054,hashimoto,0.5,16
PURE_054,llmrei-long,0.5,29
PURE_054,sparkme,0.5,46
PURE_054,proposed_method,0.5,76
PURE_055,hashimoto,0.5,19
PURE_055,llmrei-long,0.5,19
PURE_055,sparkme,0.5,82
PURE_055,proposed_method,0.5,84
PURE_056,hashimoto,0.5,19
PURE_056,llmrei-long,0.5,21
PURE_056,sparkme,0.5,51
PURE_056,proposed_method,0.5,76
PURE_057,hashimoto,0.5,15
PURE_057,llmrei-long,0.5,11
PURE_057,sparkme,0.5,77
PURE_057,proposed_method,0.5,82
PURE_058,hashimoto,0.5,14
PURE_058,llmrei-long,0.5,30
PURE_058,sparkme,0.5,52
PURE_058,proposed_method,0.5,75
PURE_059,hashimoto,0.5,6
PURE_059,llmrei-long,0.5,12
PURE_059,sparkme,0.5,32
PURE_059,proposed_method,0.5,29
PURE_060,hashimoto,0.5,10
PURE_060,llmrei-long,0.5,10
PURE_060,sparkme,0.5,38
PURE_060,proposed_method,0.5,49
PURE_061,hashimoto,0.5,8
PURE_061,llmrei-long,0.5,13
PURE_061,sparkme,0.5,71
PURE_061,proposed_method,0.5,77
PURE_062,hashimoto,0.5,19
PURE_062,llmrei-long,0.5,31
PURE_062,sparkme,0.5,68
PURE_062,proposed_method,0.5,64
PURE_063,hashimoto,0.5,16
PURE_063,llmrei-long,0.5,20
PURE_063,sparkme,0.5,76
PURE_063,proposed_method,0.5,77
PURE_064,hashimoto,0.5,19
PURE_064,llmrei-long,0.5,16
PURE_064,sparkme,0.5,53
PURE_064,proposed_method,0.5,64
PURE_065,hashimoto,0.5,9
PURE_065,llmrei-long,0.5,35
PURE_065,sparkme,0.5,81
PURE_065,proposed_method,0.5,89
PURE_066,hashimoto,0.5,15
PURE_066,llmrei-long,0.5,33
PURE_066,sparkme,0.5,60
PURE_066,proposed_method,0.5,75
PURE_067,hashimoto,0.5,14
PURE_067,llmrei-long,0.5,14
PURE_067,sparkme,0.5,49
PURE_067,proposed_method,0.5,48
PURE_068,hashimoto,0.5,23
PURE_068,llmrei-long,0.5,42
PURE_068,sparkme,0.5,65
PURE_068,proposed_method,0.5,124
PURE_069,hashimoto,0.5,12
PURE_069,llmrei-long,0.5,11
PURE_069,sparkme,0.5,74
PURE_069,proposed_method,0.5,79
PURE_001,hashimoto,0.55,16
PURE_001,llmrei-long,0.55,41
PURE_001,sparkme,0.55,58
PURE_001,proposed_method,0.55,59
PURE_002,hashimoto,0.55,25
PURE_002,llmrei-long,0.55,19
PURE_002,sparkme,0.55,51
PURE_002,proposed_method,0.55,53
PURE_003,hashimoto,0.55,21
PURE_003,llmrei-long,0.55,31
PURE_003,sparkme,0.55,53
PURE_003,proposed_method,0.55,66
PURE_004,hashimoto,0.55,10
PURE_004,llmrei-long,0.55,19
PURE_004,sparkme,0.55,28
PURE_004,proposed_method,0.55,23
PURE_005,hashimoto,0.55,5
PURE_005,llmrei-long,0.55,18
PURE_005,sparkme,0.55,50
PURE_005,proposed_method,0.55,50
PURE_006,hashimoto,0.55,15
PURE_006,llmrei-long,0.55,16
PURE_006,sparkme,0.55,41
PURE_006,proposed_method,0.55,49
PURE_007,hashimoto,0.55,17
PURE_007,llmrei-long,0.55,9
PURE_007,sparkme,0.55,40
PURE_007,proposed_method,0.55,43
PURE_008,hashimoto,0.55,20
PURE_008,llmrei-long,0.55,7
PURE_008,sparkme,0.55,37
PURE_008,proposed_method,0.55,52
PURE_009,hashimoto,0.55,7
PURE_009,llmrei-long,0.55,7
PURE_009,sparkme,0.55,32
PURE_009,proposed_method,0.55,38
PURE_010,hashimoto,0.55,6
PURE_010,llmrei-long,0.55,12
PURE_010,sparkme,0.55,26
PURE_010,proposed_method,0.55,32
PURE_011,hashimoto,0.55,17
PURE_011,llmrei-long,0.55,11
PURE_011,sparkme,0.55,34
PURE_011,proposed_method,0.55,42
PURE_012,hashimoto,0.55,5
PURE_012,llmrei-long,0.55,10
PURE_012,sparkme,0.55,37
PURE_012,proposed_method,0.55,42
PURE_013,hashimoto,0.55,13
PURE_013,llmrei-long,0.55,18
PURE_013,sparkme,0.55,28
PURE_013,proposed_method,0.55,33
PURE_014,hashimoto,0.55,23
PURE_014,llmrei-long,0.55,16
PURE_014,sparkme,0.55,41
PURE_014,proposed_method,0.55,46
PURE_015,hashimoto,0.55,15
PURE_015,llmrei-long,0.55,25
PURE_015,sparkme,0.55,55
PURE_015,proposed_method,0.55,66
PURE_016,hashimoto,0.55,14
PURE_016,llmrei-long,0.55,14
PURE_016,sparkme,0.55,40
PURE_016,proposed_method,0.55,61
PURE_017,hashimoto,0.55,7
PURE_017,llmrei-long,0.55,13
PURE_017,sparkme,0.55,38
PURE_017,proposed_method,0.55,41
PURE_018,hashimoto,0.55,20
PURE_018,llmrei-long,0.55,19
PURE_018,sparkme,0.55,32
PURE_018,proposed_method,0.55,65
PURE_019,hashimoto,0.55,6
PURE_019,llmrei-long,0.55,11
PURE_019,sparkme,0.55,44
PURE_019,proposed_method,0.55,49
PURE_020,hashimoto,0.55,5
PURE_020,llmrei-long,0.55,12
PURE_020,sparkme,0.55,37
PURE_020,proposed_method,0.55,42
PURE_021,hashimoto,0.55,14
PURE_021,llmrei-long,0.55,9
PURE_021,sparkme,0.55,28
PURE_021,proposed_method,0.55,24
PURE_022,hashimoto,0.55,15
PURE_022,llmrei-long,0.55,21
PURE_022,sparkme,0.55,41
PURE_022,proposed_method,0.55,45
PURE_023,hashimoto,0.55,10
PURE_023,llmrei-long,0.55,21
PURE_023,sparkme,0.55,47
PURE_023,proposed_method,0.55,73
PURE_024,hashimoto,0.55,8
PURE_024,llmrei-long,0.55,16
PURE_024,sparkme,0.55,49
PURE_024,proposed_method,0.55,61
PURE_025,hashimoto,0.55,5
PURE_025,llmrei-long,0.55,15
PURE_025,sparkme,0.55,46
PURE_025,proposed_method,0.55,44
PURE_026,hashimoto,0.55,4
PURE_026,llmrei-long,0.55,17
PURE_026,sparkme,0.55,45
PURE_026,proposed_method,0.55,51
PURE_027,hashimoto,0.55,6
PURE_027,llmrei-long,0.55,20
PURE_027,sparkme,0.55,35
PURE_027,proposed_method,0.55,63
PURE_028,hashimoto,0.55,3
PURE_028,llmrei-long,0.55,7
PURE_028,sparkme,0.55,28
PURE_028,proposed_method,0.55,44
PURE_029,hashimoto,0.55,15
PURE_029,llmrei-long,0.55,20
PURE_029,sparkme,0.55,40
PURE_029,proposed_method,0.55,34
PURE_030,hashimoto,0.55,11
PURE_030,llmrei-long,0.55,16
PURE_030,sparkme,0.55,41
PURE_030,proposed_method,0.55,38
PURE_031,hashimoto,0.55,13
PURE_031,llmrei-long,0.55,23
PURE_031,sparkme,0.55,26
PURE_031,proposed_method,0.55,48
PURE_032,hashimoto,0.55,18
PURE_032,llmrei-long,0.55,16
PURE_032,sparkme,0.55,61
PURE_032,proposed_method,0.55,46
PURE_033,hashimoto,0.55,4
PURE_033,llmrei-long,0.55,15
PURE_033,sparkme,0.55,31
PURE_033,proposed_method,0.55,40
PURE_034,hashimoto,0.55,5
PURE_034,llmrei-long,0.55,19
PURE_034,sparkme,0.55,31
PURE_034,proposed_method,0.55,34
PURE_035,hashimoto,0.55,11
PURE_035,llmrei-long,0.55,5
PURE_035,sparkme,0.55,37
PURE_035,proposed_method,0.55,41
PURE_036,hashimoto,0.55,9
PURE_036,llmrei-long,0.55,15
PURE_036,sparkme,0.55,43
PURE_036,proposed_method,0.55,37
PURE_037,hashimoto,0.55,5
PURE_037,llmrei-long,0.55,9
PURE_037,sparkme,0.55,38
PURE_037,proposed_method,0.55,53
PURE_038,hashimoto,0.55,4
PURE_038,llmrei-long,0.55,14
PURE_038,sparkme,0.55,26
PURE_038,proposed_method,0.55,42
PURE_039,hashimoto,0.55,13
PURE_039,llmrei-long,0.55,7
PURE_039,sparkme,0.55,27
PURE_039,proposed_method,0.55,54
PURE_040,hashimoto,0.55,7
PURE_040,llmrei-long,0.55,12
PURE_040,sparkme,0.55,37
PURE_040,proposed_method,0.55,47
PURE_041,hashimoto,0.55,21
PURE_041,llmrei-long,0.55,25
PURE_041,sparkme,0.55,50
PURE_041,proposed_method,0.55,75
PURE_042,hashimoto,0.55,17
PURE_042,llmrei-long,0.55,19
PURE_042,sparkme,0.55,30
PURE_042,proposed_method,0.55,43
PURE_043,hashimoto,0.55,4
PURE_043,llmrei-long,0.55,14
PURE_043,sparkme,0.55,39
PURE_043,proposed_method,0.55,53
PURE_044,hashimoto,0.55,13
PURE_044,llmrei-long,0.55,34
PURE_044,sparkme,0.55,72
PURE_044,proposed_method,0.55,62
PURE_045,hashimoto,0.55,19
PURE_045,llmrei-long,0.55,24
PURE_045,sparkme,0.55,43
PURE_045,proposed_method,0.55,39
PURE_046,hashimoto,0.55,9
PURE_046,llmrei-long,0.55,22
PURE_046,sparkme,0.55,34
PURE_046,proposed_method,0.55,32
PURE_047,hashimoto,0.55,6
PURE_047,llmrei-long,0.55,13
PURE_047,sparkme,0.55,39
PURE_047,proposed_method,0.55,42
PURE_048,hashimoto,0.55,20
PURE_048,llmrei-long,0.55,21
PURE_048,sparkme,0.55,38
PURE_048,proposed_method,0.55,46
PURE_049,hashimoto,0.55,4
PURE_049,llmrei-long,0.55,17
PURE_049,sparkme,0.55,52
PURE_049,proposed_method,0.55,53
PURE_050,hashimoto,0.55,4
PURE_050,llmrei-long,0.55,14
PURE_050,sparkme,0.55,43
PURE_050,proposed_method,0.55,41
PURE_051,hashimoto,0.55,5
PURE_051,llmrei-long,0.55,16
PURE_051,sparkme,0.55,42
PURE_051,proposed_method,0.55,41
PURE_052,hashimoto,0.55,13
PURE_052,llmrei-long,0.55,12
PURE_052,sparkme,0.55,62
PURE_052,proposed_method,0.55,55
PURE_053,hashimoto,0.55,12
PURE_053,llmrei-long,0.55,22
PURE_053,sparkme,0.55,49
PURE_053,proposed_method,0.55,55
PURE_054,hashimoto,0.55,15
PURE_054,llmrei-long,0.55,22
PURE_054,sparkme,0.55,38
PURE_054,proposed_method,0.55,57
PURE_055,hashimoto,0.55,15
PURE_055,llmrei-long,0.55,16
PURE_055,sparkme,0.55,59
PURE_055,proposed_method,0.55,59
PURE_056,hashimoto,0.55,15
PURE_056,llmrei-long,0.55,15
PURE_056,sparkme,0.55,38
PURE_056,proposed_method,0.55,53
PURE_057,hashimoto,0.55,14
PURE_057,llmrei-long,0.55,8
PURE_057,sparkme,0.55,54
PURE_057,proposed_method,0.55,61
PURE_058,hashimoto,0.55,12
PURE_058,llmrei-long,0.55,21
PURE_058,sparkme,0.55,37
PURE_058,proposed_method,0.55,48
PURE_059,hashimoto,0.55,5
PURE_059,llmrei-long,0.55,8
PURE_059,sparkme,0.55,20
PURE_059,proposed_method,0.55,19
PURE_060,hashimoto,0.55,9
PURE_060,llmrei-long,0.55,8
PURE_060,sparkme,0.55,25
PURE_060,proposed_method,0.55,35
PURE_061,hashimoto,0.55,8
PURE_061,llmrei-long,0.55,11
PURE_061,sparkme,0.55,48
PURE_061,proposed_method,0.55,59
PURE_062,hashimoto,0.55,17
PURE_062,llmrei-long,0.55,22
PURE_062,sparkme,0.55,45
PURE_062,proposed_method,0.55,43
PURE_063,hashimoto,0.55,15
PURE_063,llmrei-long,0.55,18
PURE_063,sparkme,0.55,53
PURE_063,proposed_method,0.55,52
PURE_064,hashimoto,0.55,16
PURE_064,llmrei-long,0.55,16
PURE_064,sparkme,0.55,39
PURE_064,proposed_method,0.55,41
PURE_065,hashimoto,0.55,8
PURE_065,llmrei-long,0.55,32
PURE_065,sparkme,0.55,57
PURE_065,proposed_method,0.55,66
PURE_066,hashimoto,0.55,13
PURE_066,llmrei-long,0.55,25
PURE_066,sparkme,0.55,48
PURE_066,proposed_method,0.55,56
PURE_067,hashimoto,0.55,10
PURE_067,llmrei-long,0.55,12
PURE_067,sparkme,0.55,35
PURE_067,proposed_method,0.55,33
PURE_068,hashimoto,0.55,18
PURE_068,llmrei-long,0.55,31
PURE_068,sparkme,0.55,45
PURE_068,proposed_method,0.55,93
PURE_069,hashimoto,0.55,8
PURE_069,llmrei-long,0.55,9
PURE_069,sparkme,0.55,52
PURE_069,proposed_method,0.55,55
