case_id,method_id,transcript_id,yield_count,breadth,response_count
PURE_001,hashimoto,PURE_001::hashimoto,61,25,7
PURE_001,llmrei-long,PURE_001::llmrei-long,165,57,48
PURE_001,sparkme,PURE_001::sparkme,262,81,31
PURE_001,proposed_method,PURE_001::proposed_method,246,81,72
PURE_002,hashimoto,PURE_002::hashimoto,61,29,11
PURE_002,llmrei-long,PURE_002::llmrei-long,54,23,16
PURE_002,sparkme,PURE_002::sparkme,196,72,51
PURE_002,proposed_method,PURE_002::proposed_method,251,80,47
PURE_003,hashimoto,PURE_003::hashimoto,58,24,6
PURE_003,llmrei-long,PURE_003::llmrei-long,88,37,20
PURE_003,sparkme,PURE_003::sparkme,154,68,35
PURE_003,proposed_method,PURE_003::proposed_method,289,92,68
PURE_004,hashimoto,PURE_004::hashimoto,19,11,3
PURE_004,llmrei-long,PURE_004::llmrei-long,38,20,21
PURE_004,sparkme,PURE_004::sparkme,95,39,36
PURE_004,proposed_method,PURE_004::proposed_method,75,35,27
PURE_005,hashimoto,PURE_005::hashimoto,9,5,1
PURE_005,llmrei-long,PURE_005::llmrei-long,44,25,16
PURE_005,sparkme,PURE_005::sparkme,210,70,49
PURE_005,proposed_method,PURE_005::proposed_method,265,72,55
PURE_006,hashimoto,PURE_006::hashimoto,69,19,7
PURE_006,llmrei-long,PURE_006::llmrei-long,31,20,9
PURE_006,sparkme,PURE_006::sparkme,156,56,38
PURE_006,proposed_method,PURE_006::proposed_method,240,74,45
PURE_007,hashimoto,PURE_007::hashimoto,40,19,5
PURE_007,llmrei-long,PURE_007::llmrei-long,13,9,10
PURE_007,sparkme,PURE_007::sparkme,120,53,36
PURE_007,proposed_method,PURE_007::proposed_method,158,60,41
PURE_008,hashimoto,PURE_008::hashimoto,65,28,13
PURE_008,llmrei-long,PURE_008::llmrei-long,18,9,11
PURE_008,sparkme,PURE_008::sparkme,179,58,49
PURE_008,proposed_method,PURE_008::proposed_method,174,64,52
PURE_009,hashimoto,PURE_009::hashimoto,29,11,4
PURE_009,llmrei-long,PURE_009::llmrei-long,13,8,6
PURE_009,sparkme,PURE_009::sparkme,129,45,35
PURE_009,proposed_method,PURE_009::proposed_method,154,55,42
PURE_010,hashimoto,PURE_010::hashimoto,11,6,3
PURE_010,llmrei-long,PURE_010::llmrei-long,41,15,19
PURE_010,sparkme,PURE_010::sparkme,127,37,34
PURE_010,proposed_method,PURE_010::proposed_method,178,51,50
PURE_011,hashimoto,PURE_011::hashimoto,50,23,10
PURE_011,llmrei-long,PURE_011::llmrei-long,37,13,15
PURE_011,sparkme,PURE_011::sparkme,128,46,38
PURE_011,proposed_method,PURE_011::proposed_method,116,58,39
PURE_012,hashimoto,PURE_012::hashimoto,12,6,1
PURE_012,llmrei-long,PURE_012::llmrei-long,36,11,13
PURE_012,sparkme,PURE_012::sparkme,163,57,38
PURE_012,proposed_method,PURE_012::proposed_method,210,56,48
PURE_013,hashimoto,PURE_013::hashimoto,26,16,6
PURE_013,llmrei-long,PURE_013::llmrei-long,74,23,16
PURE_013,sparkme,PURE_013::sparkme,105,45,35
PURE_013,proposed_method,PURE_013::proposed_method,151,52,37
PURE_014,hashimoto,PURE_014::hashimoto,102,31,11
PURE_014,llmrei-long,PURE_014::llmrei-long,42,22,15
PURE_014,sparkme,PURE_014::sparkme,181,56,42
PURE_014,proposed_method,PURE_014::proposed_method,168,65,53
PURE_015,hashimoto,PURE_015::hashimoto,32,19,3
PURE_015,llmrei-long,PURE_015::llmrei-long,49,29,17
PURE_015,sparkme,PURE_015::sparkme,229,76,35
PURE_015,proposed_method,PURE_015::proposed_method,300,95,65
PURE_016,hashimoto,PURE_016::hashimoto,24,19,6
PURE_016,llmrei-long,PURE_016::llmrei-long,29,16,10
PURE_016,sparkme,PURE_016::sparkme,174,62,37
PURE_016,proposed_method,PURE_016::proposed_method,239,83,56
PURE_017,hashimoto,PURE_017::hashimoto,30,14,5
PURE_017,llmrei-long,PURE_017::llmrei-long,38,16,11
PURE_017,sparkme,PURE_017::sparkme,173,57,44
PURE_017,proposed_method,PURE_017::proposed_method,174,59,53
PURE_018,hashimoto,PURE_018::hashimoto,75,26,8
PURE_018,llmrei-long,PURE_018::llmrei-long,45,23,8
PURE_018,sparkme,PURE_018::sparkme,117,43,26
PURE_018,proposed_method,PURE_018::proposed_method,292,90,69
PURE_019,hashimoto,PURE_019::hashimoto,22,6,2
PURE_019,llmrei-long,PURE_019::llmrei-long,21,16,16
PURE_019,sparkme,PURE_019::sparkme,158,61,38
PURE_019,proposed_method,PURE_019::proposed_method,154,62,55
PURE_020,hashimoto,PURE_020::hashimoto,18,7,1
PURE_020,llmrei-long,PURE_020::llmrei-long,27,15,20
PURE_020,sparkme,PURE_020::sparkme,160,52,29
PURE_020,proposed_method,PURE_020::proposed_method,149,58,39
PURE_021,hashimoto,PURE_021::hashimoto,43,16,7
PURE_021,llmrei-long,PURE_021::llmrei-long,10,9,8
PURE_021,sparkme,PURE_021::sparkme,88,38,32
PURE_021,proposed_method,PURE_021::proposed_method,91,32,31
PURE_022,hashimoto,PURE_022::hashimoto,51,17,5
PURE_022,llmrei-long,PURE_022::llmrei-long,58,25,20
PURE_022,sparkme,PURE_022::sparkme,145,55,41
PURE_022,proposed_method,PURE_022::proposed_method,105,52,42
PURE_023,hashimoto,PURE_023::hashimoto,34,14,5
PURE_023,llmrei-long,PURE_023::llmrei-long,71,24,15
PURE_023,sparkme,PURE_023::sparkme,205,66,46
PURE_023,proposed_method,PURE_023::proposed_method,339,99,73
PURE_024,hashimoto,PURE_024::hashimoto,15,11,1
PURE_024,llmrei-long,PURE_024::llmrei-long,54,20,19
PURE_024,sparkme,PURE_024::sparkme,166,69,38
PURE_024,proposed_method,PURE_024::proposed_method,249,90,46
PURE_025,hashimoto,PURE_025::hashimoto,13,6,2
PURE_025,llmrei-long,PURE_025::llmrei-long,65,21,17
PURE_025,sparkme,PURE_025::sparkme,164,61,41
PURE_025,proposed_method,PURE_025::proposed_method,115,55,48
PURE_026,hashimoto,PURE_026::hashimoto,14,5,1
PURE_026,llmrei-long,PURE_026::llmrei-long,56,24,21
PURE_026,sparkme,PURE_026::sparkme,193,70,41
PURE_026,proposed_method,PURE_026::proposed_method,174,72,58
PURE_027,hashimoto,PURE_027::hashimoto,12,6,1
PURE_027,llmrei-long,PURE_027::llmrei-long,54,26,10
PURE_027,sparkme,PURE_027::sparkme,180,47,35
PURE_027,proposed_method,PURE_027::proposed_method,225,85,57
PURE_028,hashimoto,PURE_028::hashimoto,11,4,1
PURE_028,llmrei-long,PURE_028::llmrei-long,17,9,11
PURE_028,sparkme,PURE_028::sparkme,137,38,45
PURE_028,proposed_method,PURE_028::proposed_method,176,65,50
PURE_029,hashimoto,PURE_029::hashimoto,39,18,6
PURE_029,llmrei-long,PURE_029::llmrei-long,31,23,15
PURE_029,sparkme,PURE_029::sparkme,118,50,38
PURE_029,proposed_method,PURE_029::proposed_method,163,46,26
PURE_030,hashimoto,PURE_030::hashimoto,26,12,4
PURE_030,llmrei-long,PURE_030::llmrei-long,30,16,17
PURE_030,sparkme,PURE_030::sparkme,126,54,38
PURE_030,proposed_method,PURE_030::proposed_method,101,54,50
PURE_031,hashimoto,PURE_031::hashimoto,23,17,5
PURE_031,llmrei-long,PURE_031::llmrei-long,77,29,20
PURE_031,sparkme,PURE_031::sparkme,195,37,29
PURE_031,proposed_method,PURE_031::proposed_method,177,68,48
PURE_032,hashimoto,PURE_032::hashimoto,33,19,5
PURE_032,llmrei-long,PURE_032::llmrei-long,30,19,10
PURE_032,sparkme,PURE_032::sparkme,133,71,43
PURE_032,proposed_method,PURE_032::proposed_method,185,65,46
PURE_033,hashimoto,PURE_033::hashimoto,24,7,3
PURE_033,llmrei-long,PURE_033::llmrei-long,35,18,15
PURE_033,sparkme,PURE_033::sparkme,100,39,26
PURE_033,proposed_method,PURE_033::proposed_method,131,53,33
PURE_034,hashimoto,PURE_034::hashimoto,21,6,1
PURE_034,llmrei-long,PURE_034::llmrei-long,83,28,26
PURE_034,sparkme,PURE_034::sparkme,141,48,26
PURE_034,proposed_method,PURE_034::proposed_method,223,70,52
PURE_035,hashimoto,PURE_035::hashimoto,47,15,8
PURE_035,llmrei-long,PURE_035::llmrei-long,20,9,12
PURE_035,sparkme,PURE_035::sparkme,167,55,41
PURE_035,proposed_method,PURE_035::proposed_method,236,60,47
PURE_036,hashimoto,PURE_036::hashimoto,24,12,3
PURE_036,llmrei-long,PURE_036::llmrei-long,29,19,19
PURE_036,sparkme,PURE_036::sparkme,113,54,37
PURE_036,proposed_method,PURE_036::proposed_method,146,52,47
PURE_037,hashimoto,PURE_037::hashimoto,14,7,2
PURE_037,llmrei-long,PURE_037::llmrei-long,32,12,8
PURE_037,sparkme,PURE_037::sparkme,124,51,32
PURE_037,proposed_method,PURE_037::proposed_method,194,70,57
PURE_038,hashimoto,PURE_038::hashimoto,6,5,1
PURE_038,llmrei-long,PURE_038::llmrei-long,45,19,11
PURE_038,sparkme,PURE_038::sparkme,97,38,37
PURE_038,proposed_method,PURE_038::proposed_method,185,62,43
PURE_039,hashimoto,PURE_039::hashimoto,25,15,6
PURE_039,llmrei-long,PURE_039::llmrei-long,14,10,7
PURE_039,sparkme,PURE_039::sparkme,71,36,28
PURE_039,proposed_method,PURE_039::proposed_method,185,76,66
PURE_040,hashimoto,PURE_040::hashimoto,17,7,5
PURE_040,llmrei-long,PURE_040::llmrei-long,26,17,14
PURE_040,sparkme,PURE_040::sparkme,144,53,37
PURE_040,proposed_method,PURE_040::proposed_method,172,66,48
PURE_041,hashimoto,PURE_041::hashimoto,53,24,5
PURE_041,llmrei-long,PURE_041::llmrei-long,74,26,15
PURE_041,sparkme,PURE_041::sparkme,215,68,55
PURE_041,proposed_method,PURE_041::proposed_method,331,101,72
PURE_042,hashimoto,PURE_042::hashimoto,87,24,9
PURE_042,llmrei-long,PURE_042::llmrei-long,54,22,23
PURE_042,sparkme,PURE_042::sparkme,106,42,45
PURE_042,proposed_method,PURE_042::proposed_method,218,63,59
PURE_043,hashimoto,PURE_043::hashimoto,11,4,1
PURE_043,llmrei-long,PURE_043::llmrei-long,32,16,11
PURE_043,sparkme,PURE_043::sparkme,209,54,42
PURE_043,proposed_method,PURE_043::proposed_method,200,74,48
PURE_044,hashimoto,PURE_044::hashimoto,23,14,7
PURE_044,llmrei-long,PURE_044::llmrei-long,92,40,19
PURE_044,sparkme,PURE_044::sparkme,220,93,47
PURE_044,proposed_method,PURE_044::proposed_method,245,98,60
PURE_045,hashimoto,PURE_045::hashimoto,39,24,9
PURE_045,llmrei-long,PURE_045::llmrei-long,78,31,15
PURE_045,sparkme,PURE_045::sparkme,157,51,44
PURE_045,proposed_method,PURE_045::proposed_method,116,56,43
PURE_046,hashimoto,PURE_046::hashimoto,17,10,4
PURE_046,llmrei-long,PURE_046::llmrei-long,51,25,19
PURE_046,sparkme,PURE_046::sparkme,115,43,38
PURE_046,proposed_method,PURE_046::proposed_method,95,39,29
PURE_047,hashimoto,PURE_047::hashimoto,10,6,1
PURE_047,llmrei-long,PURE_047::llmrei-long,25,15,12
PURE_047,sparkme,PURE_047::sparkme,176,56,43
PURE_047,proposed_method,PURE_047::proposed_method,223,60,53
PURE_048,hashimoto,PURE_048::hashimoto,57,24,14
PURE_048,llmrei-long,PURE_048::llmrei-long,50,26,18
PURE_048,sparkme,PURE_048::sparkme,119,48,34
PURE_048,proposed_method,PURE_048::proposed_method,167,60,41
PURE_049,hashimoto,PURE_049::hashimoto,9,6,1
PURE_049,llmrei-long,PURE_049::llmrei-long,30,18,16
PURE_049,sparkme,PURE_049::sparkme,200,70,40
PURE_049,proposed_method,PURE_049::proposed_method,184,67,47
PURE_050,hashimoto,PURE_050::hashimoto,12,5,1
PURE_050,llmrei-long,PURE_050::llmrei-long,37,17,15
PURE_050,sparkme,PURE_050::sparkme,141,61,49
PURE_050,proposed_method,PURE_050::proposed_method,155,55,38
PURE_051,hashimoto,PURE_051::hashimoto,22,5,1
PURE_051,llmrei-long,PURE_051::llmrei-long,52,22,18
PURE_051,sparkme,PURE_051::sparkme,174,55,26
PURE_051,proposed_method,PURE_051::proposed_method,170,57,35
PURE_052,hashimoto,PURE_052::hashimoto,44,15,5
PURE_052,llmrei-long,PURE_052::llmrei-long,42,15,21
PURE_052,sparkme,PURE_052::sparkme,169,81,54
PURE_052,proposed_method,PURE_052::proposed_method,222,79,60
PURE_053,hashimoto,PURE_053::hashimoto,31,16,3
PURE_053,llmrei-long,PURE_053::llmrei-long,48,30,21
PURE_053,sparkme,PURE_053::sparkme,199,74,44
PURE_053,proposed_method,PURE_053::proposed_method,232,80,47
PURE_054,hashimoto,PURE_054::hashimoto,44,16,4
PURE_054,llmrei-long,PURE_054::llmrei-long,77,29,16
PURE_054,sparkme,PURE_054::sparkme,95,46,23
PURE_054,proposed_method,PURE_054::proposed_method,178,76,68
PURE_055,hashimoto,PURE_055::hashimoto,63,19,6
PURE_055,llmrei-long,PURE_055::llmrei-long,48,19,10
PURE_055,sparkme,PURE_055::sparkme,338,82,46
PURE_055,proposed_method,PURE_055::proposed_method,267,84,48
PURE_056,hashimoto,PURE_056::hashimoto,39,19,4
PURE_056,llmrei-long,PURE_056::llmrei-long,59,21,13
PURE_056,sparkme,PURE_056::sparkme,151,51,35
PURE_056,proposed_method,PURE_056::proposed_method,229,76,57
PURE_057,hashimoto,PURE_057::hashimoto,51,15,7
PURE_057,llmrei-long,PURE_057::llmrei-long,20,11,11
PURE_057,sparkme,PURE_057::sparkme,224,77,43
PURE_057,proposed_method,PURE_057::proposed_method,202,82,50
PURE_058,hashimoto,PURE_058::hashimoto,22,14,6
PURE_058,llmrei-long,PURE_058::llmrei-long,72,30,18
PURE_058,sparkme,PURE_058::sparkme,110,52,38
PURE_058,proposed_method,PURE_058::proposed_method,244,75,46
PURE_059,hashimoto,PURE_059::hashimoto,10,6,3
PURE_059,llmrei-long,PURE_059::llmrei-long,29,12,9
PURE_059,sparkme,PURE_059::sparkme,72,32,23
PURE_059,proposed_method,PURE_059::proposed_method,101,29,31
PURE_060,hashimoto,PURE_060::hashimoto,19,10,5
PURE_060,llmrei-long,PURE_060::llmrei-long,13,10,7
PURE_060,sparkme,PURE_060::sparkme,101,38,32
PURE_060,proposed_method,PURE_060::proposed_method,142,49,35
PURE_061,hashimoto,PURE_061::hashimoto,16,8,2
PURE_061,llmrei-long,PURE_061::llmrei-long,27,13,14
PURE_061,sparkme,PURE_061::sparkme,188,71,38
PURE_061,proposed_method,PURE_061::proposed_method,209,77,49
PURE_062,hashimoto,PURE_062::hashimoto,29,19,5
PURE_062,llmrei-long,PURE_062::llmrei-long,94,31,23
PURE_062,sparkme,PURE_062::sparkme,188,68,38
PURE_062,proposed_method,PURE_062::proposed_method,192,64,46
PURE_063,hashimoto,PURE_063::hashimoto,30,16,4
PURE_063,llmrei-long,PURE_063::llmrei-long,55,20,18
PURE_063,sparkme,PURE_063::sparkme,276,76,55
PURE_063,proposed_method,PURE_063::proposed_method,265,77,61
PURE_064,hashimoto,PURE_064::hashimoto,62,19,8
PURE_064,llmrei-long,PURE_064::llmrei-long,52,16,15
PURE_064,sparkme,PURE_064::sparkme,155,53,41
PURE_064,proposed_method,PURE_064::proposed_method,208,64,40
PURE_065,hashimoto,PURE_065::hashimoto,14,9,3
PURE_065,llmrei-long,PURE_065::llmrei-long,84,35,22
PURE_065,sparkme,PURE_065::sparkme,189,81,38
PURE_065,proposed_method,PURE_065::proposed_method,204,89,63
PURE_066,hashimoto,PURE_066::hashimoto,26,15,5
PURE_066,llmrei-long,PURE_066::llmrei-long,51,33,15
PURE_066,sparkme,PURE_066::sparkme,152,60,25
PURE_066,proposed_method,PURE_066::proposed_method,214,75,39
PURE_067,hashimoto,PURE_067::hashimoto,26,14,8
PURE_067,llmrei-long,PURE_067::llmrei-long,24,14,14
PURE_067,sparkme,PURE_067::sparkme,146,49,36
PURE_067,proposed_method,PURE_067::proposed_method,153,48,39
PURE_068,hashimoto,PURE_068::hashimoto,59,23,8
PURE_068,llmrei-long,PURE_068::llmrei-long,85,42,23
PURE_068,sparkme,PURE_068::sparkme,149,65,35
PURE_068,proposed_method,PURE_068::proposed_method,384,124,82
PURE_069,hashimoto,PURE_069::hashimoto,19,12,4
PURE_069,llmrei-long,PURE_069::llmrei-long,26,11,6
PURE_069,sparkme,PURE_069::sparkme,218,74,38
PURE_069,proposed_method,PURE_069::proposed_method,234,79,58
