case_id,method_id,local_coherence,transition_quality,contingent_responsiveness
PURE_001,hashimoto,3.0,2.0,2.75
PURE_001,llmrei-long,3.25,2.75,3.0
PURE_001,sparkme,3.0,3.25,2.75
PURE_001,proposed_method,4.0,3.75,4.0
PURE_002,hashimoto,3.0,2.0,2.0
PURE_002,llmrei-long,3.0,3.0,3.0
PURE_002,sparkme,2.0,2.5,2.0
PURE_002,proposed_method,4.0,4.0,4.0
PURE_003,hashimoto,3.0,2.0,2.0
PURE_003,llmrei-long,3.5,3.0,3.0
PURE_003,sparkme,3.0,3.0,2.5
PURE_003,proposed_method,4.0,3.75,4.0
PURE_004,hashimoto,2.0,2.0,2.25
PURE_004,llmrei-long,3.5,3.0,3.0
PURE_004,sparkme,3.0,3.0,2.5
PURE_004,proposed_method,4.0,3.25,4.0
PURE_005,hashimoto,2.0,1.0,1.5
PURE_005,llmrei-long,3.5,3.0,3.0
PURE_005,sparkme,2.0,3.5,3.0
PURE_005,proposed_method,4.25,4.0,4.0
PURE_006,hashimoto,3.0,2.25,3.0
PURE_006,llmrei-long,3.25,2.75,3.0
PURE_006,sparkme,2.0,2.5,3.0
PURE_006,proposed_method,4.0,3.75,4.0
PURE_007,hashimoto,2.0,2.0,2.0
PURE_007,llmrei-long,3.5,3.0,3.25
PURE_007,sparkme,2.0,2.75,2.0
PURE_007,proposed_method,4.0,3.0,4.5
PURE_008,hashimoto,3.0,2.75,3.0
PURE_008,llmrei-long,2.75,2.75,3.25
PURE_008,sparkme,3.0,2.5,3.0
PURE_008,proposed_method,4.0,3.75,4.0
PURE_009,hashimoto,2.0,2.0,2.5
PURE_009,llmrei-long,2.5,2.0,2.0
PURE_009,sparkme,2.25,2.5,2.0
PURE_009,proposed_method,4.0,4.0,4.0
PURE_010,hashimoto,2.0,2.0,2.0
PURE_010,llmrei-long,3.5,3.0,3.0
PURE_010,sparkme,3.0,3.0,2.5
PURE_010,proposed_method,3.75,3.0,4.0
PURE_011,hashimoto,3.0,2.0,2.25
PURE_011,llmrei-long,3.75,3.0,3.0
PURE_011,sparkme,3.0,3.0,2.5
PURE_011,proposed_method,4.0,3.0,3.75
PURE_012,hashimoto,2.0,1.0,1.75
PURE_012,llmrei-long,3.5,3.0,3.0
PURE_012,sparkme,2.75,3.0,2.0
PURE_012,proposed_method,4.0,4.0,4.0
PURE_013,hashimoto,2.0,2.0,2.0
PURE_013,llmrei-long,3.5,3.0,3.0
PURE_013,sparkme,3.75,3.25,3.0
PURE_013,proposed_method,4.0,4.0,4.0
PURE_014,hashimoto,3.0,2.25,3.0
PURE_014,llmrei-long,3.75,3.0,3.0
PURE_014,sparkme,3.0,3.0,2.25
PURE_014,proposed_method,4.0,3.0,4.0
PURE_015,hashimoto,2.75,2.0,2.0
PURE_015,llmrei-long,3.0,3.0,3.0
PURE_015,sparkme,3.0,3.25,2.75
PURE_015,proposed_method,4.0,3.0,4.0
PURE_016,hashimoto,3.0,2.25,3.0
PURE_016,llmrei-long,2.5,2.5,2.5
PURE_016,sparkme,3.0,3.0,2.5
PURE_016,proposed_method,4.0,4.0,4.0
PURE_017,hashimoto,3.0,2.0,2.0
PURE_017,llmrei-long,3.0,3.0,3.25
PURE_017,sparkme,2.75,3.0,2.0
PURE_017,proposed_method,4.0,3.75,4.0
PURE_018,hashimoto,3.0,2.5,2.75
PURE_018,llmrei-long,3.0,2.75,3.0
PURE_018,sparkme,3.0,3.0,2.75
PURE_018,proposed_method,4.0,3.0,4.0
PURE_019,hashimoto,2.0,1.0,1.0
PURE_019,llmrei-long,3.5,3.0,3.0
PURE_019,sparkme,2.0,3.0,2.5
PURE_019,proposed_method,4.0,3.25,4.0
PURE_020,hashimoto,1.0,1.0,1.0
PURE_020,llmrei-long,3.5,3.0,3.0
PURE_020,sparkme,2.75,3.5,2.75
PURE_020,proposed_method,4.25,3.75,4.0
PURE_021,hashimoto,3.0,3.0,3.0
PURE_021,llmrei-long,3.0,2.5,3.0
PURE_021,sparkme,2.0,2.5,2.0
PURE_021,proposed_method,4.0,3.75,4.5
PURE_022,hashimoto,3.25,2.5,3.0
PURE_022,llmrei-long,3.5,3.0,3.25
PURE_022,sparkme,1.0,2.5,1.0
PURE_022,proposed_method,4.0,3.5,3.0
PURE_023,hashimoto,2.0,2.0,2.75
PURE_023,llmrei-long,3.0,3.0,3.25
PURE_023,sparkme,2.0,2.5,2.0
PURE_023,proposed_method,4.0,4.5,4.0
PURE_024,hashimoto,1.0,1.0,1.0
PURE_024,llmrei-long,3.5,3.0,3.0
PURE_024,sparkme,3.0,3.0,3.0
PURE_024,proposed_method,4.0,3.5,4.0
PURE_025,hashimoto,2.0,1.25,2.0
PURE_025,llmrei-long,3.5,3.0,3.0
PURE_025,sparkme,2.0,3.0,2.75
PURE_025,proposed_method,4.0,3.0,4.0
PURE_026,hashimoto,1.25,1.0,1.0
PURE_026,llmrei-long,4.0,3.0,4.0
PURE_026,sparkme,3.0,3.25,3.0
PURE_026,proposed_method,4.0,4.0,4.25
PURE_027,hashimoto,1.25,1.0,1.0
PURE_027,llmrei-long,3.0,4.0,3.0
PURE_027,sparkme,2.25,2.5,2.25
PURE_027,proposed_method,3.0,3.0,3.0
PURE_028,hashimoto,2.0,1.0,1.5
PURE_028,llmrei-long,3.0,3.5,3.0
PURE_028,sparkme,3.0,4.0,3.0
PURE_028,proposed_method,4.0,4.0,4.0
PURE_029,hashimoto,3.0,2.0,2.0
PURE_029,llmrei-long,3.0,3.0,3.0
PURE_029,sparkme,3.0,3.5,3.0
PURE_029,proposed_method,4.0,3.75,4.0
PURE_030,hashimoto,2.0,2.0,2.0
PURE_030,llmrei-long,3.5,3.0,3.0
PURE_030,sparkme,3.0,3.0,3.0
PURE_030,proposed_method,4.0,3.25,4.0
PURE_031,hashimoto,2.75,2.0,2.5
PURE_031,llmrei-long,3.5,3.0,3.0
PURE_031,sparkme,2.5,2.25,2.25
PURE_031,proposed_method,4.0,3.75,3.75
PURE_032,hashimoto,2.75,2.0,2.0
PURE_032,llmrei-long,3.0,2.5,3.0
PURE_032,sparkme,2.75,3.0,2.5
PURE_032,proposed_method,4.0,3.75,3.5
PURE_033,hashimoto,2.25,2.0,2.25
PURE_033,llmrei-long,3.5,3.0,3.0
PURE_033,sparkme,2.25,3.0,2.0
PURE_033,proposed_method,3.0,3.0,3.25
PURE_034,hashimoto,1.0,1.0,1.0
PURE_034,llmrei-long,3.0,3.0,3.0
PURE_034,sparkme,2.5,2.5,2.5
PURE_034,proposed_method,4.0,3.0,3.25
PURE_035,hashimoto,2.5,2.0,2.5
PURE_035,llmrei-long,3.0,2.75,3.0
PURE_035,sparkme,3.0,3.25,2.25
PURE_035,proposed_method,4.0,3.75,4.0
PURE_036,hashimoto,2.0,1.75,2.0
PURE_036,llmrei-long,3.5,3.0,3.0
PURE_036,sparkme,3.0,3.0,2.75
PURE_036,proposed_method,4.0,3.75,4.0
PURE_037,hashimoto,2.0,1.25,2.0
PURE_037,llmrei-long,3.0,3.0,3.0
PURE_037,sparkme,3.0,3.0,2.75
PURE_037,proposed_method,4.0,3.0,4.0
PURE_038,hashimoto,1.0,1.0,1.0
PURE_038,llmrei-long,3.0,2.5,3.0
PURE_038,sparkme,2.0,2.5,2.0
PURE_038,proposed_method,4.0,3.0,3.0
PURE_039,hashimoto,3.0,2.0,3.0
PURE_039,llmrei-long,3.0,3.0,3.0
PURE_039,sparkme,3.0,3.0,3.0
PURE_039,proposed_method,4.0,3.75,4.0
PURE_040,hashimoto,3.0,2.0,3.0
PURE_040,llmrei-long,3.25,3.0,3.0
PURE_040,sparkme,3.0,3.0,2.75
PURE_040,proposed_method,3.75,3.5,4.0
PURE_041,hashimoto,3.0,2.0,3.0
PURE_041,llmrei-long,3.5,3.0,3.25
PURE_041,sparkme,2.0,2.0,2.0
PURE_041,proposed_method,3.5,3.0,4.0
PURE_042,hashimoto,3.0,2.0,3.0
PURE_042,llmrei-long,3.5,3.0,3.0
PURE_042,sparkme,3.0,2.25,1.5
PURE_042,proposed_method,3.75,3.0,4.0
PURE_043,hashimoto,1.75,1.0,1.25
PURE_043,llmrei-long,3.5,3.0,4.0
PURE_043,sparkme,3.0,2.25,2.0
PURE_043,proposed_method,4.0,3.5,4.0
PURE_044,hashimoto,2.75,2.0,2.0
PURE_044,llmrei-long,3.5,3.0,3.0
PURE_044,sparkme,2.75,3.0,2.0
PURE_044,proposed_method,4.0,3.25,4.0
PURE_045,hashimoto,2.75,2.0,2.0
PURE_045,llmrei-long,3.5,3.0,3.25
PURE_045,sparkme,2.0,2.25,2.0
PURE_045,proposed_method,3.5,3.0,3.0
PURE_046,hashimoto,2.0,2.0,2.0
PURE_046,llmrei-long,3.0,3.0,3.0
PURE_046,sparkme,2.0,3.0,1.75
PURE_046,proposed_method,4.0,3.0,4.0
PURE_047,hashimoto,1.0,1.0,1.0
PURE_047,llmrei-long,3.0,3.0,3.0
PURE_047,sparkme,3.0,3.25,2.75
PURE_047,proposed_method,4.0,4.0,4.25
PURE_048,hashimoto,3.0,2.0,3.0
PURE_048,llmrei-long,3.5,3.0,3.25
PURE_048,sparkme,3.0,3.0,2.75
PURE_048,proposed_method,3.75,3.75,4.25
PURE_049,hashimoto,1.0,1.0,1.0
PURE_049,llmrei-long,3.5,3.0,3.0
PURE_049,sparkme,3.0,3.0,3.0
PURE_049,proposed_method,3.75,3.25,4.0
PURE_050,hashimoto,1.0,1.0,1.0
PURE_050,llmrei-long,4.0,3.0,3.0
PURE_050,sparkme,2.0,2.0,2.0
PURE_050,proposed_method,4.0,3.5,4.0
PURE_051,hashimoto,1.0,1.0,1.0
PURE_051,llmrei-long,4.0,3.0,3.25
PURE_051,sparkme,3.0,3.25,2.5
PURE_051,proposed_method,3.75,4.25,4.0
PURE_052,hashimoto,3.0,2.0,2.5
PURE_052,llmrei-long,4.0,3.0,3.0
PURE_052,sparkme,2.0,2.0,1.5
PURE_052,proposed_method,4.0,3.5,3.75
PURE_053,hashimoto,2.0,2.0,2.0
PURE_053,llmrei-long,3.5,3.25,3.0
PURE_053,sparkme,3.0,3.25,2.75
PURE_053,proposed_method,4.0,3.25,3.25
PURE_054,hashimoto,2.0,2.0,2.0
PURE_054,llmrei-long,3.5,3.0,3.75
PURE_054,sparkme,3.0,2.5,3.0
PURE_054,proposed_method,3.5,3.0,3.75
PURE_055,hashimoto,3.0,2.5,3.0
PURE_055,llmrei-long,3.25,3.0,3.0
PURE_055,sparkme,3.0,3.25,3.0
PURE_055,proposed_method,4.0,3.0,4.0
PURE_056,hashimoto,2.75,2.0,2.0
PURE_056,llmrei-long,4.0,3.0,3.75
PURE_056,sparkme,3.0,3.75,3.0
PURE_056,proposed_method,4.0,3.25,4.0
PURE_057,hashimoto,3.0,2.0,3.0
PURE_057,llmrei-long,3.0,3.0,3.0
PURE_057,sparkme,2.0,2.25,2.0
PURE_057,proposed_method,4.0,3.75,4.0
PURE_058,hashimoto,3.0,2.0,3.0
PURE_058,llmrei-long,4.0,3.25,3.25
PURE_058,sparkme,2.0,2.75,2.0
PURE_058,proposed_method,4.0,3.75,4.0
PURE_059,hashimoto,2.0,2.0,2.0
PURE_059,llmrei-long,3.0,3.0,3.75
PURE_059,sparkme,3.0,3.75,3.0
PURE_059,proposed_method,4.0,3.0,4.0
PURE_060,hashimoto,2.75,2.0,2.75
PURE_060,llmrei-long,2.25,2.0,2.25
PURE_060,sparkme,3.0,3.75,3.0
PURE_060,proposed_method,4.0,3.75,4.0
PURE_061,hashimoto,2.0,1.25,2.0
PURE_061,llmrei-long,4.0,3.0,3.0
PURE_061,sparkme,3.0,3.25,3.0
PURE_061,proposed_method,3.25,3.0,3.0
PURE_062,hashimoto,2.0,2.0,2.0
PURE_062,llmrei-long,3.5,3.0,3.0
PURE_062,sparkme,3.0,3.25,3.0
PURE_062,proposed_method,4.0,3.0,4.0
PURE_063,hashimoto,2.0,2.0,2.0
PURE_063,llmrei-long,3.75,3.0,3.75
PURE_063,sparkme,2.0,2.5,2.0
PURE_063,proposed_method,4.0,3.75,4.0
PURE_064,hashimoto,2.75,2.0,2.75
PURE_064,llmrei-long,3.75,3.25,3.25
PURE_064,sparkme,2.0,2.25,2.0
PURE_064,proposed_method,4.0,3.5,3.5
PURE_065,hashimoto,2.0,2.0,2.0
PURE_065,llmrei-long,4.0,3.0,3.0
PURE_065,sparkme,2.0,2.25,2.0
PURE_065,proposed_method,4.0,4.0,4.0
PURE_066,hashimoto,3.0,2.0,3.0
PURE_066,llmrei-long,4.0,3.0,3.0
PURE_066,sparkme,3.0,3.75,3.0
PURE_066,proposed_method,4.25,4.0,4.0
PURE_067,hashimoto,3.0,2.0,2.0
PURE_067,llmrei-long,4.0,3.75,3.0
PURE_067,sparkme,2.75,4.0,2.75
PURE_067,proposed_method,4.0,3.75,4.0
PURE_068,hashimoto,3.25,3.0,3.0
PURE_068,llmrei-long,3.25,3.0,3.0
PURE_068,sparkme,3.0,3.25,3.0
PURE_068,proposed_method,4.0,4.0,4.0
PURE_069,hashimoto,2.0,2.0,2.0
PURE_069,llmrei-long,2.0,2.0,2.0
PURE_069,sparkme,3.0,3.0,2.75
PURE_069,proposed_method,4.0,3.25,3.75
