method_a,method_b,dimension,n_pairs,mean_difference,median_difference,n_a_higher,n_equal,n_b_higher,ci_low,ci_high,bootstrap_repeats,random_seed
proposed_method,hashimoto,local_coherence,69,1.6014492753623188,1.25,69,0,0,1.4347826086956519,1.7717391304347827,10000,31017
proposed_method,hashimoto,transition_quality,69,1.681159420289855,1.75,69,0,0,1.528985507246377,1.8405797101449275,10000,31017
proposed_method,hashimoto,contingent_responsiveness,69,1.75,2.0,68,1,0,1.5833333333333335,1.9202898550724636,10000,31017
proposed_method,llmrei-long,local_coherence,69,0.5760869565217391,0.5,55,11,3,0.45652173913043503,0.6956521739130435,10000,31017
proposed_method,llmrei-long,transition_quality,69,0.5471014492753623,0.5,48,20,1,0.42753623188405765,0.6702898550724639,10000,31017
proposed_method,llmrei-long,contingent_responsiveness,69,0.822463768115942,1.0,62,5,2,0.7101449275362319,0.931159420289855,10000,31017
proposed_method,sparkme,local_coherence,69,1.289855072463768,1.0,69,0,0,1.1665760869565216,1.4202898550724639,10000,31017
proposed_method,sparkme,transition_quality,69,0.5760869565217391,0.5,51,11,7,0.4384057971014492,0.7173913043478262,10000,31017
proposed_method,sparkme,contingent_responsiveness,69,1.4094202898550725,1.25,68,1,0,1.289855072463768,1.5326086956521738,10000,31017
