method_id,dimension,n_cases,n_raters,mean,median,q1,q3,ci_low,ci_high,bootstrap_repeats,random_seed
hashimoto,local_coherence,69,4,2.3260869565217392,2.25,2.0,3.0,2.1630434782608696,2.489130434782609,10000,31017
hashimoto,transition_quality,69,4,1.818840579710145,2.0,1.25,2.0,1.6956521739130435,1.9420289855072463,10000,31017
hashimoto,contingent_responsiveness,69,4,2.13768115942029,2.0,2.0,2.75,1.9782608695652173,2.2934782608695654,10000,31017
llmrei-long,local_coherence,69,4,3.351449275362319,3.5,3.0,3.5,3.25,3.449275362318841,10000,31017
llmrei-long,transition_quality,69,4,2.9528985507246377,3.0,3.0,3.0,2.880434782608696,3.0217391304347827,10000,31017
llmrei-long,contingent_responsiveness,69,4,3.0652173913043477,3.0,3.0,3.0,2.989130434782609,3.141304347826087,10000,31017
sparkme,local_coherence,69,4,2.63768115942029,3.0,2.0,3.0,2.5181159420289854,2.753623188405797,10000,31017
sparkme,transition_quality,69,4,2.9239130434782608,3.0,2.5,3.25,2.8152173913043477,3.039855072463768,10000,31017
sparkme,contingent_responsiveness,69,4,2.4782608695652173,2.5,2.0,3.0,2.3659420289855073,2.5869565217391304,10000,31017
proposed_method,local_coherence,69,4,3.927536231884058,4.0,4.0,4.0,3.869565217391304,3.9782608695652173,10000,31017
proposed_method,transition_quality,69,4,3.5,3.5,3.0,3.75,3.4057971014492754,3.597826086956522,10000,31017
proposed_method,contingent_responsiveness,69,4,3.88768115942029,4.0,4.0,4.0,3.8043478260869565,3.960144927536232,10000,31017
