case_id,transcript_id,method_id,cluster_id,node_count,edge_count,depth
PURE_008,PURE_008::hashimoto,hashimoto,PURE_008::C001,3,0,1
PURE_008,PURE_008::hashimoto,hashimoto,PURE_008::C002,8,2,2
PURE_008,PURE_008::hashimoto,hashimoto,PURE_008::C003,5,4,2
PURE_008,PURE_008::hashimoto,hashimoto,PURE_008::C004,6,4,2
PURE_008,PURE_008::hashimoto,hashimoto,PURE_008::C005,1,0,1
PURE_008,PURE_008::hashimoto,hashimoto,PURE_008::C006,2,1,2
PURE_008,PURE_008::hashimoto,hashimoto,PURE_008::C007,1,0,1
PURE_008,PURE_008::hashimoto,hashimoto,PURE_008::C008,3,2,3
PURE_008,PURE_008::hashimoto,hashimoto,PURE_008::C009,2,0,1
PURE_008,PURE_008::hashimoto,hashimoto,PURE_008::C010,2,1,2
PURE_008,PURE_008::hashimoto,hashimoto,PURE_008::C011,4,5,3
PURE_008,PURE_008::hashimoto,hashimoto,PURE_008::C012,1,0,1
PURE_008,PURE_008::hashimoto,hashimoto,PURE_008::C013,1,0,1
PURE_008,PURE_008::hashimoto,hashimoto,PURE_008::C014,3,2,3
PURE_008,PURE_008::hashimoto,hashimoto,PURE_008::C015,2,0,1
PURE_008,PURE_008::hashimoto,hashimoto,PURE_008::C016,2,1,2
PURE_008,PURE_008::hashimoto,hashimoto,PURE_008::C017,1,0,1
PURE_008,PURE_008::hashimoto,hashimoto,PURE_008::C018,1,0,1
PURE_008,PURE_008::hashimoto,hashimoto,PURE_008::C019,2,1,2
PURE_008,PURE_008::hashimoto,hashimoto,PURE_008::C020,2,1,2
PURE_008,PURE_008::hashimoto,hashimoto,PURE_008::C021,4,1,2
PURE_008,PURE_008::hashimoto,hashimoto,PURE_008::C022,1,0,1
PURE_008,PURE_008::hashimoto,hashimoto,PURE_008::C023,1,0,1
PURE_008,PURE_008::hashimoto,hashimoto,PURE_008::C024,1,0,1
PURE_008,PURE_008::hashimoto,hashimoto,PURE_008::C025,3,1,2
PURE_008,PURE_008::hashimoto,hashimoto,PURE_008::C026,1,0,1
PURE_008,PURE_008::hashimoto,hashimoto,PURE_008::C027,1,0,1
PURE_008,PURE_008::hashimoto,hashimoto,PURE_008::C028,1,0,1
PURE_008,PURE_008::llmrei-long,llmrei-long,PURE_008::C006,1,0,1
PURE_008,PURE_008::llmrei-long,llmrei-long,PURE_008::C009,2,0,1
PURE_008,PURE_008::llmrei-long,llmrei-long,PURE_008::C013,1,0,1
PURE_008,PURE_008::llmrei-long,llmrei-long,PURE_008::C029,8,7,2
PURE_008,PURE_008::llmrei-long,llmrei-long,PURE_008::C030,1,0,1
PURE_008,PURE_008::llmrei-long,llmrei-long,PURE_008::C031,1,0,1
PURE_008,PURE_008::llmrei-long,llmrei-long,PURE_008::C032,2,0,1
PURE_008,PURE_008::llmrei-long,llmrei-long,PURE_008::C033,1,0,1
PURE_008,PURE_008::llmrei-long,llmrei-long,PURE_008::C034,1,0,1
PURE_008,PURE_008::proposed_method,proposed_method,PURE_008::C001,3,0,1
PURE_008,PURE_008::proposed_method,proposed_method,PURE_008::C002,1,0,1
PURE_008,PURE_008::proposed_method,proposed_method,PURE_008::C004,3,1,2
PURE_008,PURE_008::proposed_method,proposed_method,PURE_008::C005,3,3,3
PURE_008,PURE_008::proposed_method,proposed_method,PURE_008::C008,1,0,1
PURE_008,PURE_008::proposed_method,proposed_method,PURE_008::C009,2,0,1
PURE_008,PURE_008::proposed_method,proposed_method,PURE_008::C010,2,1,2
PURE_008,PURE_008::proposed_method,proposed_method,PURE_008::C013,16,36,6
PURE_008,PURE_008::proposed_method,proposed_method,PURE_008::C018,3,1,2
PURE_008,PURE_008::proposed_method,proposed_method,PURE_008::C022,1,0,1
PURE_008,PURE_008::proposed_method,proposed_method,PURE_008::C023,1,0,1
PURE_008,PURE_008::proposed_method,proposed_method,PURE_008::C029,17,10,3
PURE_008,PURE_008::proposed_method,proposed_method,PURE_008::C031,1,0,1
PURE_008,PURE_008::proposed_method,proposed_method,PURE_008::C035,2,0,1
PURE_008,PURE_008::proposed_method,proposed_method,PURE_008::C036,1,0,1
PURE_008,PURE_008::proposed_method,proposed_method,PURE_008::C037,4,3,2
PURE_008,PURE_008::proposed_method,proposed_method,PURE_008::C038,3,2,2
PURE_008,PURE_008::proposed_method,proposed_method,PURE_008::C039,1,0,1
PURE_008,PURE_008::proposed_method,proposed_method,PURE_008::C040,2,1,2
PURE_008,PURE_008::proposed_method,proposed_method,PURE_008::C041,2,0,1
PURE_008,PURE_008::proposed_method,proposed_method,PURE_008::C042,3,0,1
PURE_008,PURE_008::proposed_method,proposed_method,PURE_008::C043,3,1,2
PURE_008,PURE_008::proposed_method,proposed_method,PURE_008::C044,2,0,1
PURE_008,PURE_008::proposed_method,proposed_method,PURE_008::C045,1,0,1
PURE_008,PURE_008::proposed_method,proposed_method,PURE_008::C046,2,1,2
PURE_008,PURE_008::proposed_method,proposed_method,PURE_008::C047,2,1,2
PURE_008,PURE_008::proposed_method,proposed_method,PURE_008::C048,2,1,2
PURE_008,PURE_008::proposed_method,proposed_method,PURE_008::C049,3,1,2
PURE_008,PURE_008::proposed_method,proposed_method,PURE_008::C050,2,1,2
PURE_008,PURE_008::proposed_method,proposed_method,PURE_008::C051,1,0,1
PURE_008,PURE_008::proposed_method,proposed_method,PURE_008::C052,1,0,1
PURE_008,PURE_008::proposed_method,proposed_method,PURE_008::C053,1,0,1
PURE_008,PURE_008::proposed_method,proposed_method,PURE_008::C054,1,0,1
PURE_008,PURE_008::proposed_method,proposed_method,PURE_008::C055,1,0,1
PURE_008,PURE_008::proposed_method,proposed_method,PURE_008::C056,1,0,1
PURE_008,PURE_008::proposed_method,proposed_method,PURE_008::C057,1,0,1
PURE_008,PURE_008::proposed_method,proposed_method,PURE_008::C058,3,2,3
PURE_008,PURE_008::proposed_method,proposed_method,PURE_008::C059,3,3,3
PURE_008,PURE_008::proposed_method,proposed_method,PURE_008::C060,1,0,1
PURE_008,PURE_008::proposed_method,proposed_method,PURE_008::C061,3,1,2
PURE_008,PURE_008::proposed_method,proposed_method,PURE_008::C062,3,3,3
PURE_008,PURE_008::proposed_method,proposed_method,PURE_008::C063,2,1,2
PURE_008,PURE_008::proposed_method,proposed_method,PURE_008::C064,2,1,2
PURE_008,PURE_008::proposed_method,proposed_method,PURE_008::C065,2,0,1
PURE_008,PURE_008::proposed_method,proposed_method,PURE_008::C066,11,9,3
PURE_008,PURE_008::proposed_method,proposed_method,PURE_008::C067,2,0,1
PURE_008,PURE_008::proposed_method,proposed_method,PURE_008::C068,4,3,4
PURE_008,PURE_008::proposed_method,proposed_method,PURE_008::C069,5,9,4
PURE_008,PURE_008::proposed_method,proposed_method,PURE_008::C070,1,0,1
PURE_008,PURE_008::proposed_method,proposed_method,PURE_008::C071,1,0,1
PURE_008,PURE_008::proposed_method,proposed_method,PURE_008::C072,7,6,2
PURE_008,PURE_008::proposed_method,proposed_method,PURE_008::C073,1,0,1
PURE_008,PURE_008::proposed_method,proposed_method,PURE_008::C074,1,0,1
PURE_008,PURE_008::proposed_method,proposed_method,PURE_008::C075,3,2,2
PURE_008,PURE_008::proposed_method,proposed_method,PURE_008::C076,1,0,1
PURE_008,PURE_008::proposed_method,proposed_method,PURE_008::C077,4,4,3
PURE_008,PURE_008::proposed_method,proposed_method,PURE_008::C078,2,1,2
PURE_008,PURE_008::proposed_method,proposed_method,PURE_008::C079,4,3,3
PURE_008,PURE_008::proposed_method,proposed_method,PURE_008::C080,2,1,2
PURE_008,PURE_008::proposed_method,proposed_method,PURE_008::C081,1,0,1
PURE_008,PURE_008::proposed_method,proposed_method,PURE_008::C082,3,3,3
PURE_008,PURE_008::proposed_method,proposed_method,PURE_008::C083,1,0,1
PURE_008,PURE_008::proposed_method,proposed_method,PURE_008::C084,2,1,2
PURE_008,PURE_008::proposed_method,proposed_method,PURE_008::C085,3,2,2
PURE_008,PURE_008::sparkme,sparkme,PURE_008::C002,1,0,1
PURE_008,PURE_008::sparkme,sparkme,PURE_008::C003,6,8,2
PURE_008,PURE_008::sparkme,sparkme,PURE_008::C004,4,3,3
PURE_008,PURE_008::sparkme,sparkme,PURE_008::C005,2,1,2
PURE_008,PURE_008::sparkme,sparkme,PURE_008::C006,5,2,2
PURE_008,PURE_008::sparkme,sparkme,PURE_008::C007,1,0,1
PURE_008,PURE_008::sparkme,sparkme,PURE_008::C008,1,0,1
PURE_008,PURE_008::sparkme,sparkme,PURE_008::C009,6,4,3
PURE_008,PURE_008::sparkme,sparkme,PURE_008::C010,5,7,3
PURE_008,PURE_008::sparkme,sparkme,PURE_008::C011,1,0,1
PURE_008,PURE_008::sparkme,sparkme,PURE_008::C013,12,12,3
PURE_008,PURE_008::sparkme,sparkme,PURE_008::C017,4,2,2
PURE_008,PURE_008::sparkme,sparkme,PURE_008::C018,1,0,1
PURE_008,PURE_008::sparkme,sparkme,PURE_008::C019,16,63,8
PURE_008,PURE_008::sparkme,sparkme,PURE_008::C021,2,1,2
PURE_008,PURE_008::sparkme,sparkme,PURE_008::C023,5,10,5
PURE_008,PURE_008::sparkme,sparkme,PURE_008::C025,1,0,1
PURE_008,PURE_008::sparkme,sparkme,PURE_008::C026,4,3,2
PURE_008,PURE_008::sparkme,sparkme,PURE_008::C027,1,0,1
PURE_008,PURE_008::sparkme,sparkme,PURE_008::C029,19,11,3
PURE_008,PURE_008::sparkme,sparkme,PURE_008::C030,1,0,1
PURE_008,PURE_008::sparkme,sparkme,PURE_008::C031,2,0,1
PURE_008,PURE_008::sparkme,sparkme,PURE_008::C034,3,2,3
PURE_008,PURE_008::sparkme,sparkme,PURE_008::C035,1,0,1
PURE_008,PURE_008::sparkme,sparkme,PURE_008::C037,1,0,1
PURE_008,PURE_008::sparkme,sparkme,PURE_008::C039,1,0,1
PURE_008,PURE_008::sparkme,sparkme,PURE_008::C041,1,0,1
PURE_008,PURE_008::sparkme,sparkme,PURE_008::C047,1,0,1
PURE_008,PURE_008::sparkme,sparkme,PURE_008::C050,2,1,2
PURE_008,PURE_008::sparkme,sparkme,PURE_008::C056,1,0,1
PURE_008,PURE_008::sparkme,sparkme,PURE_008::C070,1,0,1
PURE_008,PURE_008::sparkme,sparkme,PURE_008::C086,3,2,3
PURE_008,PURE_008::sparkme,sparkme,PURE_008::C087,1,0,1
PURE_008,PURE_008::sparkme,sparkme,PURE_008::C088,1,0,1
PURE_008,PURE_008::sparkme,sparkme,PURE_008::C089,3,2,2
PURE_008,PURE_008::sparkme,sparkme,PURE_008::C090,1,0,1
PURE_008,PURE_008::sparkme,sparkme,PURE_008::C091,2,1,2
PURE_008,PURE_008::sparkme,sparkme,PURE_008::C092,5,3,2
PURE_008,PURE_008::sparkme,sparkme,PURE_008::C093,5,3,2
PURE_008,PURE_008::sparkme,sparkme,PURE_008::C094,3,2,3
PURE_008,PURE_008::sparkme,sparkme,PURE_008::C095,4,3,2
PURE_008,PURE_008::sparkme,sparkme,PURE_008::C096,4,3,2
PURE_008,PURE_008::sparkme,sparkme,PURE_008::C097,2,0,1
PURE_008,PURE_008::sparkme,sparkme,PURE_008::C098,5,4,3
PURE_008,PURE_008::sparkme,sparkme,PURE_008::C099,1,0,1
PURE_008,PURE_008::sparkme,sparkme,PURE_008::C100,2,1,2
PURE_008,PURE_008::sparkme,sparkme,PURE_008::C101,3,2,2
PURE_008,PURE_008::sparkme,sparkme,PURE_008::C102,2,1,2
PURE_008,PURE_008::sparkme,sparkme,PURE_008::C103,1,0,1
PURE_008,PURE_008::sparkme,sparkme,PURE_008::C104,1,0,1
PURE_008,PURE_008::sparkme,sparkme,PURE_008::C105,2,1,2
PURE_008,PURE_008::sparkme,sparkme,PURE_008::C106,1,0,1
PURE_008,PURE_008::sparkme,sparkme,PURE_008::C107,1,0,1
PURE_008,PURE_008::sparkme,sparkme,PURE_008::C108,3,2,2
PURE_008,PURE_008::sparkme,sparkme,PURE_008::C109,3,2,2
PURE_008,PURE_008::sparkme,sparkme,PURE_008::C110,2,0,1
PURE_008,PURE_008::sparkme,sparkme,PURE_008::C111,1,0,1
PURE_008,PURE_008::sparkme,sparkme,PURE_008::C112,5,4,2
