rater_group,dimension,n_units,n_cases,n_ratings,n_units_2_ratings,n_units_3_ratings,n_units_4_ratings,alpha,ci_low,ci_high,bootstrap_valid_repeats,reason
llm_pair,local_coherence,276,69,552,276,0,0,0.9479,0.9208,0.9706,10000,
llm_pair,transition_quality,276,69,552,276,0,0,0.9446,0.9129,0.9714,10000,
llm_pair,contingent_responsiveness,276,69,552,276,0,0,0.9565,0.9338,0.9763,10000,
human_pair,local_coherence,276,69,552,276,0,0,0.9146,0.8770,0.9461,10000,
human_pair,transition_quality,276,69,552,276,0,0,0.8116,0.7646,0.8554,10000,
human_pair,contingent_responsiveness,276,69,552,276,0,0,0.8746,0.8412,0.9047,10000,
all_four,local_coherence,276,69,1104,0,0,276,0.8523,0.8179,0.8825,10000,
all_four,transition_quality,276,69,1104,0,0,276,0.8165,0.7779,0.8482,10000,
all_four,contingent_responsiveness,276,69,1104,0,0,276,0.8908,0.8632,0.9156,10000,
