method_id,rater_id,dimension,n_expected,n_scored,n_pending,n_failed,scorable_rate
hashimoto,llm_expert_1,local_coherence,69,69,0,0,1.0000
hashimoto,llm_expert_1,transition_quality,69,69,0,0,1.0000
hashimoto,llm_expert_1,contingent_responsiveness,69,69,0,0,1.0000
hashimoto,llm_expert_2,local_coherence,69,69,0,0,1.0000
hashimoto,llm_expert_2,transition_quality,69,69,0,0,1.0000
hashimoto,llm_expert_2,contingent_responsiveness,69,69,0,0,1.0000
hashimoto,human_expert_1,local_coherence,69,69,0,0,1.0000
hashimoto,human_expert_1,transition_quality,69,69,0,0,1.0000
hashimoto,human_expert_1,contingent_responsiveness,69,69,0,0,1.0000
hashimoto,human_expert_2,local_coherence,69,69,0,0,1.0000
hashimoto,human_expert_2,transition_quality,69,69,0,0,1.0000
hashimoto,human_expert_2,contingent_responsiveness,69,69,0,0,1.0000
llmrei-long,llm_expert_1,local_coherence,69,69,0,0,1.0000
llmrei-long,llm_expert_1,transition_quality,69,69,0,0,1.0000
llmrei-long,llm_expert_1,contingent_responsiveness,69,69,0,0,1.0000
llmrei-long,llm_expert_2,local_coherence,69,69,0,0,1.0000
llmrei-long,llm_expert_2,transition_quality,69,69,0,0,1.0000
llmrei-long,llm_expert_2,contingent_responsiveness,69,69,0,0,1.0000
llmrei-long,human_expert_1,local_coherence,69,69,0,0,1.0000
llmrei-long,human_expert_1,transition_quality,69,69,0,0,1.0000
llmrei-long,human_expert_1,contingent_responsiveness,69,69,0,0,1.0000
llmrei-long,human_expert_2,local_coherence,69,69,0,0,1.0000
llmrei-long,human_expert_2,transition_quality,69,69,0,0,1.0000
llmrei-long,human_expert_2,contingent_responsiveness,69,69,0,0,1.0000
sparkme,llm_expert_1,local_coherence,69,69,0,0,1.0000
sparkme,llm_expert_1,transition_quality,69,69,0,0,1.0000
sparkme,llm_expert_1,contingent_responsiveness,69,69,0,0,1.0000
sparkme,llm_expert_2,local_coherence,69,69,0,0,1.0000
sparkme,llm_expert_2,transition_quality,69,69,0,0,1.0000
sparkme,llm_expert_2,contingent_responsiveness,69,69,0,0,1.0000
sparkme,human_expert_1,local_coherence,69,69,0,0,1.0000
sparkme,human_expert_1,transition_quality,69,69,0,0,1.0000
sparkme,human_expert_1,contingent_responsiveness,69,69,0,0,1.0000
sparkme,human_expert_2,local_coherence,69,69,0,0,1.0000
sparkme,human_expert_2,transition_quality,69,69,0,0,1.0000
sparkme,human_expert_2,contingent_responsiveness,69,69,0,0,1.0000
proposed_method,llm_expert_1,local_coherence,69,69,0,0,1.0000
proposed_method,llm_expert_1,transition_quality,69,69,0,0,1.0000
proposed_method,llm_expert_1,contingent_responsiveness,69,69,0,0,1.0000
proposed_method,llm_expert_2,local_coherence,69,69,0,0,1.0000
proposed_method,llm_expert_2,transition_quality,69,69,0,0,1.0000
proposed_method,llm_expert_2,contingent_responsiveness,69,69,0,0,1.0000
proposed_method,human_expert_1,local_coherence,69,69,0,0,1.0000
proposed_method,human_expert_1,transition_quality,69,69,0,0,1.0000
proposed_method,human_expert_1,contingent_responsiveness,69,69,0,0,1.0000
proposed_method,human_expert_2,local_coherence,69,69,0,0,1.0000
proposed_method,human_expert_2,transition_quality,69,69,0,0,1.0000
proposed_method,human_expert_2,contingent_responsiveness,69,69,0,0,1.0000
