rater_id,dimension,method_a,method_b,n_pairs,mean_difference,median_difference,n_a_higher,n_equal,n_b_higher,ci_low,ci_high,bootstrap_valid_repeats,reason
llm_expert_1,local_coherence,hashimoto,llmrei-long,69,-0.7971,-1.0000,3,24,42,-1.0145,-0.5942,10000,
llm_expert_1,local_coherence,hashimoto,sparkme,69,-0.3333,0.0000,11,30,28,-0.5507,-0.1301,10000,
llm_expert_1,local_coherence,hashimoto,proposed_method,69,-1.5507,-1.0000,0,3,66,-1.7391,-1.3768,10000,
llm_expert_1,local_coherence,llmrei-long,sparkme,69,0.4638,0.0000,30,34,5,0.2899,0.6522,10000,
llm_expert_1,local_coherence,llmrei-long,proposed_method,69,-0.7536,-1.0000,3,16,50,-0.8986,-0.5942,10000,
llm_expert_1,local_coherence,sparkme,proposed_method,69,-1.2174,-1.0000,0,6,63,-1.3623,-1.0725,10000,
llm_expert_1,transition_quality,hashimoto,llmrei-long,69,-1.0290,-1.0000,4,9,56,-1.2174,-0.8406,10000,
llm_expert_1,transition_quality,hashimoto,sparkme,69,-0.9420,-1.0000,2,19,48,-1.1449,-0.7391,10000,
llm_expert_1,transition_quality,hashimoto,proposed_method,69,-1.6377,-2.0000,0,2,67,-1.7971,-1.4783,10000,
llm_expert_1,transition_quality,llmrei-long,sparkme,69,0.0870,0.0000,17,41,11,-0.0725,0.2464,10000,
llm_expert_1,transition_quality,llmrei-long,proposed_method,69,-0.6087,-1.0000,1,33,35,-0.7826,-0.4348,10000,
llm_expert_1,transition_quality,sparkme,proposed_method,69,-0.6957,-1.0000,2,28,39,-0.8699,-0.5214,10000,
llm_expert_1,contingent_responsiveness,hashimoto,llmrei-long,69,-0.8696,-1.0000,3,23,43,-1.0870,-0.6522,10000,
llm_expert_1,contingent_responsiveness,hashimoto,sparkme,69,-0.2609,0.0000,14,27,28,-0.4928,-0.0290,10000,
llm_expert_1,contingent_responsiveness,hashimoto,proposed_method,69,-1.7246,-2.0000,0,3,66,-1.9275,-1.5362,10000,
llm_expert_1,contingent_responsiveness,llmrei-long,sparkme,69,0.6087,1.0000,39,28,2,0.4493,0.7681,10000,
llm_expert_1,contingent_responsiveness,llmrei-long,proposed_method,69,-0.8551,-1.0000,0,16,53,-0.9855,-0.7246,10000,
llm_expert_1,contingent_responsiveness,sparkme,proposed_method,69,-1.4638,-1.0000,0,1,68,-1.6087,-1.3188,10000,
llm_expert_2,local_coherence,hashimoto,llmrei-long,69,-0.7536,-1.0000,3,26,40,-0.9710,-0.5507,10000,
llm_expert_2,local_coherence,hashimoto,sparkme,69,-0.2899,0.0000,11,32,26,-0.4928,-0.0870,10000,
llm_expert_2,local_coherence,hashimoto,proposed_method,69,-1.5362,-1.0000,0,4,65,-1.7246,-1.3478,10000,
llm_expert_2,local_coherence,llmrei-long,sparkme,69,0.4638,0.0000,32,32,5,0.2899,0.6377,10000,
llm_expert_2,local_coherence,llmrei-long,proposed_method,69,-0.7826,-1.0000,1,18,50,-0.9130,-0.6377,10000,
llm_expert_2,local_coherence,sparkme,proposed_method,69,-1.2464,-1.0000,0,6,63,-1.3913,-1.1014,10000,
llm_expert_2,transition_quality,hashimoto,llmrei-long,69,-1.1014,-1.0000,2,8,59,-1.2754,-0.9275,10000,
llm_expert_2,transition_quality,hashimoto,sparkme,69,-0.9565,-1.0000,2,19,48,-1.1594,-0.7536,10000,
llm_expert_2,transition_quality,hashimoto,proposed_method,69,-1.6377,-2.0000,0,3,66,-1.8116,-1.4493,10000,
llm_expert_2,transition_quality,llmrei-long,sparkme,69,0.1449,0.0000,19,41,9,-0.0145,0.3043,10000,
llm_expert_2,transition_quality,llmrei-long,proposed_method,69,-0.5362,0.0000,1,35,33,-0.6957,-0.3768,10000,
llm_expert_2,transition_quality,sparkme,proposed_method,69,-0.6812,-1.0000,3,24,42,-0.8551,-0.5072,10000,
llm_expert_2,contingent_responsiveness,hashimoto,llmrei-long,69,-0.8696,-1.0000,2,24,43,-1.0870,-0.6667,10000,
llm_expert_2,contingent_responsiveness,hashimoto,sparkme,69,-0.2464,0.0000,15,25,29,-0.4783,-0.0290,10000,
llm_expert_2,contingent_responsiveness,hashimoto,proposed_method,69,-1.6667,-2.0000,0,3,66,-1.8551,-1.4928,10000,
llm_expert_2,contingent_responsiveness,llmrei-long,sparkme,69,0.6232,1.0000,40,27,2,0.4638,0.7826,10000,
llm_expert_2,contingent_responsiveness,llmrei-long,proposed_method,69,-0.7971,-1.0000,1,15,53,-0.9130,-0.6667,10000,
llm_expert_2,contingent_responsiveness,sparkme,proposed_method,69,-1.4203,-1.0000,0,4,65,-1.5652,-1.2609,10000,
human_expert_1,local_coherence,hashimoto,llmrei-long,69,-1.3478,-1.0000,0,13,56,-1.5652,-1.1304,10000,
human_expert_1,local_coherence,hashimoto,sparkme,69,-0.3188,0.0000,12,28,29,-0.5507,-0.0870,10000,
human_expert_1,local_coherence,hashimoto,proposed_method,69,-1.6812,-2.0000,0,4,65,-1.8696,-1.4928,10000,
human_expert_1,local_coherence,llmrei-long,sparkme,69,1.0290,1.0000,53,15,1,0.8551,1.2029,10000,
human_expert_1,local_coherence,llmrei-long,proposed_method,69,-0.3333,0.0000,2,43,24,-0.4638,-0.2029,10000,
human_expert_1,local_coherence,sparkme,proposed_method,69,-1.3623,-1.0000,0,2,67,-1.5072,-1.2319,10000,
human_expert_1,transition_quality,hashimoto,llmrei-long,69,-1.1884,-1.0000,0,8,61,-1.3478,-1.0290,10000,
human_expert_1,transition_quality,hashimoto,sparkme,69,-1.2899,-1.0000,0,9,60,-1.4783,-1.1014,10000,
human_expert_1,transition_quality,hashimoto,proposed_method,69,-1.5217,-1.0000,0,3,66,-1.7101,-1.3333,10000,
human_expert_1,transition_quality,llmrei-long,sparkme,69,-0.1014,0.0000,8,45,16,-0.2464,0.0435,10000,
human_expert_1,transition_quality,llmrei-long,proposed_method,69,-0.3333,0.0000,4,40,25,-0.4783,-0.1884,10000,
human_expert_1,transition_quality,sparkme,proposed_method,69,-0.2319,0.0000,6,44,19,-0.3913,-0.0870,10000,
human_expert_1,contingent_responsiveness,hashimoto,llmrei-long,69,-1.0870,-1.0000,1,13,55,-1.2754,-0.9130,10000,
human_expert_1,contingent_responsiveness,hashimoto,sparkme,69,-0.3768,0.0000,12,26,31,-0.5942,-0.1594,10000,
human_expert_1,contingent_responsiveness,hashimoto,proposed_method,69,-1.7826,-2.0000,0,2,67,-1.9420,-1.6087,10000,
human_expert_1,contingent_responsiveness,llmrei-long,sparkme,69,0.7101,1.0000,37,32,0,0.5362,0.8986,10000,
human_expert_1,contingent_responsiveness,llmrei-long,proposed_method,69,-0.6957,-1.0000,2,19,48,-0.8261,-0.5652,10000,
human_expert_1,contingent_responsiveness,sparkme,proposed_method,69,-1.4058,-1.0000,0,5,64,-1.5507,-1.2464,10000,
human_expert_2,local_coherence,hashimoto,llmrei-long,69,-1.2029,-1.0000,2,16,51,-1.4348,-0.9710,10000,
human_expert_2,local_coherence,hashimoto,sparkme,69,-0.3043,0.0000,10,34,25,-0.5217,-0.0870,10000,
human_expert_2,local_coherence,hashimoto,proposed_method,69,-1.6377,-1.0000,0,1,68,-1.8261,-1.4638,10000,
human_expert_2,local_coherence,llmrei-long,sparkme,69,0.8986,1.0000,49,18,2,0.7101,1.0870,10000,
human_expert_2,local_coherence,llmrei-long,proposed_method,69,-0.4348,0.0000,2,37,30,-0.5797,-0.2899,10000,
human_expert_2,local_coherence,sparkme,proposed_method,69,-1.3333,-1.0000,0,2,67,-1.4638,-1.2029,10000,
human_expert_2,transition_quality,hashimoto,llmrei-long,69,-1.2174,-1.0000,0,6,63,-1.3623,-1.0725,10000,
human_expert_2,transition_quality,hashimoto,sparkme,69,-1.2319,-1.0000,0,10,59,-1.4058,-1.0580,10000,
human_expert_2,transition_quality,hashimoto,proposed_method,69,-1.9275,-2.0000,0,0,69,-2.1014,-1.7678,10000,
human_expert_2,transition_quality,llmrei-long,sparkme,69,-0.0145,0.0000,10,49,10,-0.1453,0.1159,10000,
human_expert_2,transition_quality,llmrei-long,proposed_method,69,-0.7101,-1.0000,1,23,45,-0.8551,-0.5652,10000,
human_expert_2,transition_quality,sparkme,proposed_method,69,-0.6957,-1.0000,3,23,43,-0.8696,-0.5217,10000,
human_expert_2,contingent_responsiveness,hashimoto,llmrei-long,69,-0.8841,-1.0000,1,24,44,-1.0870,-0.6812,10000,
human_expert_2,contingent_responsiveness,hashimoto,sparkme,69,-0.4783,0.0000,9,26,34,-0.6812,-0.2609,10000,
human_expert_2,contingent_responsiveness,hashimoto,proposed_method,69,-1.8261,-2.0000,0,1,68,-2.0145,-1.6377,10000,
human_expert_2,contingent_responsiveness,llmrei-long,sparkme,69,0.4058,0.0000,27,40,2,0.2609,0.5507,10000,
human_expert_2,contingent_responsiveness,llmrei-long,proposed_method,69,-0.9420,-1.0000,0,11,58,-1.0580,-0.8261,10000,
human_expert_2,contingent_responsiveness,sparkme,proposed_method,69,-1.3478,-1.0000,0,3,66,-1.4928,-1.2029,10000,
