method_id,rater_id,dimension,n,mean,median,q1,q3
hashimoto,llm_expert_1,local_coherence,69,2.3188,2.0000,2.0000,3.0000
hashimoto,llm_expert_1,transition_quality,69,1.8261,2.0000,1.0000,2.0000
hashimoto,llm_expert_1,contingent_responsiveness,69,2.1594,2.0000,2.0000,3.0000
hashimoto,llm_expert_2,local_coherence,69,2.3333,2.0000,2.0000,3.0000
hashimoto,llm_expert_2,transition_quality,69,1.7971,2.0000,1.0000,2.0000
hashimoto,llm_expert_2,contingent_responsiveness,69,2.1594,2.0000,2.0000,3.0000
hashimoto,human_expert_1,local_coherence,69,2.2899,2.0000,2.0000,3.0000
hashimoto,human_expert_1,transition_quality,69,1.8696,2.0000,2.0000,2.0000
hashimoto,human_expert_1,contingent_responsiveness,69,2.0870,2.0000,2.0000,3.0000
hashimoto,human_expert_2,local_coherence,69,2.3623,2.0000,2.0000,3.0000
hashimoto,human_expert_2,transition_quality,69,1.7826,2.0000,1.0000,2.0000
hashimoto,human_expert_2,contingent_responsiveness,69,2.1449,2.0000,2.0000,3.0000
llmrei-long,llm_expert_1,local_coherence,69,3.1159,3.0000,3.0000,3.0000
llmrei-long,llm_expert_1,transition_quality,69,2.8551,3.0000,3.0000,3.0000
llmrei-long,llm_expert_1,contingent_responsiveness,69,3.0290,3.0000,3.0000,3.0000
llmrei-long,llm_expert_2,local_coherence,69,3.0870,3.0000,3.0000,3.0000
llmrei-long,llm_expert_2,transition_quality,69,2.8986,3.0000,3.0000,3.0000
llmrei-long,llm_expert_2,contingent_responsiveness,69,3.0290,3.0000,3.0000,3.0000
llmrei-long,human_expert_1,local_coherence,69,3.6377,4.0000,3.0000,4.0000
llmrei-long,human_expert_1,transition_quality,69,3.0580,3.0000,3.0000,3.0000
llmrei-long,human_expert_1,contingent_responsiveness,69,3.1739,3.0000,3.0000,3.0000
llmrei-long,human_expert_2,local_coherence,69,3.5652,4.0000,3.0000,4.0000
llmrei-long,human_expert_2,transition_quality,69,3.0000,3.0000,3.0000,3.0000
llmrei-long,human_expert_2,contingent_responsiveness,69,3.0290,3.0000,3.0000,3.0000
sparkme,llm_expert_1,local_coherence,69,2.6522,3.0000,2.0000,3.0000
sparkme,llm_expert_1,transition_quality,69,2.7681,3.0000,2.0000,3.0000
sparkme,llm_expert_1,contingent_responsiveness,69,2.4203,2.0000,2.0000,3.0000
sparkme,llm_expert_2,local_coherence,69,2.6232,3.0000,2.0000,3.0000
sparkme,llm_expert_2,transition_quality,69,2.7536,3.0000,2.0000,3.0000
sparkme,llm_expert_2,contingent_responsiveness,69,2.4058,2.0000,2.0000,3.0000
sparkme,human_expert_1,local_coherence,69,2.6087,3.0000,2.0000,3.0000
sparkme,human_expert_1,transition_quality,69,3.1594,3.0000,3.0000,3.0000
sparkme,human_expert_1,contingent_responsiveness,69,2.4638,2.0000,2.0000,3.0000
sparkme,human_expert_2,local_coherence,69,2.6667,3.0000,2.0000,3.0000
sparkme,human_expert_2,transition_quality,69,3.0145,3.0000,3.0000,3.0000
sparkme,human_expert_2,contingent_responsiveness,69,2.6232,3.0000,2.0000,3.0000
proposed_method,llm_expert_1,local_coherence,69,3.8696,4.0000,4.0000,4.0000
proposed_method,llm_expert_1,transition_quality,69,3.4638,3.0000,3.0000,4.0000
proposed_method,llm_expert_1,contingent_responsiveness,69,3.8841,4.0000,4.0000,4.0000
proposed_method,llm_expert_2,local_coherence,69,3.8696,4.0000,4.0000,4.0000
proposed_method,llm_expert_2,transition_quality,69,3.4348,3.0000,3.0000,4.0000
proposed_method,llm_expert_2,contingent_responsiveness,69,3.8261,4.0000,4.0000,4.0000
proposed_method,human_expert_1,local_coherence,69,3.9710,4.0000,4.0000,4.0000
proposed_method,human_expert_1,transition_quality,69,3.3913,3.0000,3.0000,4.0000
proposed_method,human_expert_1,contingent_responsiveness,69,3.8696,4.0000,4.0000,4.0000
proposed_method,human_expert_2,local_coherence,69,4.0000,4.0000,4.0000,4.0000
proposed_method,human_expert_2,transition_quality,69,3.7101,4.0000,3.0000,4.0000
proposed_method,human_expert_2,contingent_responsiveness,69,3.9710,4.0000,4.0000,4.0000
