method_id,rater_id,dimension,score,count,proportion
hashimoto,llm_expert_1,local_coherence,1,10,0.1449
hashimoto,llm_expert_1,local_coherence,2,27,0.3913
hashimoto,llm_expert_1,local_coherence,3,32,0.4638
hashimoto,llm_expert_1,local_coherence,4,0,0.0000
hashimoto,llm_expert_1,local_coherence,5,0,0.0000
hashimoto,llm_expert_1,transition_quality,1,18,0.2609
hashimoto,llm_expert_1,transition_quality,2,45,0.6522
hashimoto,llm_expert_1,transition_quality,3,6,0.0870
hashimoto,llm_expert_1,transition_quality,4,0,0.0000
hashimoto,llm_expert_1,transition_quality,5,0,0.0000
hashimoto,llm_expert_1,contingent_responsiveness,1,14,0.2029
hashimoto,llm_expert_1,contingent_responsiveness,2,30,0.4348
hashimoto,llm_expert_1,contingent_responsiveness,3,25,0.3623
hashimoto,llm_expert_1,contingent_responsiveness,4,0,0.0000
hashimoto,llm_expert_1,contingent_responsiveness,5,0,0.0000
hashimoto,llm_expert_2,local_coherence,1,10,0.1449
hashimoto,llm_expert_2,local_coherence,2,26,0.3768
hashimoto,llm_expert_2,local_coherence,3,33,0.4783
hashimoto,llm_expert_2,local_coherence,4,0,0.0000
hashimoto,llm_expert_2,local_coherence,5,0,0.0000
hashimoto,llm_expert_2,transition_quality,1,19,0.2754
hashimoto,llm_expert_2,transition_quality,2,45,0.6522
hashimoto,llm_expert_2,transition_quality,3,5,0.0725
hashimoto,llm_expert_2,transition_quality,4,0,0.0000
hashimoto,llm_expert_2,transition_quality,5,0,0.0000
hashimoto,llm_expert_2,contingent_responsiveness,1,13,0.1884
hashimoto,llm_expert_2,contingent_responsiveness,2,32,0.4638
hashimoto,llm_expert_2,contingent_responsiveness,3,24,0.3478
hashimoto,llm_expert_2,contingent_responsiveness,4,0,0.0000
hashimoto,llm_expert_2,contingent_responsiveness,5,0,0.0000
hashimoto,human_expert_1,local_coherence,1,9,0.1304
hashimoto,human_expert_1,local_coherence,2,33,0.4783
hashimoto,human_expert_1,local_coherence,3,25,0.3623
hashimoto,human_expert_1,local_coherence,4,2,0.0290
hashimoto,human_expert_1,local_coherence,5,0,0.0000
hashimoto,human_expert_1,transition_quality,1,15,0.2174
hashimoto,human_expert_1,transition_quality,2,48,0.6957
hashimoto,human_expert_1,transition_quality,3,6,0.0870
hashimoto,human_expert_1,transition_quality,4,0,0.0000
hashimoto,human_expert_1,transition_quality,5,0,0.0000
hashimoto,human_expert_1,contingent_responsiveness,1,12,0.1739
hashimoto,human_expert_1,contingent_responsiveness,2,39,0.5652
hashimoto,human_expert_1,contingent_responsiveness,3,18,0.2609
hashimoto,human_expert_1,contingent_responsiveness,4,0,0.0000
hashimoto,human_expert_1,contingent_responsiveness,5,0,0.0000
hashimoto,human_expert_2,local_coherence,1,10,0.1449
hashimoto,human_expert_2,local_coherence,2,25,0.3623
hashimoto,human_expert_2,local_coherence,3,33,0.4783
hashimoto,human_expert_2,local_coherence,4,1,0.0145
hashimoto,human_expert_2,local_coherence,5,0,0.0000
hashimoto,human_expert_2,transition_quality,1,18,0.2609
hashimoto,human_expert_2,transition_quality,2,48,0.6957
hashimoto,human_expert_2,transition_quality,3,3,0.0435
hashimoto,human_expert_2,transition_quality,4,0,0.0000
hashimoto,human_expert_2,transition_quality,5,0,0.0000
hashimoto,human_expert_2,contingent_responsiveness,1,13,0.1884
hashimoto,human_expert_2,contingent_responsiveness,2,33,0.4783
hashimoto,human_expert_2,contingent_responsiveness,3,23,0.3333
hashimoto,human_expert_2,contingent_responsiveness,4,0,0.0000
hashimoto,human_expert_2,contingent_responsiveness,5,0,0.0000
llmrei-long,llm_expert_1,local_coherence,1,0,0.0000
llmrei-long,llm_expert_1,local_coherence,2,5,0.0725
llmrei-long,llm_expert_1,local_coherence,3,51,0.7391
llmrei-long,llm_expert_1,local_coherence,4,13,0.1884
llmrei-long,llm_expert_1,local_coherence,5,0,0.0000
llmrei-long,llm_expert_1,transition_quality,1,0,0.0000
llmrei-long,llm_expert_1,transition_quality,2,12,0.1739
llmrei-long,llm_expert_1,transition_quality,3,55,0.7971
llmrei-long,llm_expert_1,transition_quality,4,2,0.0290
llmrei-long,llm_expert_1,transition_quality,5,0,0.0000
llmrei-long,llm_expert_1,contingent_responsiveness,1,0,0.0000
llmrei-long,llm_expert_1,contingent_responsiveness,2,4,0.0580
llmrei-long,llm_expert_1,contingent_responsiveness,3,59,0.8551
llmrei-long,llm_expert_1,contingent_responsiveness,4,6,0.0870
llmrei-long,llm_expert_1,contingent_responsiveness,5,0,0.0000
llmrei-long,llm_expert_2,local_coherence,1,0,0.0000
llmrei-long,llm_expert_2,local_coherence,2,5,0.0725
llmrei-long,llm_expert_2,local_coherence,3,53,0.7681
llmrei-long,llm_expert_2,local_coherence,4,11,0.1594
llmrei-long,llm_expert_2,local_coherence,5,0,0.0000
llmrei-long,llm_expert_2,transition_quality,1,0,0.0000
llmrei-long,llm_expert_2,transition_quality,2,8,0.1159
llmrei-long,llm_expert_2,transition_quality,3,60,0.8696
llmrei-long,llm_expert_2,transition_quality,4,1,0.0145
llmrei-long,llm_expert_2,transition_quality,5,0,0.0000
llmrei-long,llm_expert_2,contingent_responsiveness,1,0,0.0000
llmrei-long,llm_expert_2,contingent_responsiveness,2,4,0.0580
llmrei-long,llm_expert_2,contingent_responsiveness,3,59,0.8551
llmrei-long,llm_expert_2,contingent_responsiveness,4,6,0.0870
llmrei-long,llm_expert_2,contingent_responsiveness,5,0,0.0000
llmrei-long,human_expert_1,local_coherence,1,0,0.0000
llmrei-long,human_expert_1,local_coherence,2,1,0.0145
llmrei-long,human_expert_1,local_coherence,3,23,0.3333
llmrei-long,human_expert_1,local_coherence,4,45,0.6522
llmrei-long,human_expert_1,local_coherence,5,0,0.0000
llmrei-long,human_expert_1,transition_quality,1,0,0.0000
llmrei-long,human_expert_1,transition_quality,2,3,0.0435
llmrei-long,human_expert_1,transition_quality,3,59,0.8551
llmrei-long,human_expert_1,transition_quality,4,7,0.1014
llmrei-long,human_expert_1,transition_quality,5,0,0.0000
llmrei-long,human_expert_1,contingent_responsiveness,1,0,0.0000
llmrei-long,human_expert_1,contingent_responsiveness,2,2,0.0290
llmrei-long,human_expert_1,contingent_responsiveness,3,53,0.7681
llmrei-long,human_expert_1,contingent_responsiveness,4,14,0.2029
llmrei-long,human_expert_1,contingent_responsiveness,5,0,0.0000
llmrei-long,human_expert_2,local_coherence,1,0,0.0000
llmrei-long,human_expert_2,local_coherence,2,2,0.0290
llmrei-long,human_expert_2,local_coherence,3,26,0.3768
llmrei-long,human_expert_2,local_coherence,4,41,0.5942
llmrei-long,human_expert_2,local_coherence,5,0,0.0000
llmrei-long,human_expert_2,transition_quality,1,0,0.0000
llmrei-long,human_expert_2,transition_quality,2,3,0.0435
llmrei-long,human_expert_2,transition_quality,3,63,0.9130
llmrei-long,human_expert_2,transition_quality,4,3,0.0435
llmrei-long,human_expert_2,transition_quality,5,0,0.0000
llmrei-long,human_expert_2,contingent_responsiveness,1,0,0.0000
llmrei-long,human_expert_2,contingent_responsiveness,2,3,0.0435
llmrei-long,human_expert_2,contingent_responsiveness,3,61,0.8841
llmrei-long,human_expert_2,contingent_responsiveness,4,5,0.0725
llmrei-long,human_expert_2,contingent_responsiveness,5,0,0.0000
sparkme,llm_expert_1,local_coherence,1,1,0.0145
sparkme,llm_expert_1,local_coherence,2,23,0.3333
sparkme,llm_expert_1,local_coherence,3,44,0.6377
sparkme,llm_expert_1,local_coherence,4,1,0.0145
sparkme,llm_expert_1,local_coherence,5,0,0.0000
sparkme,llm_expert_1,transition_quality,1,0,0.0000
sparkme,llm_expert_1,transition_quality,2,22,0.3188
sparkme,llm_expert_1,transition_quality,3,41,0.5942
sparkme,llm_expert_1,transition_quality,4,6,0.0870
sparkme,llm_expert_1,transition_quality,5,0,0.0000
sparkme,llm_expert_1,contingent_responsiveness,1,3,0.0435
sparkme,llm_expert_1,contingent_responsiveness,2,34,0.4928
sparkme,llm_expert_1,contingent_responsiveness,3,32,0.4638
sparkme,llm_expert_1,contingent_responsiveness,4,0,0.0000
sparkme,llm_expert_1,contingent_responsiveness,5,0,0.0000
sparkme,llm_expert_2,local_coherence,1,1,0.0145
sparkme,llm_expert_2,local_coherence,2,25,0.3623
sparkme,llm_expert_2,local_coherence,3,42,0.6087
sparkme,llm_expert_2,local_coherence,4,1,0.0145
sparkme,llm_expert_2,local_coherence,5,0,0.0000
sparkme,llm_expert_2,transition_quality,1,0,0.0000
sparkme,llm_expert_2,transition_quality,2,23,0.3333
sparkme,llm_expert_2,transition_quality,3,40,0.5797
sparkme,llm_expert_2,transition_quality,4,6,0.0870
sparkme,llm_expert_2,transition_quality,5,0,0.0000
sparkme,llm_expert_2,contingent_responsiveness,1,3,0.0435
sparkme,llm_expert_2,contingent_responsiveness,2,35,0.5072
sparkme,llm_expert_2,contingent_responsiveness,3,31,0.4493
sparkme,llm_expert_2,contingent_responsiveness,4,0,0.0000
sparkme,llm_expert_2,contingent_responsiveness,5,0,0.0000
sparkme,human_expert_1,local_coherence,1,1,0.0145
sparkme,human_expert_1,local_coherence,2,25,0.3623
sparkme,human_expert_1,local_coherence,3,43,0.6232
sparkme,human_expert_1,local_coherence,4,0,0.0000
sparkme,human_expert_1,local_coherence,5,0,0.0000
sparkme,human_expert_1,transition_quality,1,0,0.0000
sparkme,human_expert_1,transition_quality,2,5,0.0725
sparkme,human_expert_1,transition_quality,3,48,0.6957
sparkme,human_expert_1,transition_quality,4,16,0.2319
sparkme,human_expert_1,transition_quality,5,0,0.0000
sparkme,human_expert_1,contingent_responsiveness,1,2,0.0290
sparkme,human_expert_1,contingent_responsiveness,2,33,0.4783
sparkme,human_expert_1,contingent_responsiveness,3,34,0.4928
sparkme,human_expert_1,contingent_responsiveness,4,0,0.0000
sparkme,human_expert_1,contingent_responsiveness,5,0,0.0000
sparkme,human_expert_2,local_coherence,1,1,0.0145
sparkme,human_expert_2,local_coherence,2,22,0.3188
sparkme,human_expert_2,local_coherence,3,45,0.6522
sparkme,human_expert_2,local_coherence,4,1,0.0145
sparkme,human_expert_2,local_coherence,5,0,0.0000
sparkme,human_expert_2,transition_quality,1,0,0.0000
sparkme,human_expert_2,transition_quality,2,9,0.1304
sparkme,human_expert_2,transition_quality,3,50,0.7246
sparkme,human_expert_2,transition_quality,4,10,0.1449
sparkme,human_expert_2,transition_quality,5,0,0.0000
sparkme,human_expert_2,contingent_responsiveness,1,1,0.0145
sparkme,human_expert_2,contingent_responsiveness,2,24,0.3478
sparkme,human_expert_2,contingent_responsiveness,3,44,0.6377
sparkme,human_expert_2,contingent_responsiveness,4,0,0.0000
sparkme,human_expert_2,contingent_responsiveness,5,0,0.0000
proposed_method,llm_expert_1,local_coherence,1,0,0.0000
proposed_method,llm_expert_1,local_coherence,2,0,0.0000
proposed_method,llm_expert_1,local_coherence,3,9,0.1304
proposed_method,llm_expert_1,local_coherence,4,60,0.8696
proposed_method,llm_expert_1,local_coherence,5,0,0.0000
proposed_method,llm_expert_1,transition_quality,1,0,0.0000
proposed_method,llm_expert_1,transition_quality,2,0,0.0000
proposed_method,llm_expert_1,transition_quality,3,37,0.5362
proposed_method,llm_expert_1,transition_quality,4,32,0.4638
proposed_method,llm_expert_1,transition_quality,5,0,0.0000
proposed_method,llm_expert_1,contingent_responsiveness,1,0,0.0000
proposed_method,llm_expert_1,contingent_responsiveness,2,0,0.0000
proposed_method,llm_expert_1,contingent_responsiveness,3,10,0.1449
proposed_method,llm_expert_1,contingent_responsiveness,4,57,0.8261
proposed_method,llm_expert_1,contingent_responsiveness,5,2,0.0290
proposed_method,llm_expert_2,local_coherence,1,0,0.0000
proposed_method,llm_expert_2,local_coherence,2,0,0.0000
proposed_method,llm_expert_2,local_coherence,3,9,0.1304
proposed_method,llm_expert_2,local_coherence,4,60,0.8696
proposed_method,llm_expert_2,local_coherence,5,0,0.0000
proposed_method,llm_expert_2,transition_quality,1,0,0.0000
proposed_method,llm_expert_2,transition_quality,2,0,0.0000
proposed_method,llm_expert_2,transition_quality,3,39,0.5652
proposed_method,llm_expert_2,transition_quality,4,30,0.4348
proposed_method,llm_expert_2,transition_quality,5,0,0.0000
proposed_method,llm_expert_2,contingent_responsiveness,1,0,0.0000
proposed_method,llm_expert_2,contingent_responsiveness,2,0,0.0000
proposed_method,llm_expert_2,contingent_responsiveness,3,12,0.1739
proposed_method,llm_expert_2,contingent_responsiveness,4,57,0.8261
proposed_method,llm_expert_2,contingent_responsiveness,5,0,0.0000
proposed_method,human_expert_1,local_coherence,1,0,0.0000
proposed_method,human_expert_1,local_coherence,2,0,0.0000
proposed_method,human_expert_1,local_coherence,3,3,0.0435
proposed_method,human_expert_1,local_coherence,4,65,0.9420
proposed_method,human_expert_1,local_coherence,5,1,0.0145
proposed_method,human_expert_1,transition_quality,1,0,0.0000
proposed_method,human_expert_1,transition_quality,2,0,0.0000
proposed_method,human_expert_1,transition_quality,3,43,0.6232
proposed_method,human_expert_1,transition_quality,4,25,0.3623
proposed_method,human_expert_1,transition_quality,5,1,0.0145
proposed_method,human_expert_1,contingent_responsiveness,1,0,0.0000
proposed_method,human_expert_1,contingent_responsiveness,2,0,0.0000
proposed_method,human_expert_1,contingent_responsiveness,3,9,0.1304
proposed_method,human_expert_1,contingent_responsiveness,4,60,0.8696
proposed_method,human_expert_1,contingent_responsiveness,5,0,0.0000
proposed_method,human_expert_2,local_coherence,1,0,0.0000
proposed_method,human_expert_2,local_coherence,2,0,0.0000
proposed_method,human_expert_2,local_coherence,3,3,0.0435
proposed_method,human_expert_2,local_coherence,4,63,0.9130
proposed_method,human_expert_2,local_coherence,5,3,0.0435
proposed_method,human_expert_2,transition_quality,1,0,0.0000
proposed_method,human_expert_2,transition_quality,2,0,0.0000
proposed_method,human_expert_2,transition_quality,3,22,0.3188
proposed_method,human_expert_2,transition_quality,4,45,0.6522
proposed_method,human_expert_2,transition_quality,5,2,0.0290
proposed_method,human_expert_2,contingent_responsiveness,1,0,0.0000
proposed_method,human_expert_2,contingent_responsiveness,2,0,0.0000
proposed_method,human_expert_2,contingent_responsiveness,3,7,0.1014
proposed_method,human_expert_2,contingent_responsiveness,4,57,0.8261
proposed_method,human_expert_2,contingent_responsiveness,5,5,0.0725
